{"type":"FeatureCollection","name":"GEM Global Active Faults (regional clip)","license":"CC BY-SA 4.0 — GEM Foundation Global Active Faults Database (Styron & Pagani 2020), https://github.com/GEMScienceTools/gem-global-active-faults","clip_bbox":{"lat":[25.0,43.0],"lon":[34.0,54.0]},"features":[{"type":"Feature","properties":{"catalog_name":"Macgregor_AfricaFaults","catalog_id":"EAF_1495"},"geometry":{"type":"LineString","coordinates":[[36.4404,25.0591],[35.9605,23.5513]]}},{"type":"Feature","properties":{"catalog_name":"Macgregor_AfricaFaults","catalog_id":"EAF_1495"},"geometry":{"type":"LineString","coordinates":[[36.1662,25.4643],[34.8636,26.9178],[34.418,27.5306]]}},{"type":"Feature","properties":{"catalog_name":"Macgregor_AfricaFaults","catalog_id":"EAF_1495"},"geometry":{"type":"LineString","coordinates":[[36.2005,25.5266],[35.892,24.0874]]}},{"type":"Feature","properties":{"slip_type":"Reverse","catalog_name":"EMME","catalog_id":"ME_GRCS696","net_slip_rate":"(0.8,0.19,1.5)"},"geometry":{"type":"LineString","coordinates":[[33.2678,35.3152],[33.3608,35.2156],[33.4538,35.1161],[33.5584,35.0383],[33.6935,34.924],[33.8601,34.8438],[33.9965,34.7845],[34.1278,34.7393],[34.3049,34.6941],[34.4876,34.6944],[34.6564,34.7192],[34.8422,34.737],[35.0137,34.7863],[35.1142,34.8074],[35.2147,34.8286]]}},{"type":"Feature","properties":{"slip_type":"Reverse","catalog_name":"EMME","catalog_id":"ME_GRCS698","net_slip_rate":"(0.8,0.14,1.5)"},"geometry":{"type":"LineString","coordinates":[[33.4068,34.8445],[33.4463,34.8111],[33.4859,34.7776],[33.5336,34.7521],[33.5814,34.7267],[33.6423,34.6932],[33.7032,34.6598],[33.7537,34.641],[33.8042,34.6223],[33.854,34.617],[33.9037,34.6117],[33.964,34.589],[34.0344,34.575],[34.0797,34.557],[34.125,34.539],[34.1804,34.5199],[34.2359,34.5008],[34.298,34.4988],[34.36,34.4967]]}},{"type":"Feature","properties":{"slip_type":"Dextral","catalog_name":"EMME","catalog_id":"ME_TRCS001","net_slip_rate":"(13.5,1.0,25.9613)"},"geometry":{"type":"LineString","coordinates":[[40.5481,39.4141],[40.5875,39.4018],[40.627,39.3896],[40.6664,39.3774],[40.7088,39.3802],[40.7511,39.3831],[40.7935,39.386],[40.8359,39.3845],[40.8784,39.383],[40.9208,39.3816],[40.9603,39.3693],[40.9997,39.357],[41.0391,39.3448],[41.0846,39.3313],[41.1301,39.3178]]}},{"type":"Feature","properties":{"slip_type":"Dextral","catalog_name":"EMME","catalog_id":"ME_TRCS002","net_slip_rate":"None"},"geometry":{"type":"LineString","coordinates":[[39.7224,39.6731],[39.7519,39.6399],[39.8168,39.6106],[39.8742,39.599],[39.9315,39.5891],[39.9888,39.5744],[40.0453,39.5582],[40.1019,39.542],[40.1599,39.5293],[40.2179,39.5165],[40.2757,39.5033],[40.3335,39.4902],[40.3894,39.4726],[40.4452,39.4551],[40.4969,39.4389],[40.5486,39.4227]]}},{"type":"Feature","properties":{"slip_type":"Dextral","catalog_name":"EMME","catalog_id":"ME_TRCS003","net_slip_rate":"(22.4,19.0,25.7031)"},"geometry":{"type":"LineString","coordinates":[[36.3832,40.5492],[36.5017,40.5395],[36.6197,40.5519],[36.7339,40.5261],[36.8528,40.5199],[36.9704,40.5059],[37.0637,40.4496],[37.1773,40.4227],[37.2909,40.3958],[37.4044,40.3689],[37.5179,40.3421],[37.6313,40.3152],[37.7447,40.2884],[37.858,40.2615],[37.9695,40.2304],[38.0809,40.1994],[38.1923,40.1684],[38.3006,40.1318],[38.407,40.092],[38.5133,40.0522],[38.627,40.0273],[38.7405,40.0019],[38.854,39.9766],[38.9671,39.9506],[39.0786,39.9207],[39.1901,39.8909],[39.3053,39.8617],[39.4018,39.8242],[39.4981,39.7795],[39.6031,39.7385],[39.7087,39.6985]]}},{"type":"Feature","properties":{"slip_type":"Dextral","catalog_name":"EMME","catalog_id":"ME_TRCS004","net_slip_rate":"(2.0,1.0013,3.0004)"},"geometry":{"type":"LineString","coordinates":[[34.0937,39.9273],[34.195,39.9717],[34.2964,40.0161],[34.3978,40.0605],[34.4992,40.105],[34.6007,40.1495],[34.7022,40.194],[34.809,40.2307],[34.9172,40.2652],[35.0254,40.2996],[35.1337,40.3341],[35.242,40.3685],[35.3503,40.403],[35.4587,40.4375],[35.5672,40.472],[35.6757,40.5066],[35.8084,40.5505],[35.9525,40.5745],[36.1605,40.572],[36.3495,40.5518]]}},{"type":"Feature","properties":{"slip_type":"Dextral","catalog_name":"EMME","catalog_id":"ME_TRCS005","net_slip_rate":"None"},"geometry":{"type":"LineString","coordinates":[[36.6583,40.7125],[36.714,40.689],[36.7697,40.6655],[36.8253,40.6421],[36.881,40.6186],[36.9402,40.6009],[36.9995,40.5833],[37.0624,40.5765],[37.1254,40.5697],[37.1877,40.5601],[37.25,40.5504],[37.3032,40.5291],[37.3563,40.5077]]}},{"type":"Feature","properties":{"slip_type":"Dextral","catalog_name":"EMME","catalog_id":"ME_TRCS006","net_slip_rate":"(25.0,24.2,25.8008)"},"geometry":{"type":"LineString","coordinates":[[33.1974,40.9131],[33.3052,40.9219],[33.3909,40.9611],[33.5243,40.9921],[33.6395,41.0106],[33.7546,41.0291],[33.8702,41.0461],[33.987,41.0581],[34.1037,41.0702],[34.2205,41.0822],[34.3373,41.0942],[34.4485,41.1237],[34.5663,41.1202],[34.6827,41.106],[34.7993,41.1191],[34.9167,41.1109],[35.0341,41.1027],[35.1518,41.0972],[35.2697,41.0953],[35.3875,41.0934],[35.4997,41.0663],[35.6059,41.0278],[35.7166,40.9977],[35.8249,40.9628],[35.927,40.9188],[36.0425,40.9022],[36.1526,40.8712],[36.2583,40.8325],[36.3672,40.7992],[36.4782,40.7705],[36.5892,40.7418],[36.6508,40.7258]]}},{"type":"Feature","properties":{"slip_type":"Sinistral","catalog_name":"EMME","catalog_id":"ME_TRCS045","net_slip_rate":"(8.1,8.1,8.1)"},"geometry":{"type":"LineString","coordinates":[[40.8971,39.1607],[40.9359,39.1869],[40.9748,39.2131],[41.0136,39.2392],[41.0524,39.2654],[41.0913,39.2916],[41.1301,39.3178]]}},{"type":"Feature","properties":{"slip_type":"Sinistral","catalog_name":"EMME","catalog_id":"ME_TRCS046","net_slip_rate":"(8.1,8.1,8.1)"},"geometry":{"type":"LineString","coordinates":[[40.532,38.8535],[40.5725,38.882],[40.6131,38.9105],[40.6482,38.9431],[40.6833,38.9757],[40.7283,38.9999],[40.7733,39.0241],[40.801,39.0608],[40.8287,39.0975],[40.8643,39.1242],[40.9,39.1509]]}},{"type":"Feature","properties":{"slip_type":"Sinistral-Reverse","catalog_name":"EMME","catalog_id":"ME_TRCS047","net_slip_rate":"(4.1,0.1,8.1)"},"geometry":{"type":"LineString","coordinates":[[40.0634,38.7376],[40.1232,38.7321],[40.183,38.7265],[40.2428,38.7208],[40.3026,38.7152],[40.3626,38.7121],[40.4227,38.7091],[40.4797,38.7245],[40.5366,38.7398],[40.5882,38.7641],[40.6398,38.7884],[40.6798,38.8072],[40.7198,38.8261]]}},{"type":"Feature","properties":{"slip_type":"Sinistral","catalog_name":"EMME","catalog_id":"ME_TRCS049","net_slip_rate":"(10.0,10.0,10.0)"},"geometry":{"type":"LineString","coordinates":[[39.592,38.5571],[39.6336,38.5659],[39.6752,38.5747],[39.7168,38.5835],[39.7548,38.5995],[39.7928,38.6155],[39.8308,38.6315],[39.868,38.6485],[39.9052,38.6656],[39.9425,38.6827],[39.9782,38.6994],[40.014,38.7161],[40.0498,38.7328]]}},{"type":"Feature","properties":{"slip_type":"Sinistral","catalog_name":"EMME","catalog_id":"ME_TRCS051","net_slip_rate":"(10.0,10.0,10.0)"},"geometry":{"type":"LineString","coordinates":[[39.1807,38.3894],[39.2319,38.4083],[39.2831,38.4271],[39.3343,38.4459],[39.3855,38.4648],[39.4367,38.4836],[39.488,38.5025],[39.5392,38.5213],[39.5712,38.533],[39.6018,38.5443]]}},{"type":"Feature","properties":{"slip_type":"Sinistral","catalog_name":"EMME","catalog_id":"ME_TRCS052","net_slip_rate":"(5.5,1.0,10.0)"},"geometry":{"type":"LineString","coordinates":[[38.5226,38.0849],[38.7669,38.1985],[38.7989,38.2185],[38.8309,38.2386],[38.8636,38.258],[38.8963,38.2774],[38.9289,38.2968],[38.966,38.3106],[39.003,38.3244],[39.04,38.3382],[39.0956,38.3473],[39.1511,38.3564]]}},{"type":"Feature","properties":{"slip_type":"Sinistral","catalog_name":"EMME","catalog_id":"ME_TRCS054","net_slip_rate":"(5.5,1.0,9.9)"},"geometry":{"type":"LineString","coordinates":[[37.8663,37.8833],[37.9097,37.8805],[37.968,37.8936],[38.0167,37.9293],[38.0952,37.9527],[38.1569,37.9479],[38.1925,37.9619]]}},{"type":"Feature","properties":{"slip_type":"Sinistral","catalog_name":"EMME","catalog_id":"ME_TRCS055","net_slip_rate":"(9.9,9.9,9.9)"},"geometry":{"type":"LineString","coordinates":[[36.9829,37.465],[37.0386,37.4819],[37.0943,37.4989],[37.15,37.5158],[37.2057,37.5328],[37.2588,37.5543],[37.3119,37.5759],[37.3622,37.6013],[37.4125,37.6268],[37.4563,37.6591],[37.5001,37.6913],[37.5433,37.7231],[37.5866,37.7549]]}},{"type":"Feature","properties":{"slip_type":"Sinistral-Normal","catalog_name":"EMME","catalog_id":"ME_TRCS056","net_slip_rate":"(6.8,6.5,7.1)"},"geometry":{"type":"LineString","coordinates":[[36.3583,36.5706],[36.4183,36.6446],[36.4731,36.7211],[36.5158,36.8025],[36.5604,36.8832],[36.5963,36.9667],[36.6275,37.0514],[36.6742,37.1314],[36.742,37.2012],[36.7888,37.2812],[36.8356,37.3612],[36.8824,37.4413],[36.8944,37.4619]]}},{"type":"Feature","properties":{"slip_type":"Sinistral-Normal","catalog_name":"EMME","catalog_id":"ME_TRCS057","net_slip_rate":"(2.7,1.0,4.4219)"},"geometry":{"type":"LineString","coordinates":[[35.9025,35.9422],[35.9357,35.9731],[35.9689,36.004],[36.0046,36.0331],[36.0402,36.0622],[36.077,36.0903],[36.1138,36.1185],[36.1389,36.154],[36.1641,36.1896],[36.1846,36.2183],[36.2051,36.2471]]}},{"type":"Feature","properties":{"slip_type":"Sinistral-Normal","catalog_name":"EMME","catalog_id":"ME_TRCS059","net_slip_rate":"(3.0,1.0,4.9043)"},"geometry":{"type":"LineString","coordinates":[[36.7919,36.7823],[36.7492,36.7523],[36.7065,36.7224],[36.6692,36.6882],[36.6319,36.654],[36.6192,36.6097],[36.6065,36.5654],[36.5937,36.5211],[36.581,36.4768],[36.5683,36.4325]]}},{"type":"Feature","properties":{"slip_type":"Dextral","catalog_name":"EMME","catalog_id":"ME_TRCS060","net_slip_rate":"(1.0,0.5,1.5)"},"geometry":{"type":"LineString","coordinates":[[36.7555,36.2157],[36.7179,36.2217],[36.6802,36.2276],[36.6426,36.2336],[36.6049,36.2396],[36.5673,36.2455],[36.5296,36.2515]]}},{"type":"Feature","properties":{"slip_type":"Sinistral","catalog_name":"EMME","catalog_id":"ME_TRCS062","net_slip_rate":"(5.5,1.0,9.9)"},"geometry":{"type":"LineString","coordinates":[[37.6441,37.8061],[37.6886,37.8271],[37.7332,37.8481],[37.771,37.8761],[37.8088,37.9042],[37.8562,37.9208],[37.9036,37.9375],[37.9423,37.9486],[37.981,37.9597]]}},{"type":"Feature","properties":{"slip_type":"Sinistral-Normal","catalog_name":"EMME","catalog_id":"ME_TRCS064","net_slip_rate":"(6.8,6.5,7.1)"},"geometry":{"type":"LineString","coordinates":[[35.9082,36.0722],[35.9437,36.1052],[35.9792,36.1382],[36.0148,36.1712],[36.0503,36.2042],[36.0858,36.2372],[36.1213,36.2702],[36.1569,36.3032],[36.1924,36.3363],[36.228,36.3693],[36.2635,36.4023],[36.2793,36.4442],[36.2951,36.486],[36.3315,36.5185],[36.3679,36.551]]}},{"type":"Feature","properties":{"slip_type":"Sinistral-Normal","catalog_name":"EMME","catalog_id":"ME_TRCS065","net_slip_rate":"(3.0,1.0,4.9043)"},"geometry":{"type":"LineString","coordinates":[[37.062,37.0508],[37.0266,37.0401],[36.9912,37.0293],[36.9558,37.0186],[36.9204,37.0078],[36.885,36.997],[36.8496,36.9863],[36.8143,36.9755],[36.7789,36.9648],[36.7435,36.954],[36.7082,36.9433],[36.6728,36.9325],[36.6374,36.9218]]}},{"type":"Feature","properties":{"slip_type":"Sinistral-Normal","catalog_name":"EMME","catalog_id":"ME_TRCS066","net_slip_rate":"(3.0,1.0,4.9043)"},"geometry":{"type":"LineString","coordinates":[[37.0255,36.8548],[36.9779,36.841],[36.9303,36.8271],[36.8827,36.8133],[36.8352,36.7995]]}},{"type":"Feature","properties":{"slip_type":"Dextral","catalog_name":"EMME","catalog_id":"ME_TRCS068","net_slip_rate":"(1.8,0.5,3.0)"},"geometry":{"type":"LineString","coordinates":[[42.2151,39.7829],[42.2732,39.7667],[42.3314,39.7504],[42.39,39.7352],[42.4486,39.72],[42.5089,39.7095],[42.5692,39.6991],[42.6262,39.6807],[42.6833,39.6624],[42.734,39.6353],[42.7919,39.6137],[42.8466,39.5836],[42.8987,39.555],[42.9796,39.4843],[43.0139,39.4475]]}},{"type":"Feature","properties":{"slip_type":"Dextral-Reverse","catalog_name":"EMME","catalog_id":"ME_TRCS070","net_slip_rate":"(1.8,0.5,3.0)"},"geometry":{"type":"LineString","coordinates":[[43.0519,39.3929],[43.0605,39.3518],[43.108,39.3135],[43.1847,39.2647],[43.2622,39.2293]]}},{"type":"Feature","properties":{"slip_type":"Sinistral-Reverse","catalog_name":"EMME","catalog_id":"ME_TRCS071","net_slip_rate":"(3.4,3.0,3.868)"},"geometry":{"type":"LineString","coordinates":[[36.8201,37.5968],[36.8734,37.6005],[36.9268,37.6041],[36.9801,37.6078],[37.0334,37.6115],[37.0867,37.616],[37.1399,37.6205],[37.1835,37.6408],[37.2271,37.6612]]}},{"type":"Feature","properties":{"slip_type":"Sinistral-Reverse","catalog_name":"EMME","catalog_id":"ME_TRCS073","net_slip_rate":"(2.5,1.0,4.0028)"},"geometry":{"type":"LineString","coordinates":[[37.4782,37.9677],[37.5316,37.9648],[37.5836,37.9706],[37.6298,37.9849],[37.6746,38.008],[37.7277,38.0134],[37.7807,38.0189],[37.8342,38.0207],[37.8877,38.0226],[37.9405,38.0159],[37.9933,38.0092],[38.0445,37.9994],[38.0983,37.9938],[38.147,37.9938],[38.1748,37.9969],[38.1905,37.998]]}},{"type":"Feature","properties":{"slip_type":"Dextral","catalog_name":"EMME","catalog_id":"ME_TRCS074","net_slip_rate":"(1.8,0.5,3.0)"},"geometry":{"type":"LineString","coordinates":[[41.5059,39.8658],[41.6587,39.8794],[41.7551,39.8438],[41.8668,39.8202],[42.0102,39.7736],[42.0521,39.712],[42.1559,39.6684],[42.274,39.6629],[42.3855,39.6324],[42.489,39.593],[42.5341,39.5506]]}},{"type":"Feature","properties":{"slip_type":"Sinistral","catalog_name":"EMME","catalog_id":"ME_TRCS075","net_slip_rate":"(1.0,0.5,1.5)"},"geometry":{"type":"LineString","coordinates":[[41.8572,39.9352],[41.9143,39.9501],[41.9714,39.9649],[42.0285,39.9798],[42.0855,39.9946],[42.1427,40.0095],[42.1998,40.0244],[42.2569,40.0392],[42.3141,40.0541],[42.3712,40.069],[42.4284,40.0839],[42.4856,40.0987],[42.5428,40.1136],[42.6,40.1285],[42.6572,40.1434],[42.7145,40.1583],[42.7717,40.1732]]}},{"type":"Feature","properties":{"slip_type":"Sinistral","catalog_name":"EMME","catalog_id":"ME_TRCS076","net_slip_rate":"(1.0,0.5,1.5)"},"geometry":{"type":"LineString","coordinates":[[42.905,40.2602],[42.8484,40.2459],[42.7918,40.2315],[42.7354,40.2166],[42.6791,40.2017],[42.6239,40.1845],[42.5687,40.1672],[42.5115,40.1546],[42.4543,40.142],[42.4002,40.1229],[42.3461,40.1039],[42.2906,40.0874],[42.2351,40.0709],[42.1808,40.0554],[42.1265,40.0399]]}},{"type":"Feature","properties":{"slip_type":"Sinistral","catalog_name":"EMME","catalog_id":"ME_TRCS077","net_slip_rate":"(2.5,2.0,3.0)"},"geometry":{"type":"LineString","coordinates":[[43.1445,40.1975],[43.0898,40.1753],[43.035,40.1531],[42.9803,40.131],[42.9256,40.1088],[42.8715,40.0859],[42.8174,40.063],[42.7612,40.0432],[42.705,40.0234],[42.6486,40.0041],[42.5922,39.9848],[42.5358,39.9655],[42.4795,39.9462],[42.4301,39.9177],[42.3807,39.8893],[42.3228,39.8732],[42.2648,39.857],[42.2103,39.8418],[42.1557,39.8266]]}},{"type":"Feature","properties":{"slip_type":"Sinistral","catalog_name":"EMME","catalog_id":"ME_TRCS078","net_slip_rate":"(2.0,1.0,3.0)"},"geometry":{"type":"LineString","coordinates":[[43.8594,40.8484],[43.8321,40.8093],[43.8047,40.7703],[43.7774,40.7312],[43.7501,40.6922],[43.7227,40.6531],[43.6954,40.6141],[43.6648,40.5765],[43.6341,40.5389],[43.5594,40.4935],[43.3819,40.3624],[43.3427,40.3497],[43.251,40.3051],[43.1883,40.2411]]}},{"type":"Feature","properties":{"slip_type":"Sinistral","catalog_name":"EMME","catalog_id":"ME_TRCS079","net_slip_rate":"(2.5,2.0,3.0)"},"geometry":{"type":"LineString","coordinates":[[43.0988,40.162],[43.1568,40.1617],[43.2243,40.1518],[43.3013,40.1228],[43.4507,40.0982],[43.6049,40.064],[43.6863,40.011]]}},{"type":"Feature","properties":{"slip_type":"Sinistral","catalog_name":"EMME","catalog_id":"ME_TRCS080","net_slip_rate":"(0.8,0.5,1.0)"},"geometry":{"type":"LineString","coordinates":[[42.6113,39.192],[42.6091,39.1575],[42.6068,39.123],[42.6046,39.0884],[42.5854,39.0581],[42.5663,39.0278],[42.5472,38.9976]]}},{"type":"Feature","properties":{"slip_type":"Sinistral","catalog_name":"EMME","catalog_id":"ME_TRCS081","net_slip_rate":"(1.8,0.5,3.0)"},"geometry":{"type":"LineString","coordinates":[[42.3412,39.4566],[42.3146,39.4173],[42.2879,39.3781],[42.235,39.3611],[42.182,39.3441],[42.1254,39.3374],[42.0688,39.3308],[42.0122,39.3241],[41.9555,39.3174],[41.8996,39.3081],[41.8436,39.2988],[41.7992,39.2707],[41.7549,39.2427],[41.7082,39.2172],[41.6614,39.1917],[41.6096,39.186],[41.5578,39.1803]]}},{"type":"Feature","properties":{"slip_type":"Sinistral","catalog_name":"EMME","catalog_id":"ME_TRCS082","net_slip_rate":"(0.8,0.5,1.0)"},"geometry":{"type":"LineString","coordinates":[[42.1289,40.1898],[42.1636,40.226],[42.2022,40.2599],[42.2408,40.2938],[42.2796,40.3276],[42.3185,40.3613],[42.3604,40.3929],[42.4023,40.4245],[42.4437,40.4565],[42.4851,40.4885],[42.5363,40.5108],[42.5876,40.5331],[42.6382,40.5563],[42.6889,40.5794],[42.7395,40.6026],[42.7902,40.6257],[42.8329,40.6452]]}},{"type":"Feature","properties":{"slip_type":"Sinistral","catalog_name":"EMME","catalog_id":"ME_TRCS083","net_slip_rate":"(1.5,1.0,2.0)"},"geometry":{"type":"LineString","coordinates":[[41.7449,39.9745],[41.8121,39.991],[41.88,40.0449],[41.9192,40.0757],[41.9619,40.1036],[42.0047,40.1315],[42.0439,40.1603],[42.0832,40.1891]]}},{"type":"Feature","properties":{"slip_type":"Sinistral","catalog_name":"EMME","catalog_id":"ME_TRCS084","net_slip_rate":"(2.5,2.0,3.0)"},"geometry":{"type":"LineString","coordinates":[[41.0576,39.758],[41.1516,39.81],[41.2457,39.8621],[41.3398,39.9142],[41.434,39.9663],[41.4968,40.0412],[41.5504,40.1202],[41.604,40.1992],[41.6612,40.2768],[41.7186,40.3544],[41.7818,40.4293],[41.8658,40.4913],[41.9445,40.5572],[42.0327,40.6085],[42.0846,40.6541]]}},{"type":"Feature","properties":{"slip_type":"Sinistral","catalog_name":"EMME","catalog_id":"ME_TRCS085","net_slip_rate":"(1.0,0.5,1.5)"},"geometry":{"type":"LineString","coordinates":[[41.9281,40.4867],[41.9813,40.5134],[42.0344,40.54],[42.0739,40.5781],[42.1133,40.6162],[42.1481,40.6568],[42.1828,40.6974],[42.2279,40.7317],[42.2731,40.766],[42.3182,40.8004],[42.3634,40.8347],[42.3991,40.8618],[42.4348,40.8889]]}},{"type":"Feature","properties":{"slip_type":"Sinistral","catalog_name":"EMME","catalog_id":"ME_TRCS086","net_slip_rate":"(0.6,0.25,1.0)"},"geometry":{"type":"LineString","coordinates":[[41.7851,40.1953],[41.8213,40.2265],[41.8576,40.2576],[41.8857,40.2933],[41.9137,40.3291],[41.9309,40.3686],[41.9481,40.4082],[41.9682,40.4453],[41.9943,40.4798],[42.0268,40.5116]]}},{"type":"Feature","properties":{"slip_type":"Sinistral","catalog_name":"EMME","catalog_id":"ME_TRCS087","net_slip_rate":"(0.5,0.25,0.75)"},"geometry":{"type":"LineString","coordinates":[[41.89,40.371],[41.8485,40.3488],[41.807,40.3267],[41.7656,40.3045],[41.7241,40.2823]]}},{"type":"Feature","properties":{"slip_type":"Dextral","catalog_name":"EMME","catalog_id":"ME_TRCS088","net_slip_rate":"(1.8,0.5,3.0)"},"geometry":{"type":"LineString","coordinates":[[41.8625,39.1605],[41.9171,39.1643],[41.9716,39.1681],[42.0262,39.1718],[42.0808,39.1756],[42.1338,39.165],[42.1869,39.1544],[42.2416,39.1519],[42.2963,39.1494],[42.351,39.1502],[42.4058,39.1511],[42.4596,39.1519],[42.5135,39.1528]]}},{"type":"Feature","properties":{"slip_type":"Sinistral","catalog_name":"EMME","catalog_id":"ME_TRCS089","net_slip_rate":"(1.5,1.0,2.0)"},"geometry":{"type":"LineString","coordinates":[[43.029,40.859],[43.0429,40.8912],[43.0569,40.9233],[43.0708,40.9555],[43.0922,40.9852],[43.1137,41.0149],[43.1351,41.0446],[43.1735,41.0587],[43.2118,41.0728],[43.2501,41.087]]}},{"type":"Feature","properties":{"slip_type":"Dextral","catalog_name":"EMME","catalog_id":"ME_TRCS090","net_slip_rate":"(1.0,0.7,1.3)"},"geometry":{"type":"LineString","coordinates":[[44.0906,39.4058],[43.9772,39.4778],[43.9216,39.5196],[43.8341,39.5847],[43.7214,39.6199],[43.6335,39.6848],[43.5337,39.7386],[43.4213,39.7221],[43.3253,39.8255],[43.252,39.9256],[43.1497,40.0515]]}},{"type":"Feature","properties":{"slip_type":"Dextral","catalog_name":"EMME","catalog_id":"ME_TRCS091","net_slip_rate":"(0.8,0.7,1.0)"},"geometry":{"type":"LineString","coordinates":[[43.3991,39.9828],[43.494,39.8398],[43.5441,39.7817],[43.6071,39.747]]}},{"type":"Feature","properties":{"slip_type":"Dextral","catalog_name":"EMME","catalog_id":"ME_TRCS092","net_slip_rate":"(0.8,0.7,1.0)"},"geometry":{"type":"LineString","coordinates":[[43.7771,39.7065],[43.7305,39.7135],[43.6839,39.7206],[43.6372,39.7277],[43.5906,39.7347]]}},{"type":"Feature","properties":{"slip_type":"Dextral","catalog_name":"EMME","catalog_id":"ME_TRCS093","net_slip_rate":"(0.8,0.7,1.0)"},"geometry":{"type":"LineString","coordinates":[[44.6416,39.1589],[44.2548,39.4206],[44.2122,39.4503],[44.1753,39.4843],[44.1384,39.5183],[44.0946,39.547],[44.0507,39.5756],[44.001,39.598],[43.9513,39.6203],[43.9052,39.6468],[43.8591,39.6734],[43.8198,39.6963],[43.7804,39.7193]]}},{"type":"Feature","properties":{"slip_type":"Dextral","catalog_name":"EMME","catalog_id":"ME_TRCS094","net_slip_rate":"(0.8,0.7,1.0)"},"geometry":{"type":"LineString","coordinates":[[44.0482,39.8254],[44.0191,39.8627],[43.9901,39.9001],[43.9555,39.9345],[43.9209,39.969],[43.8899,40.0055],[43.859,40.042],[43.8286,40.0779],[43.7981,40.1138]]}},{"type":"Feature","properties":{"slip_type":"Dextral","catalog_name":"EMME","catalog_id":"ME_TRCS095","net_slip_rate":"(0.8,0.7,1.0)"},"geometry":{"type":"LineString","coordinates":[[43.9461,39.8452],[43.9806,39.8188],[44.0151,39.7924],[44.0496,39.766],[44.0841,39.7396]]}},{"type":"Feature","properties":{"slip_type":"Dextral","catalog_name":"EMME","catalog_id":"ME_TRCS096","net_slip_rate":"(0.8,0.7,1.0)"},"geometry":{"type":"LineString","coordinates":[[44.5593,39.2957],[44.4565,39.3836],[44.4158,39.4138],[44.3751,39.4441],[44.3344,39.4744],[44.302,39.5101],[44.2695,39.5458],[44.2371,39.5816],[44.2048,39.6174],[44.1724,39.6532],[44.14,39.689]]}},{"type":"Feature","properties":{"slip_type":"Dextral","catalog_name":"EMME","catalog_id":"ME_TRCS097","net_slip_rate":"(1.8,0.5,3.0)"},"geometry":{"type":"LineString","coordinates":[[43.3242,39.2148],[43.3534,39.1825],[43.3826,39.1502],[43.4117,39.118],[43.4409,39.0857],[43.4701,39.0534],[43.4992,39.0212],[43.5509,38.9861]]}},{"type":"Feature","properties":{"slip_type":"Dextral","catalog_name":"EMME","catalog_id":"ME_TRCS098","net_slip_rate":"(1.8,0.5,3.0)"},"geometry":{"type":"LineString","coordinates":[[43.9076,38.6906],[43.7874,38.8207],[43.7633,38.8463],[43.7392,38.8719],[43.7164,38.8982],[43.6935,38.9246],[43.6707,38.9509],[43.6425,38.9739],[43.6031,38.9829]]}},{"type":"Feature","properties":{"slip_type":"Dextral","catalog_name":"EMME","catalog_id":"ME_TRCS099","net_slip_rate":"(0.8,0.7,1.0)"},"geometry":{"type":"LineString","coordinates":[[44.2845,38.7307],[44.258,38.7658],[44.2314,38.8009],[44.1934,38.8289],[44.1554,38.8569],[44.1233,38.8891],[44.0912,38.9213],[44.0483,38.9447],[44.0054,38.9681],[43.9607,38.9924]]}},{"type":"Feature","properties":{"slip_type":"Sinistral","catalog_name":"EMME","catalog_id":"ME_TRCS100","net_slip_rate":"(1.0,0.5,1.5)"},"geometry":{"type":"LineString","coordinates":[[42.7337,38.7987],[42.773,38.8282],[42.8122,38.8577],[42.8581,38.8808],[42.9039,38.904],[42.9486,38.9258],[42.9933,38.9477]]}},{"type":"Feature","properties":{"slip_type":"Sinistral","catalog_name":"EMME","catalog_id":"ME_TRCS101","net_slip_rate":"(1.0,0.5,1.5)"},"geometry":{"type":"LineString","coordinates":[[43.154,39.1288],[43.1262,39.0889],[43.0702,39.0611],[43.0374,39.0365],[43.0047,39.0119],[42.972,38.9873]]}},{"type":"Feature","properties":{"slip_type":"Dextral","catalog_name":"EMME","catalog_id":"ME_TRCS103","net_slip_rate":"(2.0,1.0,3.0)"},"geometry":{"type":"LineString","coordinates":[[44.0335,37.634],[44.0903,37.5893],[44.167,37.5276],[44.2622,37.485],[44.3575,37.443],[44.4492,37.396],[44.5317,37.3393],[44.6116,37.2805],[44.6922,37.2223],[44.7599,37.1545],[44.8404,37.0963],[44.9248,37.0418],[45.0385,36.9126],[45.082,36.8113],[45.0906,36.6939]]}},{"type":"Feature","properties":{"slip_type":"Dextral","catalog_name":"EMME","catalog_id":"ME_TRCS104","net_slip_rate":"(0.6,0.25,1.0)"},"geometry":{"type":"LineString","coordinates":[[44.6829,37.444],[44.5756,37.4591],[44.519,37.4708],[44.4741,37.4766],[44.4103,37.4989],[44.3671,37.5248],[44.3232,37.5499]]}},{"type":"Feature","properties":{"slip_type":"Dextral","catalog_name":"EMME","catalog_id":"ME_TRCS105","net_slip_rate":"(0.6,0.25,1.0)"},"geometry":{"type":"LineString","coordinates":[[44.0028,37.694],[43.9501,37.7027],[43.8956,37.692],[43.842,37.7063],[43.7919,37.729],[43.7392,37.7378],[43.6864,37.7466]]}},{"type":"Feature","properties":{"slip_type":"Dextral","catalog_name":"EMME","catalog_id":"ME_TRCS106","net_slip_rate":"(2.1,1.0,3.1832)"},"geometry":{"type":"LineString","coordinates":[[43.8716,37.7979],[43.8953,37.8381],[43.919,37.8782],[43.9427,37.9183],[43.9664,37.9584],[43.9901,37.9985],[44.0133,38.0388],[44.0365,38.0792],[44.0745,38.1119],[44.1124,38.1445],[44.1523,38.1758],[44.1922,38.207],[44.2301,38.2398],[44.268,38.2726],[44.3064,38.305],[44.3448,38.3374],[44.3843,38.369],[44.4237,38.4007],[44.4919,38.4652]]}},{"type":"Feature","properties":{"slip_type":"Reverse","catalog_name":"EMME","catalog_id":"ME_TRCS107","net_slip_rate":"(2.1,1.0642,3.0542)"},"geometry":{"type":"LineString","coordinates":[[42.4268,38.5259],[42.5348,38.5069],[42.6429,38.488],[42.7535,38.4859],[42.8591,38.5119],[42.9364,38.45],[42.921,38.3642],[43.0112,38.2667],[43.1208,38.277]]}},{"type":"Feature","properties":{"slip_type":"Dextral-Reverse","catalog_name":"EMME","catalog_id":"ME_TRCS108","net_slip_rate":"(1.8,1.0,2.5724)"},"geometry":{"type":"LineString","coordinates":[[43.0736,38.5405],[43.0312,38.5546],[42.9888,38.5686],[42.9464,38.5827],[42.9039,38.5968],[42.8615,38.6109],[42.8191,38.625]]}},{"type":"Feature","properties":{"slip_type":"Dextral-Reverse","catalog_name":"EMME","catalog_id":"ME_TRCS109","net_slip_rate":"(1.2,0.5,2.0)"},"geometry":{"type":"LineString","coordinates":[[42.8195,38.7311],[42.7666,38.7237],[42.7136,38.7163],[42.6607,38.7089],[42.6077,38.7015]]}},{"type":"Feature","properties":{"slip_type":"Reverse","catalog_name":"EMME","catalog_id":"ME_TRCS112","net_slip_rate":"(1.6,0.25,3.0)"},"geometry":{"type":"LineString","coordinates":[[41.2453,38.9201],[41.3187,38.9071],[41.3406,38.8953],[41.4103,38.8741],[41.4776,38.8805],[41.5464,38.8666],[41.6167,38.8525],[41.6584,38.8231],[41.697,38.8117],[41.7416,38.7809],[41.7721,38.7628],[41.813,38.7429],[41.8587,38.7444],[41.9011,38.7233],[41.9328,38.7015],[41.9533,38.6921],[42.0019,38.6856]]}},{"type":"Feature","properties":{"slip_type":"Sinistral","catalog_name":"EMME","catalog_id":"ME_TRCS113","net_slip_rate":"(1.5,1.0,2.0)"},"geometry":{"type":"LineString","coordinates":[[42.1418,40.3746],[42.1753,40.4122],[42.2088,40.4498],[42.2423,40.4875],[42.2758,40.5251],[42.3093,40.5628],[42.3428,40.6004],[42.3725,40.6399],[42.4022,40.6794],[42.4559,40.6995],[42.5097,40.7197],[42.55,40.7533],[42.5904,40.7869],[42.633,40.819],[42.6756,40.851],[42.7355,40.903]]}},{"type":"Feature","properties":{"slip_type":"Sinistral","catalog_name":"EMME","catalog_id":"ME_TRCS114","net_slip_rate":"(1.0,0.5,1.5)"},"geometry":{"type":"LineString","coordinates":[[41.3404,39.9991],[41.408,40.0745],[41.4757,40.1498],[41.5295,40.2314],[41.5728,40.3166],[41.6203,40.4006],[41.7057,40.4648],[41.7768,40.5385],[41.8612,40.6036],[41.9406,40.6723],[42.0325,40.7315],[42.1254,40.7898],[42.1925,40.8658],[42.2701,40.9359],[42.3615,40.9958],[42.4556,41.0534],[42.5459,41.1144],[42.6624,41.2258]]}},{"type":"Feature","properties":{"slip_type":"Sinistral","catalog_name":"EMME","catalog_id":"ME_TRCS115","net_slip_rate":"(1.5,0.7,2.3)"},"geometry":{"type":"LineString","coordinates":[[40.3232,39.7847],[40.4395,39.7862],[40.5068,39.8049],[40.5524,39.8343],[40.598,39.8636],[40.6476,39.8888],[40.6972,39.9141],[40.7459,39.9403],[40.7947,39.9665],[40.8435,39.9928],[40.8923,40.019],[40.9408,40.0455],[40.9922,40.0636],[41.0453,40.0864],[41.1055,40.1134]]}},{"type":"Feature","properties":{"slip_type":"Sinistral","catalog_name":"EMME","catalog_id":"ME_TRCS116","net_slip_rate":"(0.6,0.1,1.0)"},"geometry":{"type":"LineString","coordinates":[[42.5521,41.382],[42.5835,41.4032],[42.6149,41.4243],[42.6463,41.4454],[42.6777,41.4666],[42.7092,41.4877],[42.7406,41.5089],[42.7721,41.53],[42.8035,41.5512]]}},{"type":"Feature","properties":{"slip_type":"Sinistral","catalog_name":"EMME","catalog_id":"ME_TRCS117","net_slip_rate":"(0.6,0.1,1.0)"},"geometry":{"type":"LineString","coordinates":[[42.3556,41.1924],[42.394,41.2222],[42.4323,41.2519],[42.4707,41.2817],[42.5091,41.3115],[42.5476,41.3412],[42.586,41.371],[42.6244,41.4008],[42.6629,41.4306],[42.7013,41.4604],[42.7398,41.4902]]}},{"type":"Feature","properties":{"slip_type":"Sinistral","catalog_name":"EMME","catalog_id":"ME_TRCS118","net_slip_rate":"(0.6,0.1,1.0)"},"geometry":{"type":"LineString","coordinates":[[42.5807,41.4406],[42.6206,41.4647],[42.6605,41.4888],[42.7019,41.5115],[42.7434,41.5341],[42.7764,41.5616],[42.8094,41.5891]]}},{"type":"Feature","properties":{"slip_type":"Sinistral-Reverse","catalog_name":"EMME","catalog_id":"ME_TRCS119","net_slip_rate":"(1.5,1.0,2.0)"},"geometry":{"type":"LineString","coordinates":[[41.7384,41.0618],[41.7887,41.0836],[41.8391,41.1054],[41.8895,41.1273],[41.9399,41.1491],[41.9832,41.1783],[42.0265,41.2076],[42.0761,41.2305],[42.1256,41.2534],[42.1785,41.2718],[42.2314,41.2902],[42.2627,41.3271],[42.294,41.3641],[42.3432,41.3877],[42.3923,41.4113],[42.4478,41.4249],[42.5033,41.4386],[42.5243,41.4795],[42.5452,41.5203],[42.5711,41.5555]]}},{"type":"Feature","properties":{"slip_type":"Sinistral","catalog_name":"EMME","catalog_id":"ME_TRCS120","net_slip_rate":"(2.3,2.3,2.3)"},"geometry":{"type":"LineString","coordinates":[[39.5783,40.2031],[39.6948,40.2253],[39.8114,40.2474],[39.9261,40.2747],[40.0409,40.302],[40.1561,40.3282],[40.2712,40.3548],[40.3858,40.3828],[40.5061,40.386],[40.6257,40.3971],[40.7406,40.4246],[40.858,40.4451],[40.9734,40.4713],[41.0498,40.5423],[41.1463,40.5974],[41.2518,40.6421],[41.3551,40.6896],[41.4579,40.738],[41.5245,40.8146],[41.566,40.9007],[41.6001,40.9716]]}},{"type":"Feature","properties":{"slip_type":"Sinistral","catalog_name":"EMME","catalog_id":"ME_TRCS121","net_slip_rate":"(1.3,0.25,2.3)"},"geometry":{"type":"LineString","coordinates":[[41.8365,40.994],[41.8038,40.9635],[41.7711,40.933],[41.7385,40.9024],[41.7058,40.8719],[41.6732,40.8414],[41.6405,40.8108]]}},{"type":"Feature","properties":{"slip_type":"Sinistral","catalog_name":"EMME","catalog_id":"ME_TRCS122","net_slip_rate":"(0.8,0.5,1.0)"},"geometry":{"type":"LineString","coordinates":[[39.3212,40.1072],[39.3784,40.1129],[39.4356,40.1187],[39.4915,40.1078],[39.5474,40.0968],[39.6019,40.1113],[39.6564,40.1258],[39.7108,40.1404],[39.7653,40.155],[39.8198,40.1696],[39.8743,40.1842],[39.9297,40.1966],[39.9852,40.2089],[40.0411,40.2202],[40.0969,40.2315],[40.1528,40.2428],[40.2087,40.2541],[40.3093,40.2745]]}},{"type":"Feature","properties":{"slip_type":"Sinistral","catalog_name":"EMME","catalog_id":"ME_TRCS123","net_slip_rate":"(1.0,0.5,1.5)"},"geometry":{"type":"LineString","coordinates":[[43.2037,41.2873],[43.1834,41.2609],[43.1437,41.2464],[43.1233,41.22],[43.1028,41.1937],[43.0823,41.1675],[43.0619,41.1412],[43.0405,41.1153],[43.0191,41.0895],[42.9757,41.067],[42.9458,41.0382]]}},{"type":"Feature","properties":{"slip_type":"Sinistral","catalog_name":"EMME","catalog_id":"ME_TRCS124","net_slip_rate":"(1.5,1.0,2.0)"},"geometry":{"type":"LineString","coordinates":[[43.0801,41.3013],[43.0465,41.2643],[43.0128,41.2273],[42.9648,41.2006],[42.9168,41.174],[42.8743,41.1575],[42.8317,41.141]]}},{"type":"Feature","properties":{"slip_type":"Sinistral","catalog_name":"EMME","catalog_id":"ME_TRCS125","net_slip_rate":"(0.8,0.5,1.0)"},"geometry":{"type":"LineString","coordinates":[[42.8643,41.2857],[42.8387,41.261],[42.8132,41.2363],[42.7876,41.2116],[42.762,41.1869],[42.7364,41.1622],[42.7109,41.1375],[42.6853,41.1129],[42.6598,41.0882],[42.6342,41.0635]]}},{"type":"Feature","properties":{"slip_type":"Dextral","catalog_name":"EMME","catalog_id":"ME_TRCS126","net_slip_rate":"(2.6,0.25,5.0)"},"geometry":{"type":"LineString","coordinates":[[41.4548,39.1128],[41.4164,39.1395],[41.3779,39.1662],[41.3394,39.1929],[41.301,39.2197],[41.2625,39.2464],[41.224,39.2731]]}},{"type":"Feature","properties":{"slip_type":"Dextral","catalog_name":"EMME","catalog_id":"ME_TRCS128","net_slip_rate":"(1.5,1.0,2.0)"},"geometry":{"type":"LineString","coordinates":[[37.7805,37.6118],[37.8373,37.5965],[37.8942,37.5812],[37.951,37.5659],[38.0078,37.5506],[38.0646,37.5353],[38.1214,37.52],[38.1782,37.5047],[38.235,37.4894],[38.2901,37.4707],[38.3452,37.452],[38.3936,37.424],[38.442,37.3959],[38.4902,37.3677],[38.5383,37.3394],[38.5906,37.3225],[38.6429,37.3055]]}},{"type":"Feature","properties":{"slip_type":"Reverse","catalog_name":"EMME","catalog_id":"ME_TRCS129","net_slip_rate":"(3.7,3.3,4.1)"},"geometry":{"type":"LineString","coordinates":[[42.9031,37.6792],[43.3893,37.5223],[43.6466,37.5017],[43.8263,37.6042],[43.9043,37.591],[44.0245,37.5015],[44.1537,37.4046],[44.2387,37.3397],[44.3305,37.27],[44.3298,37.1509]]}},{"type":"Feature","properties":{"slip_type":"Reverse","catalog_name":"EMME","catalog_id":"ME_TRCS130","net_slip_rate":"(3.7,3.3,4.1)"},"geometry":{"type":"LineString","coordinates":[[41.3988,38.3211],[41.8081,38.1257],[42.5163,37.8773],[42.8591,37.7072]]}},{"type":"Feature","properties":{"slip_type":"Dextral-Reverse","catalog_name":"EMME","catalog_id":"ME_TRCS131","net_slip_rate":"(4.8,4.4008,5.1391)"},"geometry":{"type":"LineString","coordinates":[[40.7439,38.5198],[40.7958,38.5124],[40.8477,38.505],[40.9,38.4995],[40.9523,38.4941],[41.0022,38.4806],[41.0521,38.4672],[41.1004,38.4506],[41.1487,38.4341],[41.1962,38.4163],[41.2438,38.3985],[41.2883,38.3815],[41.3329,38.3644]]}},{"type":"Feature","properties":{"slip_type":"Sinistral-Reverse","catalog_name":"EMME","catalog_id":"ME_TRCS132","net_slip_rate":"None"},"geometry":{"type":"LineString","coordinates":[[40.2581,38.4646],[40.2983,38.4727],[40.3385,38.4807],[40.3786,38.4888],[40.4189,38.4966],[40.4592,38.5045],[40.4994,38.5123],[40.5409,38.5144],[40.5823,38.5165],[40.6237,38.5186],[40.6648,38.5193],[40.706,38.5201],[40.7471,38.5208]]}},{"type":"Feature","properties":{"slip_type":"Reverse","catalog_name":"EMME","catalog_id":"ME_TRCS133","net_slip_rate":"(2.5,1.0,4.062)"},"geometry":{"type":"LineString","coordinates":[[38.223,37.9957],[38.2739,37.9831],[38.3922,37.9835],[38.5083,37.9908],[38.6139,38.0296],[38.7197,38.0682],[38.8261,38.1059],[38.9308,38.1464],[39.0308,38.1938],[39.1436,38.2177],[39.2604,38.2169],[39.3771,38.2117],[39.4861,38.2448],[39.5904,38.2863],[39.6929,38.3306],[39.7905,38.3813],[39.8517,38.4596],[39.9466,38.5136],[40.0516,38.5546],[40.1337,38.5866]]}},{"type":"Feature","properties":{"slip_type":"Dextral","catalog_name":"EMME","catalog_id":"ME_TRCS134","net_slip_rate":"(2.0,1.0,3.0)"},"geometry":{"type":"LineString","coordinates":[[41.854,38.4934],[41.7756,38.5018],[41.7459,38.5104],[41.6878,38.5238],[41.6364,38.5466],[41.5798,38.5612],[41.52,38.5723],[41.4653,38.5916],[41.4089,38.6086],[41.3854,38.6384],[41.3447,38.6606],[41.2871,38.6813],[41.2303,38.7126],[41.1327,38.7459],[40.9656,38.841]]}},{"type":"Feature","properties":{"slip_type":"Dextral-Reverse","catalog_name":"EMME","catalog_id":"ME_TRCS135","net_slip_rate":"(1.6,0.0001,3.1131)"},"geometry":{"type":"LineString","coordinates":[[43.1935,38.3499],[43.2476,38.3416],[43.3017,38.3333],[43.3569,38.3335],[43.412,38.3337],[43.4573,38.3541],[43.5025,38.3745]]}},{"type":"Feature","properties":{"slip_type":"Sinistral","catalog_name":"EMME","catalog_id":"ME_TRCS136","net_slip_rate":"(0.6,0.1,1.0)"},"geometry":{"type":"LineString","coordinates":[[34.7644,37.2468],[34.7978,37.3313],[34.8314,37.4158],[34.8869,37.4926],[34.9689,37.5528],[35.0029,37.6372],[35.0214,37.7246],[35.0708,37.8042],[35.1126,37.8864],[35.14,37.9723],[35.1741,38.0567],[35.2183,38.1382],[35.2496,38.1959]]}},{"type":"Feature","properties":{"slip_type":"Sinistral","catalog_name":"EMME","catalog_id":"ME_TRCS137","net_slip_rate":"(0.3,0.2,0.4)"},"geometry":{"type":"LineString","coordinates":[[34.272,37.1633],[34.3223,37.1902],[34.3726,37.217],[34.423,37.2439],[34.4733,37.2708],[34.5144,37.3063],[34.5555,37.3418],[34.6072,37.3671],[34.6589,37.3925],[34.7035,37.4252],[34.7482,37.4579],[34.7846,37.4746],[34.8209,37.4912]]}},{"type":"Feature","properties":{"slip_type":"Dextral","catalog_name":"EMME","catalog_id":"ME_TRCS138","net_slip_rate":"(0.9,0.25,1.5)"},"geometry":{"type":"LineString","coordinates":[[34.9827,37.8194],[34.8716,37.7983],[34.7574,37.801],[34.6552,37.8414],[34.5759,37.9064],[34.4764,37.951],[34.3777,37.9967],[34.3158,38.0727],[34.2466,38.1447],[34.1774,38.2167],[34.1082,38.2888],[34.0365,38.3594],[33.9611,38.4275],[33.8856,38.4958],[33.8179,38.5688],[33.7534,38.6437],[33.6889,38.7186],[33.6244,38.7935],[33.6057,38.8826],[33.5378,38.9558],[33.4465,39.0115],[33.417,39.0988],[33.3346,39.1626]]}},{"type":"Feature","properties":{"slip_type":"Dextral","catalog_name":"EMME","catalog_id":"ME_TRCS139","net_slip_rate":"(1.2,0.5,2.0)"},"geometry":{"type":"LineString","coordinates":[[40.4049,38.9482],[40.4439,38.9157],[40.483,38.8832],[40.5175,38.8478],[40.552,38.8124]]}},{"type":"Feature","properties":{"slip_type":"Dextral","catalog_name":"EMME","catalog_id":"ME_TRCS140","net_slip_rate":"(2.6,0.25,5.0)"},"geometry":{"type":"LineString","coordinates":[[40.0963,39.0488],[40.1458,39.03],[40.1996,39.0211],[40.2535,39.0122],[40.3044,38.9958],[40.3552,38.9794],[40.4026,38.972],[40.45,38.9646]]}},{"type":"Feature","properties":{"slip_type":"Dextral","catalog_name":"EMME","catalog_id":"ME_TRCS141","net_slip_rate":"(2.6,0.25,5.0)"},"geometry":{"type":"LineString","coordinates":[[39.3569,39.2274],[39.4136,39.2163],[39.4702,39.2052],[39.5287,39.2036],[39.5871,39.202],[39.6449,39.1951],[39.7026,39.1881],[39.7584,39.1747],[39.8142,39.1612],[39.8661,39.1404],[39.918,39.1197],[39.9699,39.0989],[40.0218,39.0782],[40.0706,39.0747],[40.1193,39.0712]]}},{"type":"Feature","properties":{"slip_type":"Dextral","catalog_name":"EMME","catalog_id":"ME_TRCS146","net_slip_rate":"(1.2,0.5,2.0)"},"geometry":{"type":"LineString","coordinates":[[40.3284,39.0637],[40.3778,39.0513],[40.4264,39.0383],[40.4652,39.0177],[40.504,38.9923],[40.5419,38.9646],[40.5903,38.9383]]}},{"type":"Feature","properties":{"slip_type":"Sinistral","catalog_name":"EMME","catalog_id":"ME_TRCS147","net_slip_rate":"(2.3,2.3,2.3)"},"geometry":{"type":"LineString","coordinates":[[39.3978,39.8843],[39.4538,39.8856],[39.5086,39.8947],[39.5633,39.9038],[39.6164,39.9178],[39.6694,39.9317],[39.7247,39.9391],[39.78,39.9464],[39.8358,39.9507],[39.8916,39.955],[39.9474,39.9596],[40.0032,39.9642],[40.0576,39.9748],[40.1119,39.9854],[40.1637,40.002],[40.2155,40.0186],[40.2627,40.0419],[40.3099,40.0652],[40.385,40.1056]]}},{"type":"Feature","properties":{"slip_type":"Normal","catalog_name":"EMME","catalog_id":"ME_TRCS149","net_slip_rate":"(1.3,0.55,2.0)"},"geometry":{"type":"LineString","coordinates":[[40.7979,39.3411],[40.8225,39.3125],[40.8471,39.2838],[40.8716,39.2552],[40.8682,39.2224],[40.8647,39.1896],[40.8613,39.1567]]}},{"type":"Feature","properties":{"slip_type":"Dextral","catalog_name":"EMME","catalog_id":"ME_TRCS151","net_slip_rate":"(1.6,0.25,3.0)"},"geometry":{"type":"LineString","coordinates":[[40.6969,38.5457],[40.6492,38.5581],[40.6016,38.5705],[40.5609,38.5935],[40.5202,38.6164],[40.4772,38.6367],[40.4342,38.6569]]}},{"type":"Feature","properties":{"slip_type":"Sinistral","catalog_name":"EMME","catalog_id":"ME_TRCS152","net_slip_rate":"(1.0,0.5,1.5)"},"geometry":{"type":"LineString","coordinates":[[40.4903,39.0562],[40.5257,39.0767],[40.5501,39.099],[40.5797,39.1347],[40.6246,39.1586],[40.6719,39.165]]}},{"type":"Feature","properties":{"slip_type":"Sinistral","catalog_name":"EMME","catalog_id":"ME_TRCS155","net_slip_rate":"(1.0,0.5,1.5)"},"geometry":{"type":"LineString","coordinates":[[40.5047,39.1706],[40.5318,39.1896],[40.5698,39.2196],[40.6054,39.2513],[40.6409,39.283],[40.6729,39.3105],[40.7049,39.338]]}},{"type":"Feature","properties":{"slip_type":"Sinistral-Reverse","catalog_name":"EMME","catalog_id":"ME_TRCS156","net_slip_rate":"(1.2,0.5,2.0)"},"geometry":{"type":"LineString","coordinates":[[40.1814,39.0771],[40.2213,39.0805],[40.2613,39.0839],[40.3012,39.0873],[40.3371,39.1014],[40.3729,39.1156],[40.4087,39.1297],[40.4536,39.1479],[40.4985,39.1661]]}},{"type":"Feature","properties":{"slip_type":"Dextral-Normal","catalog_name":"EMME","catalog_id":"ME_TRCS160","net_slip_rate":"(2.1,1.0,3.1672)"},"geometry":{"type":"LineString","coordinates":[[38.8726,39.2726],[38.9375,39.2808],[38.9898,39.3026],[39.0421,39.3245],[39.0942,39.3467],[39.1463,39.3689],[39.1997,39.3891],[39.2531,39.4094],[39.3073,39.4284],[39.3616,39.4473],[39.4175,39.4632],[39.4733,39.4792],[39.5281,39.4974],[39.5828,39.5156],[39.6325,39.5223],[39.685,39.5281],[39.7243,39.5425],[39.7592,39.5481]]}},{"type":"Feature","properties":{"slip_type":"Sinistral","catalog_name":"EMME","catalog_id":"ME_TRCS161","net_slip_rate":"(1.5,1.0,2.0696)"},"geometry":{"type":"LineString","coordinates":[[39.029,39.2533],[39.0707,39.2794],[39.1123,39.3056],[39.158,39.3274],[39.2037,39.3492],[39.2503,39.346],[39.2969,39.3427]]}},{"type":"Feature","properties":{"slip_type":"Sinistral","catalog_name":"EMME","catalog_id":"ME_TRCS163","net_slip_rate":"(1.6,1.0,2.2655)"},"geometry":{"type":"LineString","coordinates":[[38.6164,39.1206],[38.5638,39.0843],[38.5237,39.0741],[38.4888,39.0529],[38.461,39.0296],[38.4358,39.0057],[38.4098,38.9831],[38.3564,38.9798]]}},{"type":"Feature","properties":{"slip_type":"Sinistral","catalog_name":"EMME","catalog_id":"ME_TRCS164","net_slip_rate":"(2.1,1.0,3.1635)"},"geometry":{"type":"LineString","coordinates":[[38.3847,39.1439],[38.4007,39.1836],[38.4091,39.2247],[38.4175,39.2658],[38.4135,39.3073],[38.4095,39.3487],[38.418,39.3898],[38.4265,39.4309],[38.4048,39.4543],[38.383,39.4777]]}},{"type":"Feature","properties":{"slip_type":"Dextral","catalog_name":"EMME","catalog_id":"ME_TRCS165","net_slip_rate":"(2.1,1.0,3.1635)"},"geometry":{"type":"LineString","coordinates":[[37.4948,37.9895],[37.5929,38.0375],[37.6969,38.0769],[37.792,38.1286],[37.8733,38.1933],[37.9266,38.274],[37.9756,38.3564],[38.0245,38.4389],[38.0715,38.5221],[38.1317,38.5999],[38.1695,38.6859],[38.2008,38.7735],[38.2305,38.8614],[38.2691,38.9472],[38.3086,39.0307],[38.3851,39.0984]]}},{"type":"Feature","properties":{"slip_type":"Dextral","catalog_name":"EMME","catalog_id":"ME_TRCS166","net_slip_rate":"(2.0,1.0,3.0)"},"geometry":{"type":"LineString","coordinates":[[38.4113,39.1186],[38.4498,39.1339],[38.4883,39.1493],[38.5268,39.1647],[38.57,39.1666],[38.6132,39.1686],[38.6565,39.1705],[38.6989,39.177],[38.7414,39.1836],[38.7839,39.1901],[38.8213,39.2043],[38.8586,39.2184],[38.9585,39.2305]]}},{"type":"Feature","properties":{"slip_type":"Sinistral","catalog_name":"EMME","catalog_id":"ME_TRCS168","net_slip_rate":"(0.3,0.2,0.4)"},"geometry":{"type":"LineString","coordinates":[[37.0317,39.5667],[36.9734,39.5548],[36.915,39.5428],[36.8567,39.5309],[36.7984,39.519],[36.7406,39.5057],[36.6827,39.4925],[36.6282,39.4727],[36.5736,39.453],[36.519,39.4333],[36.4644,39.4136],[36.4171,39.3881],[36.3645,39.3695],[36.318,39.3475],[36.2769,39.3242],[36.23,39.295],[36.1831,39.2659],[36.134,39.239],[36.085,39.2121],[35.9936,39.1571]]}},{"type":"Feature","properties":{"slip_type":"Sinistral","catalog_name":"EMME","catalog_id":"ME_TRCS169","net_slip_rate":"(0.3,0.2,0.4)"},"geometry":{"type":"LineString","coordinates":[[37.0434,39.3937],[36.856,39.3504],[36.7532,39.303],[36.6523,39.2534],[36.5406,39.2205],[36.4265,39.1931],[36.3136,39.1631],[36.1977,39.141],[36.0811,39.1214],[35.9853,39.0663],[35.8977,39.0153]]}},{"type":"Feature","properties":{"slip_type":"Sinistral","catalog_name":"EMME","catalog_id":"ME_TRCS170","net_slip_rate":"(0.3,0.2,0.4)"},"geometry":{"type":"LineString","coordinates":[[37.9785,39.5369],[37.867,39.5139],[37.7529,39.5006],[37.638,39.5083],[37.5234,39.5187],[37.416,39.4862],[37.3041,39.4646],[37.1952,39.4355],[37.0863,39.4063]]}},{"type":"Feature","properties":{"slip_type":"Sinistral","catalog_name":"EMME","catalog_id":"ME_TRCS171","net_slip_rate":"(0.3,0.2,0.4)"},"geometry":{"type":"LineString","coordinates":[[36.26,39.8159],[36.2093,39.7933],[36.1585,39.7708],[36.1134,39.7421],[36.0682,39.7134],[36.0315,39.6783],[35.9948,39.6433],[35.9558,39.6097],[35.9168,39.5762],[35.8778,39.5426],[35.8388,39.5091],[35.7998,39.4756],[35.7608,39.442],[35.7223,39.4089],[35.6837,39.3757]]}},{"type":"Feature","properties":{"slip_type":"Sinistral","catalog_name":"EMME","catalog_id":"ME_TRCS172","net_slip_rate":"(0.3,0.2,0.4)"},"geometry":{"type":"LineString","coordinates":[[35.2328,39.2645],[35.2709,39.2911],[35.309,39.3177],[35.3472,39.3443],[35.3853,39.3709],[35.4235,39.3975],[35.4616,39.4241]]}},{"type":"Feature","properties":{"slip_type":"Sinistral","catalog_name":"EMME","catalog_id":"ME_TRCS173","net_slip_rate":"(0.3,0.2,0.4)"},"geometry":{"type":"LineString","coordinates":[[37.1297,39.9616],[37.0703,39.9533],[37.0109,39.945],[36.9518,39.9357],[36.8927,39.9264],[36.8336,39.917],[36.7745,39.9075],[36.7181,39.8912],[36.6617,39.8748],[36.6038,39.8617],[36.546,39.8487],[36.4897,39.8321],[36.4334,39.8155],[36.3839,39.7891],[36.3344,39.7627],[36.2748,39.7563],[36.2152,39.7499],[36.166,39.7232],[36.1168,39.6965],[36.0592,39.6632]]}},{"type":"Feature","properties":{"slip_type":"Sinistral","catalog_name":"EMME","catalog_id":"ME_TRCS174","net_slip_rate":"(0.3,0.2,0.4)"},"geometry":{"type":"LineString","coordinates":[[36.676,39.8396],[36.6266,39.8334],[36.5773,39.8273],[36.5333,39.809],[36.4894,39.7907],[36.4437,39.7773],[36.398,39.7639]]}},{"type":"Feature","properties":{"slip_type":"Sinistral","catalog_name":"EMME","catalog_id":"ME_TRCS175","net_slip_rate":"(0.3,0.2,0.4)"},"geometry":{"type":"LineString","coordinates":[[35.9284,39.746],[35.9602,39.7638],[35.9921,39.7816],[36.0239,39.7994],[36.0591,39.813],[36.0943,39.8266],[36.1295,39.8403],[36.1652,39.8531],[36.2008,39.8659],[36.2365,39.8787]]}},{"type":"Feature","properties":{"slip_type":"Sinistral","catalog_name":"EMME","catalog_id":"ME_TRCS177","net_slip_rate":"(0.3,0.2,0.4)"},"geometry":{"type":"LineString","coordinates":[[35.5947,39.6156],[35.6362,39.6291],[35.6777,39.6427],[35.7192,39.6562],[35.7569,39.6746],[35.7945,39.6931],[35.8322,39.7116]]}},{"type":"Feature","properties":{"slip_type":"Sinistral","catalog_name":"EMME","catalog_id":"ME_TRCS178","net_slip_rate":"(0.3,0.2,0.4)"},"geometry":{"type":"LineString","coordinates":[[35.1171,39.2989],[35.153,39.3318],[35.1889,39.3648],[35.2248,39.3977],[35.2607,39.4306],[35.2966,39.4635],[35.3325,39.4965],[35.3752,39.5241],[35.418,39.5518],[35.4465,39.5888],[35.475,39.6258],[35.5255,39.6444],[35.576,39.6629],[35.6179,39.6814],[35.6599,39.7]]}},{"type":"Feature","properties":{"slip_type":"Sinistral","catalog_name":"EMME","catalog_id":"ME_TRCS179","net_slip_rate":"(1.0,1.0,1.0)"},"geometry":{"type":"LineString","coordinates":[[35.7624,38.9867],[35.6645,38.933],[35.5667,38.8794],[35.469,38.8258],[35.3712,38.7722],[35.2735,38.7187],[35.1851,38.6562],[35.122,38.5772],[35.0589,38.4982],[35.0755,38.406],[35.0992,38.3148],[35.1186,38.2229],[35.1289,38.1301],[35.1383,38.0449]]}},{"type":"Feature","properties":{"slip_type":"Sinistral","catalog_name":"EMME","catalog_id":"ME_TRCS180","net_slip_rate":"(0.3,0.2,0.4)"},"geometry":{"type":"LineString","coordinates":[[35.3513,38.0788],[35.3693,38.1159],[35.3874,38.1531],[35.4054,38.1902],[35.4235,38.2273],[35.4415,38.2644],[35.4596,38.3016],[35.4776,38.3387],[35.4957,38.3758]]}},{"type":"Feature","properties":{"slip_type":"Sinistral","catalog_name":"EMME","catalog_id":"ME_TRCS181","net_slip_rate":"(0.3,0.2,0.4)"},"geometry":{"type":"LineString","coordinates":[[35.5934,38.7346],[35.6324,38.7637],[35.6714,38.7929],[35.7104,38.8222],[35.7494,38.8514],[35.7885,38.8806],[35.8275,38.9098],[35.8665,38.939],[35.9056,38.9683]]}},{"type":"Feature","properties":{"slip_type":"Sinistral","catalog_name":"EMME","catalog_id":"ME_TRCS182","net_slip_rate":"(0.3,0.2,0.4)"},"geometry":{"type":"LineString","coordinates":[[34.8768,38.7307],[34.9229,38.7452],[34.9691,38.7596],[35.0153,38.7741],[35.0614,38.7886],[35.1076,38.8031],[35.1538,38.8175]]}},{"type":"Feature","properties":{"slip_type":"Sinistral","catalog_name":"EMME","catalog_id":"ME_TRCS183","net_slip_rate":"(0.3,0.2,0.4)"},"geometry":{"type":"LineString","coordinates":[[35.3368,38.9064],[35.2989,38.8998],[35.261,38.8932],[35.2231,38.8865],[35.1655,38.8888],[35.1079,38.8912]]}},{"type":"Feature","properties":{"slip_type":"Sinistral","catalog_name":"EMME","catalog_id":"ME_TRCS184","net_slip_rate":"(1.0,1.0,1.0)"},"geometry":{"type":"LineString","coordinates":[[36.2764,39.4538],[36.1898,39.3916],[36.1032,39.3294],[36.0217,39.2633],[35.9484,39.1917],[35.8517,39.1393],[35.7568,39.0852],[35.6595,39.0338],[35.5607,38.9842],[35.4684,38.9276],[35.3782,38.869],[35.2914,38.8127]]}},{"type":"Feature","properties":{"slip_type":"Dextral","catalog_name":"EMME","catalog_id":"ME_TRCS185","net_slip_rate":"(1.0,1.0,1.0)"},"geometry":{"type":"LineString","coordinates":[[37.1354,39.8517],[37.0768,39.8325],[37.0283,39.8119],[36.9821,39.788],[36.9359,39.764],[36.8869,39.7437],[36.8379,39.7233],[36.7838,39.7129],[36.7298,39.7026],[36.6763,39.6906],[36.6229,39.6787],[36.576,39.6556],[36.5291,39.6325],[36.483,39.6085],[36.437,39.5846],[36.414,39.5455],[36.3646,39.512],[36.3026,39.4761]]}},{"type":"Feature","properties":{"slip_type":"Sinistral-Normal","catalog_name":"EMME","catalog_id":"ME_TRCS186","net_slip_rate":"(0.3,0.2,0.4)"},"geometry":{"type":"LineString","coordinates":[[37.2619,39.8414],[37.1979,39.8183],[37.162,39.8007],[37.1314,39.7763],[37.0999,39.7526],[37.0683,39.729],[37.0368,39.7053],[37.0061,39.6837],[36.9613,39.6661],[36.8566,39.6245],[36.7738,39.5807]]}},{"type":"Feature","properties":{"slip_type":"Sinistral-Reverse","catalog_name":"EMME","catalog_id":"ME_TRCS187","net_slip_rate":"(1.0,1.0,1.0)"},"geometry":{"type":"LineString","coordinates":[[38.1678,39.8601],[38.1106,39.8695],[38.0535,39.8789],[37.9963,39.8884],[37.9392,39.8978],[37.8808,39.9009],[37.8225,39.9039],[37.766,39.9155],[37.7094,39.927],[37.651,39.9295],[37.5926,39.932],[37.5346,39.9263],[37.4766,39.9205],[37.4181,39.9196],[37.3596,39.9187],[37.3042,39.9044],[37.2488,39.89],[37.1954,39.8718],[37.142,39.8536]]}},{"type":"Feature","properties":{"slip_type":"Sinistral","catalog_name":"EMME","catalog_id":"ME_TRCS188","net_slip_rate":"(0.2,0.1,0.3)"},"geometry":{"type":"LineString","coordinates":[[36.0481,39.4122],[36.0115,39.381],[35.9749,39.3498],[35.9382,39.3186],[35.9016,39.2874],[35.865,39.2562],[35.8284,39.225],[35.7918,39.1939],[35.7552,39.1627],[35.7186,39.1315],[35.682,39.1004]]}},{"type":"Feature","properties":{"slip_type":"Dextral","catalog_name":"EMME","catalog_id":"ME_TRCS190","net_slip_rate":"(0.3,0.2,0.4)"},"geometry":{"type":"LineString","coordinates":[[34.8955,39.2664],[34.9475,39.2495],[34.9994,39.2325],[35.0514,39.2155],[35.1033,39.1986],[35.1552,39.1816],[35.2072,39.1646],[35.2591,39.1477],[35.311,39.1307],[35.3628,39.1138],[35.4147,39.0968]]}},{"type":"Feature","properties":{"slip_type":"Sinistral","catalog_name":"EMME","catalog_id":"ME_TRCS214","net_slip_rate":"(2.1,1.0,3.1832)"},"geometry":{"type":"LineString","coordinates":[[43.7853,38.0918],[43.8174,38.1276],[43.8494,38.1634],[43.8815,38.1992],[43.9135,38.2351],[43.9267,38.2776],[43.94,38.3201],[43.9383,38.3616],[43.9367,38.4031]]}},{"type":"Feature","properties":{"slip_type":"Sinistral-Normal","catalog_name":"EMME","catalog_id":"ME_TRCS246","net_slip_rate":"(0.6,0.0001,1.1327)"},"geometry":{"type":"LineString","coordinates":[[33.559,39.9638],[33.6351,40.0871],[33.6812,40.12],[33.7274,40.153],[33.7736,40.1859],[33.8198,40.2189],[33.866,40.2519],[33.9122,40.2849],[33.9584,40.3179],[33.9893,40.3399],[34.0201,40.3619],[34.051,40.3839]]}},{"type":"Feature","properties":{"slip_type":"Dextral","catalog_name":"EMME","catalog_id":"ME_TRCS247","net_slip_rate":"(0.9,0.25,1.5)"},"geometry":{"type":"LineString","coordinates":[[34.9479,38.9313],[34.8409,38.9652],[34.7338,38.9992],[34.6266,39.0332],[34.5194,39.0671],[34.4174,39.1098],[34.3332,39.1716],[34.2542,39.2375],[34.1751,39.3033],[34.0959,39.3692],[34.0077,39.4278],[33.9124,39.4795],[33.8171,39.5312],[33.718,39.5787],[33.6361,39.6428],[33.5579,39.7096],[33.4816,39.7748]]}},{"type":"Feature","properties":{"slip_type":"Sinistral-Normal","catalog_name":"EMME","catalog_id":"ME_TRCS339","net_slip_rate":"(1.0,1.0,1.0)"},"geometry":{"type":"LineString","coordinates":[[34.9716,37.0079],[35.0178,37.0356],[35.064,37.0633],[35.1102,37.091],[35.1564,37.1187],[35.2026,37.1465],[35.2489,37.1742],[35.2951,37.2019],[35.3413,37.2297],[35.3876,37.2575],[35.4338,37.2853],[35.4799,37.3133],[35.526,37.3412],[35.5722,37.3692],[35.6184,37.3971],[35.6666,37.4228],[35.7149,37.4484],[35.7641,37.4729],[35.8133,37.4974],[35.9118,37.5464]]}},{"type":"Feature","properties":{"slip_type":"Sinistral","catalog_name":"EMME","catalog_id":"ME_TRCS340","net_slip_rate":"(0.6,0.25,1.0)"},"geometry":{"type":"LineString","coordinates":[[36.3029,37.6917],[36.2862,37.6595],[36.2696,37.6273],[36.253,37.5952],[36.2456,37.5636],[36.2382,37.5321],[36.2308,37.5006]]}},{"type":"Feature","properties":{"slip_type":"Sinistral","catalog_name":"EMME","catalog_id":"ME_TRCS343","net_slip_rate":"(0.6,0.25,1.0)"},"geometry":{"type":"LineString","coordinates":[[36.2329,37.464],[36.245,37.3272],[36.2402,37.2892],[36.2199,37.2546],[36.1996,37.22],[36.1879,37.1878],[36.1762,37.1556]]}},{"type":"Feature","properties":{"slip_type":"Sinistral","catalog_name":"EMME","catalog_id":"ME_TRCS344","net_slip_rate":"(2.5,2.0,3.0)"},"geometry":{"type":"LineString","coordinates":[[36.154,37.0933],[36.1923,37.1061],[36.2306,37.1188],[36.2689,37.1316],[36.3072,37.1444],[36.3455,37.1572],[36.3838,37.17],[36.4149,37.1919],[36.446,37.2139],[36.4771,37.2359],[36.5225,37.2498],[36.5679,37.2638]]}},{"type":"Feature","properties":{"slip_type":"Sinistral","catalog_name":"EMME","catalog_id":"ME_TRCS349","net_slip_rate":"(2.0,1.0,3.0427)"},"geometry":{"type":"LineString","coordinates":[[35.7119,36.3478],[35.7559,36.3763],[35.7999,36.4048],[35.8439,36.4333],[35.8879,36.4618],[35.9319,36.4903],[35.9759,36.5188],[36.0222,36.545],[36.0684,36.5713],[36.1154,36.5966],[36.1624,36.622],[36.2092,36.6474],[36.2561,36.6727]]}},{"type":"Feature","properties":{"slip_type":"Sinistral","catalog_name":"EMME","catalog_id":"ME_TRCS350","net_slip_rate":"(2.0,2.0,2.0)"},"geometry":{"type":"LineString","coordinates":[[35.7975,37.0832],[35.8268,37.1226],[35.8562,37.1619],[35.8855,37.2013],[35.9149,37.2406],[35.9438,37.2802],[35.9727,37.3198],[35.9891,37.3637],[36.0056,37.4076],[36.0327,37.448],[36.0598,37.4884],[36.0766,37.5322],[36.0933,37.576],[36.1091,37.6173],[36.1248,37.6586]]}},{"type":"Feature","properties":{"slip_type":"Sinistral","catalog_name":"EMME","catalog_id":"ME_TRCS351","net_slip_rate":"(2.0,2.0,2.0)"},"geometry":{"type":"LineString","coordinates":[[35.5656,36.7899],[35.5967,36.823],[35.6278,36.8561],[35.653,36.8922],[35.6783,36.9284],[35.7091,36.9617],[35.7399,36.9949],[35.7661,37.0286],[35.7924,37.0623]]}},{"type":"Feature","properties":{"slip_type":"Sinistral","catalog_name":"EMME","catalog_id":"ME_TRCS372","net_slip_rate":"(1.1,0.0001,2.2655)"},"geometry":{"type":"LineString","coordinates":[[36.4423,37.8765],[36.4662,37.919],[36.4901,37.9615],[36.5354,37.9912],[36.5808,38.0209],[36.635,38.0392],[36.6893,38.0576],[36.7481,38.0617],[36.8069,38.0658],[36.8658,38.0678],[36.9248,38.0698],[36.9826,38.0603],[37.0404,38.0507],[37.0981,38.0412],[37.1559,38.0317],[37.2136,38.0222],[37.2714,38.0126],[37.3271,38.0034],[37.3828,37.9942]]}},{"type":"Feature","properties":{"slip_type":"Dextral","catalog_name":"EMME","catalog_id":"ME_TRCS374","net_slip_rate":"(2.0,1.0013,3.0004)"},"geometry":{"type":"LineString","coordinates":[[33.857,40.9328],[33.8968,40.9375],[33.9367,40.9423],[33.9765,40.947],[34.0145,40.9573],[34.0524,40.9676],[34.0904,40.9779],[34.1263,40.9917],[34.1623,41.0055],[34.1982,41.0194],[34.2353,41.0315],[34.2724,41.0436],[34.3094,41.0556],[34.3951,41.0676],[34.464,41.0652]]}},{"type":"Feature","properties":{"slip_type":"Dextral","catalog_name":"EMME","catalog_id":"ME_TRCS376","net_slip_rate":"(1.5,0.0001,3.0004)"},"geometry":{"type":"LineString","coordinates":[[34.0233,41.0368],[33.9771,41.0144],[33.9309,40.9919],[33.8833,40.9712],[33.8358,40.9505],[33.7882,40.9299],[33.7407,40.9092],[33.7019,40.8798],[33.6632,40.8505],[33.6199,40.8346],[33.558,40.8221]]}},{"type":"Feature","properties":{"slip_type":"Reverse","catalog_name":"EMME","catalog_id":"ME_TRCS407","net_slip_rate":"(1.0,0.0001,2.0)"},"geometry":{"type":"LineString","coordinates":[[28.5069,41.5319],[28.6264,41.5275],[28.7458,41.5232],[28.8653,41.5189],[28.9847,41.5146],[29.1042,41.5102],[29.2236,41.5059],[29.343,41.5016],[29.4624,41.4969],[29.5818,41.4922],[29.7012,41.4876],[29.8206,41.4829],[29.9399,41.4782],[30.0593,41.4735],[30.1786,41.4689],[30.2934,41.4939],[30.4089,41.5172],[30.5244,41.5405],[30.6399,41.5638],[30.7553,41.5876],[30.8707,41.6114],[30.9862,41.6352],[31.1013,41.66],[31.1981,41.7129],[31.2949,41.7658],[31.3918,41.8187],[31.4887,41.8717],[31.5857,41.9246],[31.6901,41.9693],[31.806,41.9936],[31.922,42.0179],[32.038,42.0422],[32.1541,42.0666],[32.2702,42.0909],[32.3863,42.1152],[32.4907,42.1603],[32.5797,42.2208],[32.67,42.2804],[32.7629,42.3378],[32.8639,42.3873],[32.9849,42.3929],[33.1059,42.3984],[33.227,42.404],[33.348,42.4096],[33.4691,42.4151],[33.5901,42.4207],[33.7111,42.4276],[33.8319,42.4352],[33.9528,42.4428],[34.0737,42.4504],[34.1947,42.458],[34.3156,42.4656],[34.4366,42.4732],[34.5529,42.4478],[34.6697,42.4235],[34.7865,42.3992],[34.9032,42.375],[35.0198,42.3507],[35.1364,42.3265],[35.253,42.3023],[35.3695,42.2781],[35.486,42.2538],[35.6025,42.2296],[35.7189,42.2055],[35.8353,42.1813],[35.9516,42.1571],[36.0412,42.097],[36.1067,42.0219],[36.1722,41.9467],[36.2377,41.8716],[36.3032,41.7965],[36.3686,41.7214],[36.434,41.6464],[36.4834,41.5898]]}},{"type":"Feature","properties":{"slip_type":"Reverse","catalog_name":"EMME","catalog_id":"ME_TRCS408","net_slip_rate":"(1.0,0.0001,2.0)"},"geometry":{"type":"LineString","coordinates":[[41.6632,41.806],[41.5738,41.748],[41.4843,41.69],[41.395,41.6321],[41.3057,41.5741],[41.2164,41.5163],[41.1272,41.4584],[41.038,41.4006],[40.9488,41.3428],[40.8598,41.285],[40.7707,41.2272],[40.6817,41.1695]]}},{"type":"Feature","properties":{"slip_type":"Reverse","catalog_name":"EMME","catalog_id":"ME_TRCS409","net_slip_rate":"(1.0,0.0001,2.0)"},"geometry":{"type":"LineString","coordinates":[[40.4556,41.3599],[40.3951,41.3546],[40.3346,41.3493],[40.2741,41.344],[40.2136,41.3387],[40.1531,41.3334],[40.0926,41.3281],[40.0321,41.3228],[39.9716,41.3175],[39.9112,41.3123],[39.8507,41.307],[39.7902,41.3017],[39.7298,41.2964],[39.6693,41.2911],[39.6088,41.2858],[39.5484,41.2805],[39.488,41.2753],[39.4275,41.27],[39.367,41.2647]]}},{"type":"Feature","properties":{"slip_type":"Reverse","catalog_name":"EMME","catalog_id":"ME_TRCS410","net_slip_rate":"(1.0,0.0001,2.0)"},"geometry":{"type":"LineString","coordinates":[[39.2719,41.4074],[39.2134,41.3996],[39.155,41.3918],[39.0966,41.384],[39.0382,41.3762],[38.9798,41.3684],[38.9214,41.3606],[38.8631,41.3528],[38.8047,41.345],[38.7463,41.3372],[38.688,41.3293],[38.6296,41.3215],[38.5713,41.3137],[38.5129,41.3059],[38.4546,41.2981],[38.3963,41.2903],[38.3379,41.2825]]}},{"type":"Feature","properties":{"slip_type":"Reverse","catalog_name":"EMME","catalog_id":"ME_TRCS411","net_slip_rate":"(1.0,0.0001,2.0)"},"geometry":{"type":"LineString","coordinates":[[38.213,41.3599],[38.0964,41.3575],[37.9798,41.3551],[37.8632,41.3527],[37.7466,41.3503],[37.63,41.348],[37.5134,41.3456],[37.3968,41.3432],[37.2803,41.3408],[37.1637,41.3384],[37.1054,41.3373],[37.0471,41.3361]]}},{"type":"Feature","properties":{"slip_type":"Sinistral","catalog_name":"EMME","catalog_id":"ME_TRCS424","net_slip_rate":"(0.8,0.5,1.0)"},"geometry":{"type":"LineString","coordinates":[[42.6803,39.1362],[42.6877,39.1685],[42.6951,39.2007],[42.7025,39.233],[42.71,39.2652],[42.7174,39.2974],[42.7248,39.3297]]}},{"type":"Feature","properties":{"slip_type":"Dextral-Reverse","catalog_name":"EMME","catalog_id":"ME_TRCS425","net_slip_rate":"(1.1,0.0001,2.2521)"},"geometry":{"type":"LineString","coordinates":[[39.671,39.6027],[39.7038,39.5878],[39.7402,39.5799],[39.78,39.5734],[39.8197,39.5663],[39.8584,39.5537],[39.8963,39.5418],[39.8992,39.5408],[39.9367,39.5243],[39.9752,39.5041]]}},{"type":"Feature","properties":{"slip_type":"Sinistral","catalog_name":"EMME","catalog_id":"ME_TRCS426","net_slip_rate":"(0.8,0.5,1.0)"},"geometry":{"type":"LineString","coordinates":[[42.9442,39.2095],[42.909,39.1957],[42.8738,39.1819],[42.8386,39.1681],[42.8034,39.1543],[42.7682,39.1404],[42.7331,39.1266]]}},{"type":"Feature","properties":{"slip_type":"Dextral","catalog_name":"EMME","catalog_id":"ME_TRCS427","net_slip_rate":"(3.1,1.0,5.112)"},"geometry":{"type":"LineString","coordinates":[[35.7842,40.8443],[35.9251,40.7851],[36.0704,40.7571],[36.1259,40.7419],[36.1814,40.7267],[36.2368,40.7116],[36.2923,40.6964],[36.3477,40.6812],[36.4031,40.6661],[36.4586,40.6509],[36.514,40.6357],[36.5694,40.6206],[36.6247,40.6054],[36.6801,40.5903]]}},{"type":"Feature","properties":{"slip_type":"Sinistral","catalog_name":"EMME","catalog_id":"ME_TRCS428","net_slip_rate":"(2.0,1.0,3.0)"},"geometry":{"type":"LineString","coordinates":[[43.5426,37.6509],[43.5714,37.6837],[43.6002,37.7165],[43.6261,37.7508],[43.6652,37.7969]]}},{"type":"Feature","properties":{"slip_type":"Dextral","catalog_name":"EMME","catalog_id":"ME_TRCS429","net_slip_rate":"(0.8,0.7,1.0)"},"geometry":{"type":"LineString","coordinates":[[44.2369,39.975],[44.0785,40.0522],[43.7221,40.1447],[43.5548,40.1651],[43.4986,40.1637],[43.4429,40.1622],[43.3872,40.1607]]}},{"type":"Feature","properties":{"slip_type":"Dextral","catalog_name":"EMME","catalog_id":"ME_TRCS430","net_slip_rate":"(0.8,0.5,1.0)"},"geometry":{"type":"LineString","coordinates":[[45.7783,38.4835],[45.6279,38.6851],[45.6257,38.7308],[45.6116,38.7876],[45.6099,38.8656],[45.5861,38.9672],[45.5255,39.0883],[45.4628,39.1553],[45.3936,39.2008],[45.2228,39.3219],[45.106,39.4192],[45.0173,39.5316],[44.8566,39.6558],[44.7775,39.7049],[44.6941,39.839]]}},{"type":"Feature","properties":{"slip_type":"Dextral","catalog_name":"EMME","catalog_id":"ME_TRCS437","net_slip_rate":"(0.8,0.25,1.25)"},"geometry":{"type":"LineString","coordinates":[[34.6783,38.7702],[34.5792,38.8187],[34.4801,38.8672],[34.3729,38.9039],[34.2777,38.9571],[34.175,39.0012],[34.0724,39.0453],[33.9707,39.0909],[33.8748,39.1436],[33.781,39.1986],[33.6872,39.2537],[33.5933,39.3087],[33.4994,39.3638],[33.4252,39.4074]]}},{"type":"Feature","properties":{"slip_type":"Sinistral","catalog_name":"EMME","catalog_id":"ME_TRCS439","net_slip_rate":"(0.3,0.2,0.4)"},"geometry":{"type":"LineString","coordinates":[[34.483,37.1532],[34.3933,37.1013],[34.3036,37.0493],[34.2139,36.9974],[34.1243,36.9455],[34.0347,36.8936],[33.9452,36.8417],[33.8557,36.7899],[33.7663,36.7381],[33.6769,36.6863],[33.5875,36.6345],[33.4981,36.5828]]}},{"type":"Feature","properties":{"slip_type":"Sinistral-Reverse","catalog_name":"EMME","catalog_id":"ME_TRCS997","net_slip_rate":"(0.8,0.19,1.5)"},"geometry":{"type":"LineString","coordinates":[[33.9258,34.9979],[34.0458,34.9701],[34.1658,34.9423],[34.3402,34.9426],[34.4523,34.9428],[34.5644,34.943],[34.7498,34.9678],[34.9138,35.0031],[35.0775,35.0453],[35.2812,35.1122],[35.4209,35.1719],[35.5607,35.2316],[35.6597,35.314],[35.7587,35.3964],[35.8636,35.5202],[35.9684,35.6441],[36.0733,35.7679]]}},{"type":"Feature","properties":{"slip_type":"Reverse","catalog_name":"EMME","catalog_id":"ME_TRCS998","net_slip_rate":"(1.7,0.36,3.0)"},"geometry":{"type":"LineString","coordinates":[[33.4716,35.2386],[33.5494,35.2262],[33.6272,35.2139],[33.7344,35.2129],[33.8342,35.2201],[33.934,35.2273],[34.0589,35.2568],[34.1838,35.2863],[34.2913,35.3227],[34.3988,35.3591],[34.5014,35.4153],[34.604,35.4714],[34.6863,35.5206],[34.7686,35.5697],[34.8589,35.6573],[34.9493,35.745]]}},{"type":"Feature","properties":{"slip_type":"Sinistral-Reverse","catalog_name":"EMME","catalog_id":"ME_TRCS999","net_slip_rate":"(1.7,0.4,3.0)"},"geometry":{"type":"LineString","coordinates":[[36.0555,37.0582],[35.9471,36.9623],[35.8271,36.8825],[35.7578,36.8244],[35.6886,36.7663],[35.5885,36.6621],[35.5197,36.5975],[35.4509,36.5328],[35.3738,36.4515],[35.2967,36.3702],[35.2258,36.2806],[35.1549,36.191],[35.0799,36.1076],[35.0048,36.0242],[34.9423,35.945],[34.8797,35.8657]]}},{"type":"Feature","properties":{"slip_type":"Reverse","catalog_name":"EMME","catalog_id":"ME_G17s3s1","net_slip_rate":"(1.0,1.0,1.0)"},"geometry":{"type":"LineString","coordinates":[[43.8961,41.9936],[43.9756,41.9803],[44.0665,41.9827],[44.1886,41.9726],[44.2723,41.9527],[44.3417,41.9531],[44.3745,41.9532],[44.5144,41.8807],[44.6679,41.8391]]}},{"type":"Feature","properties":{"slip_type":"Dextral","catalog_name":"EMME","catalog_id":"ME_G24s1s1","net_slip_rate":"(0.1,0.09,0.1)"},"geometry":{"type":"LineString","coordinates":[[45.2093,41.4251],[44.7205,41.7983]]}},{"type":"Feature","properties":{"slip_type":"Reverse","catalog_name":"EMME","catalog_id":"ME_G17s4s1","net_slip_rate":"(1.0,1.0,1.0)"},"geometry":{"type":"LineString","coordinates":[[44.6679,41.8391],[44.7588,41.8311],[44.8789,41.8373],[45.0065,41.8206],[45.1357,41.7881]]}},{"type":"Feature","properties":{"slip_type":"Reverse","catalog_name":"EMME","catalog_id":"ME_G12s1s1","net_slip_rate":"None"},"geometry":{"type":"LineString","coordinates":[[41.7848,42.9532],[41.8492,42.9373],[41.9126,42.9403],[41.992,42.9311],[42.0798,42.9258],[42.13,42.9182],[42.1643,42.9191]]}},{"type":"Feature","properties":{"slip_type":"Reverse","catalog_name":"EMME","catalog_id":"ME_G27s1s1","net_slip_rate":"None"},"geometry":{"type":"LineString","coordinates":[[44.1599,41.385],[44.2013,41.381],[44.2855,41.3912],[44.394,41.3959],[44.4918,41.3879],[44.5727,41.3867],[44.858,41.3893],[44.918,41.3836],[45.0539,41.3238]]}},{"type":"Feature","properties":{"slip_type":"Dextral","catalog_name":"EMME","catalog_id":"ME_G35s1s2","net_slip_rate":"(0.1,0.1,0.11)"},"geometry":{"type":"LineString","coordinates":[[43.9121,41.4043],[43.9565,41.3704],[43.9995,41.3226]]}},{"type":"Feature","properties":{"slip_type":"Sinistral","catalog_name":"EMME","catalog_id":"ME_G33s1s1","net_slip_rate":"(0.8,0.1,1.5)"},"geometry":{"type":"LineString","coordinates":[[43.6001,41.6253],[43.4863,41.5073],[43.2974,41.3503],[43.2474,41.2777]]}},{"type":"Feature","properties":{"slip_type":"Sinistral","catalog_name":"EMME","catalog_id":"ME_G32s1s1","net_slip_rate":"(0.8,0.1,1.5)"},"geometry":{"type":"LineString","coordinates":[[43.5786,41.6291],[43.4618,41.5711],[43.2792,41.4738],[43.1691,41.3875],[43.0806,41.3035]]}},{"type":"Feature","properties":{"slip_type":"Dextral","catalog_name":"EMME","catalog_id":"ME_G34s1s1","net_slip_rate":"(0.1,0.1,0.11)"},"geometry":{"type":"LineString","coordinates":[[43.593,41.282],[43.6695,41.2354],[43.6956,41.2199],[43.723,41.2066],[43.8223,41.1539]]}},{"type":"Feature","properties":{"slip_type":"Dextral","catalog_name":"EMME","catalog_id":"ME_G35s1s1","net_slip_rate":"(0.1,0.1,0.11)"},"geometry":{"type":"LineString","coordinates":[[44.0035,41.4514],[44.0107,41.3832],[43.9995,41.3226],[44.0062,41.2684]]}},{"type":"Feature","properties":{"slip_type":"Reverse","catalog_name":"EMME","catalog_id":"ME_G13s5s1","net_slip_rate":"(0.2,0.1,0.32)"},"geometry":{"type":"LineString","coordinates":[[43.4594,42.4979],[43.5214,42.4691],[43.5532,42.4524],[43.5772,42.4409],[43.6022,42.4331],[43.63,42.4244],[43.6578,42.419],[43.69,42.4106],[43.7145,42.3975],[43.7363,42.3889],[43.7541,42.3898],[43.7722,42.3884],[43.7915,42.3848],[43.8156,42.3863],[43.8443,42.395]]}},{"type":"Feature","properties":{"slip_type":"Sinistral","catalog_name":"EMME","catalog_id":"ME_G22s3s1","net_slip_rate":"(0.2,0.1,0.32)"},"geometry":{"type":"LineString","coordinates":[[43.3388,41.6909],[43.2173,41.6762],[43.1157,41.6581],[42.993,41.6234],[42.8843,41.5959],[42.8572,41.5812],[42.8324,41.5677]]}},{"type":"Feature","properties":{"slip_type":"Dextral","catalog_name":"EMME","catalog_id":"ME_G29s1s1","net_slip_rate":"(0.1,0.1,0.11)"},"geometry":{"type":"LineString","coordinates":[[44.3454,41.2417],[44.3222,41.2555],[44.2989,41.2798],[44.286,41.2854],[44.2144,41.3161],[44.1234,41.3861],[44.0247,41.4469],[43.9498,41.509],[43.8869,41.5631]]}},{"type":"Feature","properties":{"slip_type":"Reverse","catalog_name":"EMME","catalog_id":"ME_G25s1s1","net_slip_rate":"(0.1,0.07,0.1)"},"geometry":{"type":"LineString","coordinates":[[43.8897,41.6506],[44.0107,41.6457],[44.1101,41.6445],[44.8033,41.5962]]}},{"type":"Feature","properties":{"slip_type":"Reverse","catalog_name":"EMME","catalog_id":"ME_G8s2s3","net_slip_rate":"(0.4,0.1,0.65)"},"geometry":{"type":"LineString","coordinates":[[45.8445,41.8696],[45.8857,41.8484],[45.9665,41.8239],[46.0664,41.7961],[46.1964,41.7388]]}},{"type":"Feature","properties":{"slip_type":"Dextral","catalog_name":"EMME","catalog_id":"ME_G30s1s1","net_slip_rate":"(0.1,0.1,0.11)"},"geometry":{"type":"LineString","coordinates":[[43.7883,41.6026],[43.863,41.5087],[43.9254,41.3374],[43.9234,41.247],[43.9573,41.1805]]}},{"type":"Feature","properties":{"slip_type":"Reverse","catalog_name":"EMME","catalog_id":"ME_G10s1s3","net_slip_rate":"None"},"geometry":{"type":"LineString","coordinates":[[43.4905,42.6287],[43.4373,42.6403],[43.3394,42.6554],[43.2714,42.6975],[43.2178,42.7193],[43.1219,42.7548],[43.0344,42.7863],[42.9334,42.803],[42.8577,42.8119],[42.7517,42.8078],[42.6417,42.8344],[42.5796,42.8516],[42.5306,42.8896],[42.419,42.9488],[42.3781,42.989],[42.2754,43.0318],[42.1877,43.0503]]}},{"type":"Feature","properties":{"slip_type":"Reverse","catalog_name":"EMME","catalog_id":"ME_G12s2s2","net_slip_rate":"None"},"geometry":{"type":"LineString","coordinates":[[42.53,42.7647],[42.4169,42.782],[42.3736,42.7974],[42.3365,42.8128],[42.3343,42.8141],[42.3043,42.8249],[42.21,42.8436],[42.0914,42.871],[42.0242,42.8844],[41.9963,42.9035],[41.9532,42.9094],[41.8977,42.9088],[41.8642,42.9097]]}},{"type":"Feature","properties":{"slip_type":"Reverse","catalog_name":"EMME","catalog_id":"ME_G13s2s1","net_slip_rate":"(0.4,0.35,0.4)"},"geometry":{"type":"LineString","coordinates":[[42.6251,42.6368],[42.5587,42.6331],[42.4333,42.6397],[42.3562,42.6286],[42.3148,42.6335],[42.0288,42.7527],[41.8204,42.7939],[41.7515,42.806],[41.6912,42.8358]]}},{"type":"Feature","properties":{"slip_type":"Reverse","catalog_name":"EMME","catalog_id":"ME_G13s3s1","net_slip_rate":"(0.4,0.37,0.41)"},"geometry":{"type":"LineString","coordinates":[[43.2293,42.5332],[43.2062,42.5362],[43.1788,42.5464],[43.1072,42.5616],[43.0325,42.5721],[43.0051,42.5879],[42.9811,42.5981],[42.9445,42.6044],[42.6851,42.6392]]}},{"type":"Feature","properties":{"slip_type":"Reverse","catalog_name":"EMME","catalog_id":"ME_G13s4s3","net_slip_rate":"(0.4,0.37,0.41)"},"geometry":{"type":"LineString","coordinates":[[43.8806,42.4351],[43.8138,42.4238],[43.7428,42.4207],[43.6381,42.4464],[43.5697,42.4654],[43.52,42.4987],[43.4722,42.5144],[43.2733,42.521],[43.2444,42.5227]]}},{"type":"Feature","properties":{"slip_type":"Dextral","catalog_name":"EMME","catalog_id":"ME_G14s1s1","net_slip_rate":"(0.1,0.1,0.1)"},"geometry":{"type":"LineString","coordinates":[[41.7254,42.7929],[41.7837,42.7244],[41.8286,42.6103],[41.8081,42.5709],[41.7887,42.4317],[41.8023,42.3815]]}},{"type":"Feature","properties":{"slip_type":"Reverse","catalog_name":"EMME","catalog_id":"ME_G14s2s1","net_slip_rate":"(0.1,0.1,0.1)"},"geometry":{"type":"LineString","coordinates":[[41.8023,42.3815],[41.8976,42.3302],[42.0043,42.3278],[42.0243,42.3141],[42.0298,42.2959],[42.0352,42.2764]]}},{"type":"Feature","properties":{"slip_type":"Sinistral","catalog_name":"EMME","catalog_id":"ME_G14s3s3","net_slip_rate":"(0.1,0.1,0.1)"},"geometry":{"type":"LineString","coordinates":[[42.0558,42.2748],[42.1433,42.2997],[42.1932,42.3502],[42.2634,42.4178],[42.3897,42.4676],[42.4722,42.5428],[42.6019,42.5836],[42.6341,42.6156]]}},{"type":"Feature","properties":{"slip_type":"Reverse","catalog_name":"EMME","catalog_id":"ME_G15s1s1","net_slip_rate":"None"},"geometry":{"type":"LineString","coordinates":[[43.5719,42.3565],[43.5583,42.3457],[43.5347,42.3407],[43.4975,42.3436],[43.4775,42.3476],[43.4239,42.3506],[43.3706,42.3526],[43.308,42.349],[43.2472,42.3481],[43.2119,42.329],[43.1799,42.3205],[43.1609,42.2976],[43.1076,42.2848],[43.0684,42.2802],[43.0183,42.2793],[43.0037,42.2897],[42.9694,42.2984],[42.8932,42.2744],[42.8612,42.2698],[42.8288,42.2745],[42.7929,42.2778],[42.7629,42.268],[42.747,42.2623],[42.7255,42.2632]]}},{"type":"Feature","properties":{"slip_type":"Reverse","catalog_name":"EMME","catalog_id":"ME_G15s2s2","net_slip_rate":"None"},"geometry":{"type":"LineString","coordinates":[[43.9978,42.3332],[43.8957,42.3363],[43.8472,42.3411],[43.7538,42.3587],[43.6963,42.3674],[43.6658,42.3684],[43.6175,42.3665],[43.5942,42.3652],[43.5799,42.3612]]}},{"type":"Feature","properties":{"slip_type":"Reverse","catalog_name":"EMME","catalog_id":"ME_G16s1s2","net_slip_rate":"(1.0,1.0,1.0)"},"geometry":{"type":"LineString","coordinates":[[44.6804,41.8708],[44.6247,41.874],[44.4922,41.9487],[44.4153,41.9832],[44.286,42.0055],[44.1832,42.0183]]}},{"type":"Feature","properties":{"slip_type":"Reverse","catalog_name":"EMME","catalog_id":"ME_G17s1s1","net_slip_rate":"(0.4,0.38,0.43)"},"geometry":{"type":"LineString","coordinates":[[42.4473,42.0691],[42.4134,42.0838],[42.363,42.1053],[42.3381,42.1076],[42.2509,42.0876],[42.1389,42.0851],[41.9833,42.0613],[41.9159,42.0698],[41.8636,42.0618],[41.8065,42.0377]]}},{"type":"Feature","properties":{"slip_type":"Reverse","catalog_name":"EMME","catalog_id":"ME_G18s1s1","net_slip_rate":"(0.7,0.25,1.24)"},"geometry":{"type":"LineString","coordinates":[[45.0881,41.844],[45.0268,41.8449],[44.9513,41.8613],[44.863,41.895],[44.7814,41.9214],[44.7228,41.9557],[44.6471,41.9774],[44.5441,42.0232],[44.4214,42.082],[44.2824,42.1227],[44.1531,42.1944]]}},{"type":"Feature","properties":{"slip_type":"Reverse","catalog_name":"EMME","catalog_id":"ME_G18s2s1","net_slip_rate":"(0.7,0.2,1.24)"},"geometry":{"type":"LineString","coordinates":[[44.7419,41.9817],[44.7788,41.9787],[44.8404,41.9558],[44.8753,41.9283],[44.9307,41.8977],[45.1498,41.8655],[45.2276,41.8409],[45.2949,41.7887],[45.3377,41.7565],[45.3846,41.7425],[45.4683,41.7254],[45.5314,41.6991],[45.574,41.6683],[45.5901,41.6422],[45.6182,41.5915],[45.6505,41.5607]]}},{"type":"Feature","properties":{"slip_type":"Reverse","catalog_name":"EMME","catalog_id":"ME_G18s3s1","net_slip_rate":"(0.7,0.2,1.24)"},"geometry":{"type":"LineString","coordinates":[[45.6505,41.5607],[45.7256,41.5358],[45.8087,41.5031],[45.8916,41.4581],[46.0068,41.4097],[46.0854,41.3661],[46.1356,41.3304],[46.2503,41.2741],[46.3575,41.2576],[46.4805,41.2285],[46.5606,41.1831],[46.67,41.1846]]}},{"type":"Feature","properties":{"slip_type":"Reverse","catalog_name":"EMME","catalog_id":"ME_G19s1s2","net_slip_rate":"(0.7,0.2,1.24)"},"geometry":{"type":"LineString","coordinates":[[46.5413,41.1045],[46.2883,41.1935],[46.1383,41.2084],[45.9782,41.2299],[45.8789,41.2736],[45.8037,41.3193],[45.7118,41.3638],[45.5008,41.4394],[45.2937,41.6137],[45.2773,41.6433],[45.2799,41.6662],[45.2787,41.6872],[45.2597,41.6987],[45.172,41.7542],[45.1529,41.7743]]}},{"type":"Feature","properties":{"slip_type":"Dextral-Reverse","catalog_name":"EMME","catalog_id":"ME_G19s2s1","net_slip_rate":"(1.1,1.01,1.24)"},"geometry":{"type":"LineString","coordinates":[[45.214,41.7137],[45.2112,41.6164],[45.2136,41.5725],[45.2641,41.5152],[45.3084,41.4759]]}},{"type":"Feature","properties":{"slip_type":"Reverse","catalog_name":"EMME","catalog_id":"ME_G2s1s5","net_slip_rate":"(0.4,0.1,0.76)"},"geometry":{"type":"LineString","coordinates":[[44.6564,42.6743],[44.6887,42.6664],[44.7246,42.6269],[44.7676,42.6178],[44.8052,42.598],[44.8516,42.5981],[44.9195,42.6246],[44.9857,42.622],[45.0751,42.6048],[45.1251,42.5836],[45.1821,42.5426],[45.2195,42.5069],[45.2853,42.4645],[45.3636,42.426],[45.4133,42.3901],[45.4808,42.3701],[45.5287,42.3527],[45.582,42.3392],[45.651,42.2992]]}},{"type":"Feature","properties":{"slip_type":"Reverse","catalog_name":"EMME","catalog_id":"ME_G20s1s2","net_slip_rate":"(0.4,0.4,0.45)"},"geometry":{"type":"LineString","coordinates":[[43.2738,41.9491],[43.13,42.0015],[43.1012,42.0185],[43.0958,42.0216],[43.0606,42.0424],[43.0287,42.0541],[42.9872,42.0667],[42.9744,42.0828],[42.9591,42.0886],[42.9373,42.0832],[42.9264,42.0819],[42.9098,42.0857],[42.8922,42.0803],[42.8634,42.0798],[42.8449,42.06],[42.8216,42.0585],[42.7913,42.0641],[42.7667,42.0626],[42.7274,42.0496],[42.6841,42.0344],[42.6283,42.0241],[42.5708,42.0218],[42.5475,42.0234],[42.5159,42.0258],[42.4871,42.0262],[42.4679,42.0268],[42.4362,42.0312],[42.4075,42.0305],[42.375,42.0206],[42.3474,42.0135],[42.288,42.0108],[42.2966,41.9919],[42.2194,41.9744]]}},{"type":"Feature","properties":{"slip_type":"Sinistral","catalog_name":"EMME","catalog_id":"ME_G20s2s2","net_slip_rate":"None"},"geometry":{"type":"LineString","coordinates":[[42.3201,41.957],[42.292,41.9594],[42.2342,41.9557],[42.1878,41.9477],[42.1731,41.9412],[42.0961,41.9134],[41.9736,41.8613],[41.8452,41.8353],[41.7192,41.8044]]}},{"type":"Feature","properties":{"slip_type":"Sinistral","catalog_name":"EMME","catalog_id":"ME_G21s1s1","net_slip_rate":"None"},"geometry":{"type":"LineString","coordinates":[[41.7382,41.5608],[42.031,41.6332],[42.0836,41.6682],[42.1199,41.6858],[42.3639,41.7399],[42.4506,41.7382],[42.5508,41.7413],[42.6112,41.7463],[42.6544,41.7518]]}},{"type":"Feature","properties":{"slip_type":"Sinistral","catalog_name":"EMME","catalog_id":"ME_G21s2s1","net_slip_rate":"None"},"geometry":{"type":"LineString","coordinates":[[42.6544,41.7518],[42.7794,41.7877],[42.8863,41.8166],[42.967,41.8505],[43.0306,41.869],[43.0309,41.8692],[43.0731,41.8699],[43.125,41.8763],[43.2026,41.8961],[43.2583,41.9026],[43.315,41.9182],[43.3694,41.9283],[43.4186,41.9438],[43.4718,41.9566],[43.5015,41.9588],[43.5272,41.9371],[43.5719,41.9241],[43.6293,41.9231],[43.701,41.931],[43.7743,41.9632],[43.8096,41.973],[43.8462,42.0089]]}},{"type":"Feature","properties":{"slip_type":"Reverse","catalog_name":"EMME","catalog_id":"ME_G22s1s4","net_slip_rate":"(0.3,0.28,0.32)"},"geometry":{"type":"LineString","coordinates":[[43.3109,41.7786],[43.3762,41.7866],[43.4308,41.7899],[43.5131,41.7885],[43.5582,41.795],[43.6403,41.8136],[43.7126,41.838],[43.7377,41.8618],[43.7749,41.8681],[43.8516,41.8718],[43.9244,41.871],[43.9497,41.8875],[43.9989,41.8908],[44.0619,41.8972],[44.1246,41.8715],[44.2455,41.8552],[44.3411,41.885]]}},{"type":"Feature","properties":{"slip_type":"Sinistral","catalog_name":"EMME","catalog_id":"ME_G22s2s1","net_slip_rate":"(0.2,0.1,0.32)"},"geometry":{"type":"LineString","coordinates":[[42.617,41.5964],[42.6329,41.6035],[42.7079,41.6372],[42.8127,41.6667],[42.9504,41.6802],[43.0074,41.6802],[43.0464,41.6839],[43.082,41.6896],[43.1183,41.6927],[43.219,41.7178],[43.3484,41.7348],[43.3888,41.7295]]}},{"type":"Feature","properties":{"slip_type":"Reverse","catalog_name":"EMME","catalog_id":"ME_G26s1s2","net_slip_rate":"None"},"geometry":{"type":"LineString","coordinates":[[43.9805,41.5165],[44.0716,41.5152],[44.1449,41.5101],[44.1904,41.5072],[44.2519,41.4993],[44.3775,41.4933],[44.791,41.5112]]}},{"type":"Feature","properties":{"slip_type":"Dextral","catalog_name":"EMME","catalog_id":"ME_G28s1s3","net_slip_rate":"(0.1,0.1,0.11)"},"geometry":{"type":"LineString","coordinates":[[44.8043,41.245],[44.7405,41.2656],[44.6467,41.2936],[44.6129,41.3048],[44.5682,41.3],[44.5195,41.3008],[44.4545,41.2977],[44.392,41.303],[44.3494,41.316],[44.318,41.3337],[44.2224,41.3536]]}},{"type":"Feature","properties":{"slip_type":"Dextral","catalog_name":"EMME","catalog_id":"ME_G29s1s2","net_slip_rate":"(0.1,0.1,0.11)"},"geometry":{"type":"LineString","coordinates":[[45.0835,41.1112],[45.0292,41.122],[44.8147,41.1867],[44.597,41.2202],[44.5369,41.2305],[44.4815,41.2407],[44.4238,41.2439],[44.3754,41.2419],[44.3454,41.2417]]}},{"type":"Feature","properties":{"slip_type":"Reverse","catalog_name":"EMME","catalog_id":"ME_G3s1s6","net_slip_rate":"(0.5,0.1,0.9)"},"geometry":{"type":"LineString","coordinates":[[45.6046,42.2172],[45.5757,42.2269],[45.5419,42.2403],[45.4922,42.2669],[45.4069,42.2863],[45.3489,42.3081],[45.2813,42.3286],[45.2248,42.3383],[45.1652,42.3576],[45.1265,42.3804],[45.099,42.4068],[45.0845,42.4199],[45.0554,42.4295],[45.0215,42.4415],[44.973,42.4643],[44.9358,42.4786],[44.8727,42.475],[44.8112,42.4785],[44.7416,42.4915],[44.6865,42.5094],[44.6152,42.5343],[44.5209,42.577],[44.4721,42.6032],[44.3682,42.6389],[44.324,42.6425],[44.2871,42.6615]]}},{"type":"Feature","properties":{"slip_type":"Sinistral","catalog_name":"EMME","catalog_id":"ME_G31s1s1","net_slip_rate":"(0.1,0.1,0.11)"},"geometry":{"type":"LineString","coordinates":[[43.7141,41.6665],[43.6956,41.5941],[43.6807,41.5092],[43.6664,41.4488],[43.6081,41.3914],[43.5807,41.3069],[43.5618,41.2809],[43.5222,41.2393],[43.4563,41.1789]]}},{"type":"Feature","properties":{"slip_type":"Dextral","catalog_name":"EMME","catalog_id":"ME_G31s2s1","net_slip_rate":"(0.1,0.1,0.11)"},"geometry":{"type":"LineString","coordinates":[[43.6345,41.3735],[43.6618,41.3471],[43.6837,41.3295],[43.7096,41.3129],[43.736,41.29],[43.7634,41.2711],[43.8097,41.2324],[43.8661,41.1927]]}},{"type":"Feature","properties":{"slip_type":"Reverse","catalog_name":"EMME","catalog_id":"ME_G4s1s3","net_slip_rate":"(0.4,0.1,0.62)"},"geometry":{"type":"LineString","coordinates":[[45.1991,42.3133],[45.2776,42.2711],[45.4952,42.1372],[45.6394,42.0963],[45.7322,42.0648],[45.8177,42.0532],[45.9127,42.0178],[46.0292,41.9548],[46.1554,41.9043],[46.3983,41.8414],[46.8101,41.6948]]}},{"type":"Feature","properties":{"slip_type":"Reverse","catalog_name":"EMME","catalog_id":"ME_G5s1s1","net_slip_rate":"(0.4,0.1,0.62)"},"geometry":{"type":"LineString","coordinates":[[43.3645,42.8449],[43.5319,42.7905],[43.6131,42.7529],[43.7168,42.7233],[43.8027,42.7049],[44.2319,42.6293],[44.2628,42.62],[44.3002,42.6166],[44.349,42.61],[44.3824,42.6043],[44.4287,42.5875],[44.4701,42.576],[44.5567,42.5345],[44.5987,42.517],[44.7333,42.4606]]}},{"type":"Feature","properties":{"slip_type":"Reverse","catalog_name":"EMME","catalog_id":"ME_G5s2s4","net_slip_rate":"(0.4,0.1,0.62)"},"geometry":{"type":"LineString","coordinates":[[44.76,42.4513],[44.8888,42.4363],[44.97,42.4259],[45.0652,42.3945],[45.1708,42.3003],[45.2692,42.2373],[45.3813,42.1612],[45.5631,42.0506],[45.6644,42.0135],[45.7553,41.992],[45.8358,41.981],[45.951,41.9487],[46.298,41.7884]]}},{"type":"Feature","properties":{"slip_type":"Reverse","catalog_name":"EMME","catalog_id":"ME_G7s1s2","net_slip_rate":"(0.4,0.1,0.62)"},"geometry":{"type":"LineString","coordinates":[[44.3882,42.5271],[44.445,42.5183],[44.5168,42.4876],[44.5787,42.4495],[44.6823,42.4079],[44.7661,42.3917],[44.9483,42.3353],[45.0589,42.2769],[45.1767,42.2202],[45.3212,42.1542],[45.4066,42.0901]]}},{"type":"Feature","properties":{"slip_type":"Reverse","catalog_name":"EMME","catalog_id":"ME_G8s1s2","net_slip_rate":"(0.5,0.1,0.83)"},"geometry":{"type":"LineString","coordinates":[[44.2542,42.4246],[44.346,42.389],[44.4008,42.3825],[44.4802,42.3626],[44.6051,42.3451],[44.733,42.3161],[44.867,42.2757],[44.9187,42.2577],[45.019,42.2012],[45.0948,42.1786],[45.1494,42.1492]]}},{"type":"Feature","properties":{"slip_type":"Reverse","catalog_name":"EMME","catalog_id":"ME_G8s2s1","net_slip_rate":"(0.5,0.1,0.83)"},"geometry":{"type":"LineString","coordinates":[[45.1844,42.1367],[45.391,42.0546],[45.6429,41.9465],[45.932,41.7831],[46.185,41.6387]]}},{"type":"Feature","properties":{"slip_type":"Reverse","catalog_name":"EMME","catalog_id":"ME_G9s1s1","net_slip_rate":"(0.9,0.8,0.91)"},"geometry":{"type":"LineString","coordinates":[[43.9699,42.4243],[43.9389,42.4363],[43.8986,42.4411],[43.7497,42.4896],[43.6839,42.5248],[43.6322,42.5601],[43.5759,42.5848],[43.5411,42.6311],[43.4382,42.6656],[43.3264,42.7286],[43.1817,42.8519],[43.0676,42.9134],[43.0284,42.9187],[42.9992,42.917],[42.9648,42.9248],[42.907,42.9477],[42.8368,43.0026],[42.8167,43.0177],[42.709,43.0228],[42.4926,43.0529],[42.4034,43.0808],[42.3925,43.085]]}},{"type":"Feature","properties":{"slip_type":"Reverse","catalog_name":"EMME","catalog_id":"ME_G9s2s1","net_slip_rate":"(0.9,0.8,0.91)"},"geometry":{"type":"LineString","coordinates":[[44.3371,42.1594],[44.3216,42.1605],[44.2838,42.1699],[44.2025,42.2045],[44.1317,42.2661],[44.1111,42.3089],[44.045,42.3426],[43.9699,42.4243]]}},{"type":"Feature","properties":{"slip_type":"Reverse","catalog_name":"EMME","catalog_id":"ME_G9s3s1","net_slip_rate":"(1.1,0.2,2.0)"},"geometry":{"type":"LineString","coordinates":[[45.6773,41.7056],[45.907,41.5789],[46.0102,41.5275],[46.1655,41.4449],[46.2804,41.3901],[46.3693,41.3646],[46.5129,41.3352],[46.7097,41.2972],[46.7979,41.2622]]}},{"type":"Feature","properties":{"slip_type":"Reverse","catalog_name":"EMME","catalog_id":"ME_G1s2s8","net_slip_rate":"(0.4,0.1,0.76)"},"geometry":{"type":"LineString","coordinates":[[43.3741,42.8624],[43.4288,42.8599],[43.478,42.8516],[43.543,42.837],[43.6101,42.8108],[43.656,42.7882],[43.7021,42.7591],[43.739,42.7454],[43.7796,42.7265],[43.8077,42.7165],[43.8864,42.7054],[43.9974,42.7029],[44.162,42.7069],[44.3108,42.716],[44.4254,42.7175],[44.522,42.7068],[44.6563,42.7007],[44.744,42.6983],[44.8764,42.7143],[44.957,42.6867],[45.0286,42.6695],[45.0769,42.651],[45.1323,42.6285],[45.177,42.6245],[45.2021,42.6297],[45.2824,42.5965],[45.6584,42.4986],[45.7028,42.4732],[45.7329,42.4572],[45.7809,42.4437]]}},{"type":"Feature","properties":{"slip_type":"Reverse","catalog_name":"EMME","catalog_id":"ME_G13s1s1","net_slip_rate":"(0.4,0.35,0.4)"},"geometry":{"type":"LineString","coordinates":[[41.6912,42.8358],[41.6246,42.8912],[41.563,42.9127],[41.246,43.0769],[41.2039,43.0872],[41.1243,43.1091],[41.014,43.1123],[40.9676,43.1142],[40.9285,43.1023],[40.8956,43.0941],[40.8417,43.0887],[40.8063,43.0932],[40.7625,43.1033],[40.5602,43.0885]]}},{"type":"Feature","properties":{"slip_type":"Reverse","catalog_name":"EMME","catalog_id":"ME_G1s2s6","net_slip_rate":"(0.7,0.68,0.76)"},"geometry":{"type":"LineString","coordinates":[[41.8773,43.234],[42.0968,43.1526],[42.2335,43.133],[42.401,43.1232],[42.4329,43.1102],[42.4806,43.1189],[42.5082,43.1088],[42.7047,43.1037],[42.8096,43.0904],[43.3193,42.8773]]}},{"type":"Feature","properties":{"slip_type":"Reverse","catalog_name":"EMME","catalog_id":"ME_G1s2s5","net_slip_rate":"(0.7,0.68,0.76)"},"geometry":{"type":"LineString","coordinates":[[42.98,42.9924],[42.939,43.0055],[42.9097,43.0166],[42.8654,43.0413],[42.8111,43.0584],[42.7571,43.069],[42.6975,43.0721],[42.6468,43.071],[42.598,43.0583],[42.5736,43.0536],[42.5397,43.0667],[42.3275,43.1129]]}},{"type":"Feature","properties":{"slip_type":"Reverse","catalog_name":"EMME","catalog_id":"ME_G9s2s4","net_slip_rate":"(1.1,0.2,2.0)"},"geometry":{"type":"LineString","coordinates":[[45.6773,41.7056],[45.6411,41.7094],[45.6131,41.7183],[45.598,41.7262],[45.5583,41.7387],[45.4769,41.8136],[45.3342,41.8509],[45.2674,41.8651],[45.2323,41.8704],[45.1901,41.8924],[45.1738,41.9073],[45.141,41.9389],[45.1081,41.9442],[45.0811,41.96],[45.0506,41.9846],[45.0342,41.9995],[45.0107,42.0275],[44.9837,42.0389],[44.9355,42.0345],[44.8978,42.0406],[44.8602,42.0529],[44.8189,42.1001],[44.7647,42.1149],[44.687,42.1261],[44.6481,42.1322],[44.5704,42.1337],[44.5173,42.1413],[44.4041,42.1548],[44.3371,42.1594]]}},{"type":"Feature","properties":{"slip_type":"Sinistral","catalog_name":"EMME","catalog_id":"ME_G23s1s1","net_slip_rate":"(0.2,0.1,0.2)"},"geometry":{"type":"LineString","coordinates":[[42.98,41.4795],[43.0367,41.5214],[43.0977,41.5581],[43.2232,41.6001],[43.2814,41.637],[43.3362,41.6589],[43.417,41.6836],[43.4606,41.7129],[43.4652,41.7149],[43.5175,41.7361],[43.5484,41.7418],[43.5867,41.7416],[43.6566,41.7324],[43.7241,41.7331],[43.7557,41.7267],[43.8006,41.7289],[43.8567,41.7362],[43.9259,41.7638],[43.9887,41.7745],[44.0608,41.7684],[44.115,41.7587],[44.2003,41.7728],[44.3013,41.7953],[44.4292,41.7638],[44.6001,41.7708]]}},{"type":"Feature","properties":{"slip_type":"Reverse","catalog_name":"EMME","catalog_id":"ME_G17s2s1","net_slip_rate":"(0.4,0.38,0.43)"},"geometry":{"type":"LineString","coordinates":[[43.6501,42.0992],[43.5384,42.0521],[43.4209,41.9952],[43.3189,41.9685],[43.0054,42.1073],[42.9385,42.1228],[42.8835,42.1229],[42.794,42.1016],[42.7559,42.1009],[42.7292,42.099],[42.6938,42.0784],[42.6445,42.0703],[42.5761,42.066],[42.5106,42.0577],[42.4878,42.0586],[42.4608,42.0467],[42.439,42.047],[42.4027,42.0518],[42.3655,42.0575],[42.3365,42.0585],[42.2969,42.0531],[42.2789,42.0313],[42.223,42.0491],[42.1547,42.0471]]}},{"type":"Feature","properties":{"slip_type":"Dextral","catalog_name":"EMME","catalog_id":"ME_AM5","net_slip_rate":"(1.1,0.44,1.8)"},"geometry":{"type":"LineString","coordinates":[[46.3098,39.1244],[46.3656,39.046],[46.3656,38.9916],[46.3922,38.9231],[46.4665,38.8336],[46.5159,38.8222]]}},{"type":"Feature","properties":{"slip_type":"Dextral","catalog_name":"EMME","catalog_id":"ME_AM6","net_slip_rate":"(1.1,0.44,1.8)"},"geometry":{"type":"LineString","coordinates":[[46.1083,39.4415],[46.1382,39.3744],[46.1465,39.3279],[46.1609,39.0733],[46.1769,38.8756],[46.2343,38.7686],[46.3376,38.6998],[46.3731,38.6876]]}},{"type":"Feature","properties":{"slip_type":"Dextral","catalog_name":"EMME","catalog_id":"ME_AkeraF01","net_slip_rate":"(1.1,0.8,1.3)"},"geometry":{"type":"LineString","coordinates":[[46.0397,40.1847],[46.16,40.0982],[46.3253,39.9452],[46.4611,39.7398],[46.5472,39.5615],[46.6259,39.3961],[46.7262,39.2703]]}},{"type":"Feature","properties":{"slip_type":"Dextral","catalog_name":"EMME","catalog_id":"ME_AM1s7","net_slip_rate":"(0.6,0.25,1.0)"},"geometry":{"type":"LineString","coordinates":[[45.052,40.4162],[45.1042,40.3711],[45.1432,40.2899],[45.1494,40.1905],[45.1762,40.1216],[45.2234,40.0663]]}},{"type":"Feature","properties":{"slip_type":"Dextral-Reverse","catalog_name":"EMME","catalog_id":"ME_AM2s1","net_slip_rate":"(1.3,0.25,2.4)"},"geometry":{"type":"LineString","coordinates":[[44.0994,40.9007],[44.1617,40.8821],[44.2106,40.8674],[44.3002,40.8029],[44.3317,40.7866],[44.3675,40.771],[44.4231,40.7158],[44.4643,40.682],[44.4711,40.6526],[44.5224,40.5932]]}},{"type":"Feature","properties":{"slip_type":"Dextral-Normal","catalog_name":"EMME","catalog_id":"ME_AM2s2","net_slip_rate":"(1.8,0.5,3.0)"},"geometry":{"type":"LineString","coordinates":[[44.4993,40.651],[44.545,40.624],[44.5792,40.5746],[44.6072,40.4431],[44.6562,40.3242],[44.7074,40.2467],[44.7254,40.1993],[44.7288,40.139],[44.7764,40.0712],[44.824,40.0208]]}},{"type":"Feature","properties":{"slip_type":"Dextral","catalog_name":"EMME","catalog_id":"ME_AM2s3","net_slip_rate":"(0.5,0.25,0.75)"},"geometry":{"type":"LineString","coordinates":[[45.0949,39.8061],[45.147,39.7575],[45.2384,39.6702],[45.3781,39.5441]]}},{"type":"Feature","properties":{"slip_type":"Dextral-Normal","catalog_name":"EMME","catalog_id":"ME_AM2s4s","net_slip_rate":"(0.6,0.25,1.0)"},"geometry":{"type":"LineString","coordinates":[[45.1075,39.6858],[45.1139,39.665],[45.1187,39.5978],[45.1404,39.5264],[45.1805,39.439]]}},{"type":"Feature","properties":{"slip_type":"Dextral-Normal","catalog_name":"EMME","catalog_id":"ME_AM2s5","net_slip_rate":"(1.8,0.5,3.0)"},"geometry":{"type":"LineString","coordinates":[[44.7558,40.2046],[44.8094,40.1062],[44.8631,40.0225],[44.9094,39.9661],[45.0049,39.8661],[45.0453,39.8066],[45.0875,39.7373],[45.0994,39.7047]]}},{"type":"Feature","properties":{"slip_type":"Dextral","catalog_name":"EMME","catalog_id":"ME_AM1s1","net_slip_rate":"(2.4,0.8,4.0)"},"geometry":{"type":"LineString","coordinates":[[43.3055,41.0712],[43.3921,41.0404],[43.4544,41.0213],[43.5067,41.0044],[43.5464,40.9985],[43.6004,40.9813],[43.6417,40.9761],[43.6863,40.9733],[43.7352,40.9638],[43.783,40.9578],[43.8436,40.9533],[43.9009,40.9558]]}},{"type":"Feature","properties":{"slip_type":"Dextral","catalog_name":"EMME","catalog_id":"ME_AM1s2","net_slip_rate":"(1.4,0.25,2.5)"},"geometry":{"type":"LineString","coordinates":[[43.9646,40.9644],[44.1024,40.9332],[44.1451,40.922],[44.2004,40.9123],[44.2628,40.8972],[44.3256,40.8761],[44.3589,40.8456],[44.3938,40.8315],[44.4434,40.7997],[44.4827,40.7822],[44.5351,40.7636],[44.5827,40.7561],[44.6113,40.7462]]}},{"type":"Feature","properties":{"slip_type":"Dextral","catalog_name":"EMME","catalog_id":"ME_AM1s3","net_slip_rate":"(1.6,1.0,2.1)"},"geometry":{"type":"LineString","coordinates":[[44.3872,40.887],[44.4537,40.8618],[44.5418,40.8224],[44.6276,40.7894],[44.6843,40.7587],[44.8285,40.7],[44.9903,40.6334],[45.019,40.6262]]}},{"type":"Feature","properties":{"slip_type":"Reverse","catalog_name":"EMME","catalog_id":"ME_AM1s4","net_slip_rate":"(1.6,1.0,2.1)"},"geometry":{"type":"LineString","coordinates":[[45.0246,40.6249],[45.0758,40.6171],[45.153,40.5952],[45.202,40.5687],[45.2313,40.5439],[45.2634,40.5011],[45.3121,40.4712],[45.3859,40.4513],[45.4388,40.448]]}},{"type":"Feature","properties":{"slip_type":"Reverse","catalog_name":"EMME","catalog_id":"ME_AM1s5","net_slip_rate":"(1.6,1.0,2.1)"},"geometry":{"type":"LineString","coordinates":[[45.4461,40.4479],[45.5225,40.4],[45.5254,40.3978],[45.579,40.3753],[45.5863,40.3731],[45.6371,40.3574],[45.7095,40.3204],[45.7692,40.2875],[45.7795,40.2806],[45.8263,40.2652],[45.8832,40.2564],[45.9371,40.2437],[46.0027,40.2186],[46.0684,40.2078],[46.1073,40.2005],[46.1764,40.1773],[46.2542,40.1574],[46.3279,40.1351],[46.3794,40.13],[46.4681,40.1198],[46.4711,40.1197],[46.5603,40.1376],[46.6152,40.1663],[46.6653,40.2096],[46.7103,40.2535]]}},{"type":"Feature","properties":{"slip_type":"Reverse","catalog_name":"EMME","catalog_id":"ME_AM1s6","net_slip_rate":"(0.8,0.5,1.0)"},"geometry":{"type":"LineString","coordinates":[[45.9168,40.3035],[45.9562,40.2897],[45.9983,40.2747],[46.0217,40.2712],[46.0452,40.2845],[46.088,40.2781],[46.1687,40.2686],[46.2213,40.2676],[46.2863,40.2489],[46.3603,40.2304],[46.4053,40.222],[46.4451,40.2139],[46.4947,40.2169],[46.5463,40.2267],[46.6058,40.2364],[46.653,40.2455]]}},{"type":"Feature","properties":{"slip_type":"Dextral","catalog_name":"EMME","catalog_id":"ME_IR149s3","net_slip_rate":"(1.2,0.5,2.0)"},"geometry":{"type":"LineString","coordinates":[[44.2872,39.2144],[44.3246,39.1895],[44.3692,39.1307],[44.3852,39.0915],[44.3977,39.0522]]}},{"type":"Feature","properties":{"slip_type":"Dextral","catalog_name":"EMME","catalog_id":"ME_IR43s1","net_slip_rate":"(4.5,3.5,5.5)"},"geometry":{"type":"LineString","coordinates":[[44.4541,38.8254],[44.279,38.9361],[44.1878,38.9991],[44.1035,39.0477],[44.0329,39.0709],[43.9106,39.1406],[43.7584,39.1849],[43.4721,39.2547]]}},{"type":"Feature","properties":{"slip_type":"Dextral","catalog_name":"EMME","catalog_id":"ME_IR149s4","net_slip_rate":"(1.2,0.5,2.0)"},"geometry":{"type":"LineString","coordinates":[[44.1009,39.3644],[44.1413,39.3169],[44.186,39.2463],[44.2405,39.2232]]}},{"type":"Feature","properties":{"slip_type":"Dextral-Reverse","catalog_name":"EMME","catalog_id":"ME_IR2s3s1","net_slip_rate":"(2.0,0.5,3.5)"},"geometry":{"type":"LineString","coordinates":[[47.9177,36.9378],[47.8535,37.0794],[47.6967,37.2534],[47.5025,37.3471],[47.4011,37.4546],[47.3318,37.5001],[47.2668,37.5385],[47.1957,37.5732],[47.1274,37.6251],[47.082,37.654]]}},{"type":"Feature","properties":{"slip_type":"Dextral-Reverse","catalog_name":"EMME","catalog_id":"ME_IR2s3s2","net_slip_rate":"(4.7,3.0,6.45)"},"geometry":{"type":"LineString","coordinates":[[46.0661,38.2606],[46.0556,38.2694],[46.0303,38.2799],[45.9827,38.294],[45.8919,38.3235],[45.8583,38.3312],[45.7869,38.3381],[45.7138,38.3652],[45.639,38.3807],[45.572,38.3936],[45.5218,38.4021],[45.4854,38.4221],[45.4495,38.4322],[45.4127,38.445],[45.3722,38.4541],[45.3129,38.4757],[45.2195,38.4817],[45.1502,38.4878]]}},{"type":"Feature","properties":{"slip_type":"Dextral","catalog_name":"EMME","catalog_id":"ME_IR4s3s1","net_slip_rate":"(2.5,1.0,4.0)"},"geometry":{"type":"LineString","coordinates":[[49.5001,33.1282],[49.468,33.1618],[49.4293,33.1908],[49.3896,33.2254],[49.3596,33.257],[49.3275,33.2829],[49.2944,33.3032],[49.254,33.3318],[49.2181,33.3608],[49.179,33.3856],[49.146,33.4206],[49.111,33.4536],[49.074,33.476],[49.0293,33.5112],[48.9952,33.528],[48.9133,33.5991],[48.811,33.6908],[48.7494,33.7461]]}},{"type":"Feature","properties":{"slip_type":"Dextral","catalog_name":"EMME","catalog_id":"ME_IR4s3s4","net_slip_rate":"(2.5,1.0,4.0)"},"geometry":{"type":"LineString","coordinates":[[48.7377,33.8167],[48.7043,33.8469],[48.6688,33.8717],[48.6375,33.8986],[48.6104,33.9294],[48.5795,33.9562],[48.5424,33.985],[48.5136,34.0159],[48.4868,34.0427],[48.4522,34.0624],[48.4274,34.0861],[48.3929,34.1055],[48.3725,34.1357],[48.3477,34.168],[48.3272,34.1971],[48.3057,34.2262],[48.2746,34.2549],[48.2437,34.2858],[48.2149,34.3105],[48.1758,34.3373],[48.1325,34.3703],[48.0954,34.3929],[48.0645,34.4156],[48.0089,34.4465],[47.8432,34.5044]]}},{"type":"Feature","properties":{"slip_type":"Dextral","catalog_name":"EMME","catalog_id":"ME_IR149s1","net_slip_rate":"(2.2,0.5,4.0)"},"geometry":{"type":"LineString","coordinates":[[44.1248,39.417],[44.1794,39.3671],[44.2079,39.3481],[44.2436,39.2792],[44.2673,39.2174],[44.2887,39.1437],[44.2935,39.1081],[44.3695,39.0321],[44.417,38.9893],[44.4397,38.9454],[44.4583,38.9339],[44.5403,38.8413],[44.6187,38.7718],[44.6721,38.7076],[44.7256,38.6577]]}},{"type":"Feature","properties":{"slip_type":"Dextral","catalog_name":"EMME","catalog_id":"ME_IR149s2","net_slip_rate":"(2.2,0.5,4.0)"},"geometry":{"type":"LineString","coordinates":[[44.7523,38.6631],[44.8111,38.6078],[44.9394,38.549],[45.0681,38.5043]]}},{"type":"Feature","properties":{"slip_type":"Dextral","catalog_name":"EMME","catalog_id":"ME_IR4s7","net_slip_rate":"(2.2,0.5,4.0)"},"geometry":{"type":"LineString","coordinates":[[46.9235,34.9421],[46.6895,35.072],[46.488,35.3255],[46.3266,35.4092],[46.0674,35.6649],[45.6433,36.0127],[45.4466,36.0378],[45.1479,36.4035],[45.0792,36.6411]]}},{"type":"Feature","properties":{"slip_type":"Sinistral-Reverse","catalog_name":"EMME","catalog_id":"ME_IR11s2","net_slip_rate":"(1.4,0.5,2.25)"},"geometry":{"type":"LineString","coordinates":[[49.2794,35.8099],[49.4385,35.7282],[49.6837,35.6767],[49.8613,35.6546],[50.1401,35.6443],[50.3224,35.6377]]}},{"type":"Feature","properties":{"slip_type":"Dextral","catalog_name":"EMME","catalog_id":"ME_IR51s1","net_slip_rate":"(0.8,0.1,1.5)"},"geometry":{"type":"LineString","coordinates":[[51.3561,30.9896],[51.3379,31.026],[51.3145,31.0572],[51.2989,31.0896],[51.2847,31.126],[51.2691,31.1585],[51.2587,31.1961],[51.2444,31.2364],[51.234,31.2754],[51.2275,31.317],[51.2197,31.352],[51.2054,31.3975],[51.1976,31.4339],[51.1704,31.5183],[51.1486,31.6017],[51.0597,31.8975],[51.0296,31.9186],[50.9905,31.9216]]}},{"type":"Feature","properties":{"slip_type":"Dextral-Normal","catalog_name":"EMME","catalog_id":"ME_IR50","net_slip_rate":"(1.5,1.0,2.0)"},"geometry":{"type":"LineString","coordinates":[[54.0774,30.5223],[53.9752,30.7565],[53.9613,30.7943],[53.9473,30.8341],[53.9374,30.8779],[53.9274,30.9158],[53.9115,30.9576],[53.8956,30.9914],[53.8478,31.1089],[53.8358,31.1467],[53.8084,31.2345],[53.756,31.3874],[53.7135,31.4667],[53.6905,31.5012],[53.6765,31.543],[53.6583,31.5785],[53.6357,31.6182],[53.6247,31.6605],[53.573,31.768],[53.5578,31.798],[53.5331,31.8337],[53.4993,31.9014],[53.4785,31.9381],[53.46,31.9778],[53.4346,32.0132],[53.403,32.0411],[53.3776,32.0778],[53.3549,32.1132],[53.3422,32.1424],[53.3181,32.1842],[53.2915,32.2285],[53.2611,32.2665],[53.2346,32.3007],[53.2143,32.3222],[53.2042,32.3589],[53.2042,32.3906],[53.2016,32.4361],[53.2003,32.476],[53.1993,32.5172],[53.19,32.57],[53.1814,32.6122]]}},{"type":"Feature","properties":{"slip_type":"Dextral","catalog_name":"EMME","catalog_id":"ME_IR40s1","net_slip_rate":"(1.5,1.0,2.0)"},"geometry":{"type":"LineString","coordinates":[[51.3118,28.7348],[51.3043,28.7735],[51.2953,28.8098],[51.3019,28.8485],[51.3043,28.883],[51.3043,28.9226],[51.2928,28.9612],[51.2912,28.9909],[51.2951,29.0276],[51.2951,29.0937],[51.2982,29.1283],[51.2982,29.1692],[51.2969,29.2148],[51.2871,29.2543],[51.2829,29.284],[51.2862,29.3218],[51.2838,29.3663],[51.2912,29.4107],[51.2994,29.4379],[51.2825,29.4808],[51.2667,29.506],[51.2401,29.5359]]}},{"type":"Feature","properties":{"slip_type":"Dextral","catalog_name":"EMME","catalog_id":"ME_IR79s1","net_slip_rate":"(1.5,1.0,2.0)"},"geometry":{"type":"LineString","coordinates":[[51.5062,29.5855],[51.5147,29.6412],[51.5197,29.684],[51.5266,29.7348],[51.5389,29.7839],[51.5614,29.8319],[51.5798,29.8759],[51.587,29.9045],[51.6003,29.925],[51.6003,29.9454],[51.59,29.9608],[51.5686,30.0016],[51.5491,30.062],[51.5399,30.1192],[51.5277,30.1693],[51.5223,30.2078],[51.5046,30.243],[51.4971,30.2883],[51.5078,30.3254],[51.518,30.3779],[51.5214,30.4254],[51.5163,30.4763],[51.5366,30.5153]]}},{"type":"Feature","properties":{"slip_type":"Dextral","catalog_name":"EMME","catalog_id":"ME_IR928","net_slip_rate":"(1.0,0.5,1.5)"},"geometry":{"type":"LineString","coordinates":[[54.7206,36.336],[54.4858,36.3318],[54.424,36.3318],[54.15,36.2824],[53.8925,36.1773],[53.7503,36.097],[53.6556,36.0496],[53.5955,36.0115],[53.4901,35.9581]]}},{"type":"Feature","properties":{"slip_type":"Dextral","catalog_name":"EMME","catalog_id":"ME_IR76s1","net_slip_rate":"(1.5,1.0,2.0)"},"geometry":{"type":"LineString","coordinates":[[52.2864,32.9021],[52.2426,33.0276],[52.2306,33.0694],[52.0219,33.3987],[51.9359,33.5015],[51.8081,33.5928],[51.7272,33.6485],[51.6267,33.6901],[51.5393,33.7419],[51.4748,33.8048],[51.4541,33.838],[51.4387,33.872],[51.4164,33.8893],[51.376,33.9072],[51.3562,33.9494],[51.3248,33.9917],[51.3036,34.0285],[51.2893,34.0671],[51.2761,34.122],[51.2421,34.1633]]}},{"type":"Feature","properties":{"slip_type":"Sinistral","catalog_name":"EMME","catalog_id":"ME_IR62s1","net_slip_rate":"(1.2,0.5,2.0)"},"geometry":{"type":"LineString","coordinates":[[52.5745,35.664],[52.6252,35.6716],[52.6845,35.6835],[52.732,35.6996],[52.8244,35.77],[52.8809,35.7945],[52.9254,35.8177],[52.9709,35.8374],[53.0072,35.8616],[53.0497,35.8677],[53.0861,35.8768],[53.1361,35.8753],[53.1741,35.8757],[53.2088,35.8768],[53.2452,35.8904],[53.3148,35.8876],[53.3908,35.894],[53.4331,35.8976]]}},{"type":"Feature","properties":{"slip_type":"Sinistral-Normal","catalog_name":"EMME","catalog_id":"ME_IR138","net_slip_rate":"(1.5,1.0,2.0)"},"geometry":{"type":"LineString","coordinates":[[50.5022,36.0816],[50.6329,36.1022],[50.672,36.1023],[50.7349,36.0932],[50.802,36.0932],[50.8408,36.0976],[50.8721,36.1089],[50.9148,36.1118],[51.015,36.1093],[51.1102,36.1152],[51.1656,36.0991]]}},{"type":"Feature","properties":{"slip_type":"Dextral","catalog_name":"EMME","catalog_id":"ME_IR71","net_slip_rate":"(1.5,0.5,2.5)"},"geometry":{"type":"LineString","coordinates":[[51.1958,35.5381],[51.2949,35.534],[51.3357,35.5431],[51.3821,35.509],[51.5202,35.4901]]}},{"type":"Feature","properties":{"slip_type":"Dextral","catalog_name":"EMME","catalog_id":"ME_IR4s4s2","net_slip_rate":"(2.5,1.0,4.0)"},"geometry":{"type":"LineString","coordinates":[[47.7987,34.4933],[47.5061,34.5996],[47.2867,34.7363],[46.9322,34.8731]]}},{"type":"Feature","properties":{"slip_type":"Sinistral","catalog_name":"EMME","catalog_id":"ME_IR100","net_slip_rate":"(1.5,1.0,2.0)"},"geometry":{"type":"LineString","coordinates":[[52.5062,35.6867],[52.4572,35.6895],[52.3314,35.7152],[52.2377,35.7254],[52.1517,35.7396],[52.0361,35.7601],[51.9437,35.7832],[51.9013,35.7896],[51.8602,35.805],[51.7672,35.8158],[51.7222,35.8354],[51.6458,35.8804],[51.5534,35.9257],[51.4637,35.9607],[51.4206,35.9686],[51.3776,35.9828],[51.3757,35.9913],[51.39,36.0056],[51.3937,36.0207],[51.37,36.0293],[51.3397,36.0252],[51.3112,36.035],[51.2572,36.0653],[51.224,36.0767],[51.1785,36.0814]]}},{"type":"Feature","properties":{"slip_type":"Reverse","catalog_name":"EMME","catalog_id":"ME_IR25s1","net_slip_rate":"(1.5,1.5,1.5)"},"geometry":{"type":"LineString","coordinates":[[51.0278,36.1975],[50.9849,36.2172],[50.9205,36.2637],[50.8346,36.3156],[50.8024,36.3281],[50.7237,36.346],[50.6843,36.3424],[50.6467,36.346],[50.4428,36.3818],[50.3694,36.4176],[50.3461,36.439],[50.3193,36.4354],[50.2927,36.4529],[50.2258,36.5129],[50.1805,36.5356],[50.0035,36.5763],[49.9095,36.5737],[49.8631,36.5676],[49.7463,36.5777],[49.6979,36.5777]]}},{"type":"Feature","properties":{"slip_type":"Reverse","catalog_name":"EMME","catalog_id":"ME_IR82s2","net_slip_rate":"(1.5,0.5,2.5)"},"geometry":{"type":"LineString","coordinates":[[54.0554,36.7257],[53.7881,36.7171],[53.5227,36.6896],[53.3741,36.6554],[53.2766,36.5932],[53.1776,36.5301],[53.0902,36.451],[52.9469,36.4132]]}},{"type":"Feature","properties":{"slip_type":"Sinistral-Reverse","catalog_name":"EMME","catalog_id":"ME_IR87","net_slip_rate":"(1.4,0.85,2.0)"},"geometry":{"type":"LineString","coordinates":[[50.0265,37.1716],[49.7904,37.0674],[49.5813,37.0057],[49.4152,36.9226]]}},{"type":"Feature","properties":{"slip_type":"Reverse","catalog_name":"EMME","catalog_id":"ME_IR16s1","net_slip_rate":"(1.5,1.0,2.0)"},"geometry":{"type":"LineString","coordinates":[[45.6374,35.5956],[46.0126,34.9433],[46.9424,34.1034],[47.6854,33.8412],[48.4805,33.3488],[49.2691,33.0957],[49.5163,32.8691]]}},{"type":"Feature","properties":{"slip_type":"Reverse","catalog_name":"EMME","catalog_id":"ME_IR16s2","net_slip_rate":"(1.5,1.0,2.0)"},"geometry":{"type":"LineString","coordinates":[[51.3561,30.9896],[51.512,30.8584],[51.7977,30.6896],[51.8276,30.5519],[51.8913,30.3778],[52.0342,30.2466],[52.2316,30.1055],[52.3466,30.0368],[52.4873,29.9201],[52.5662,29.8652],[52.7138,29.7177],[52.954,29.5993],[53.0792,29.5581],[53.199,29.5347]]}},{"type":"Feature","properties":{"slip_type":"Dextral","catalog_name":"EMME","catalog_id":"ME_IR74","net_slip_rate":"(1.5,1.0,2.0)"},"geometry":{"type":"LineString","coordinates":[[52.0798,29.8277],[52.0845,29.7935],[52.0886,29.7636],[52.1117,29.7309],[52.1337,29.7138],[52.144,29.6789],[52.1964,29.5895],[52.2321,29.1117],[52.3549,28.834]]}},{"type":"Feature","properties":{"slip_type":"Reverse","catalog_name":"EMME","catalog_id":"ME_IR97s31","net_slip_rate":"(1.0,1.0,1.0)"},"geometry":{"type":"LineString","coordinates":[[51.6407,28.2508],[52.0457,27.9123],[52.2692,27.7049],[52.6372,27.5049],[52.9347,27.2939],[53.4029,27.161],[53.5047,27.1883],[53.7146,27.1407],[53.7857,27.1132],[53.803,27.0798],[53.8578,27.0387],[53.9521,26.999],[54.1469,26.968]]}},{"type":"Feature","properties":{"slip_type":"Reverse","catalog_name":"EMME","catalog_id":"ME_IR97s6","net_slip_rate":"(1.0,1.0,1.0)"},"geometry":{"type":"LineString","coordinates":[[48.8634,32.7952],[48.9267,32.7485],[48.9749,32.6989],[48.9946,32.6413],[49.0309,32.6184],[49.0733,32.605],[49.1156,32.5748],[49.1616,32.507],[49.2088,32.455],[49.2488,32.4199],[49.279,32.3703],[49.3202,32.311],[49.3552,32.2844],[49.4157,32.2384],[49.4702,32.2166],[49.6202,32.0501],[49.6597,32.0256],[49.7099,31.9996],[49.7507,31.968],[49.7878,31.9291],[49.8138,31.866],[49.8194,31.8251],[49.8305,31.7657],[49.8583,31.7249],[49.9029,31.6913],[49.9557,31.6649],[50.211,31.2665]]}},{"type":"Feature","properties":{"slip_type":"Reverse","catalog_name":"EMME","catalog_id":"ME_IR23","net_slip_rate":"(1.0,1.0,1.0)"},"geometry":{"type":"LineString","coordinates":[[49.2133,31.1898],[49.2349,31.1484],[49.2614,31.1153],[49.2912,31.0804],[49.331,31.0423],[49.3725,31.0108],[49.5221,30.9856],[49.5568,30.9469],[49.5929,30.9148],[49.6276,30.8788],[49.6637,30.8467],[49.7037,30.8013],[49.7305,30.7559],[49.7587,30.7224],[49.7892,30.6904],[49.828,30.649],[49.8621,30.6169]]}},{"type":"Feature","properties":{"slip_type":"Reverse","catalog_name":"EMME","catalog_id":"ME_IR115","net_slip_rate":"(1.0,1.0,1.0)"},"geometry":{"type":"LineString","coordinates":[[49.7785,30.6138],[49.7848,30.5603],[49.7879,30.5036],[49.791,30.4564],[49.7973,30.4061],[49.8162,30.3494],[49.8571,30.3211],[49.9064,30.3032],[49.9591,30.2834],[50.0118,30.2636],[50.0571,30.2464],[50.1156,30.2274],[50.1608,30.2118],[50.2102,30.1937],[50.2621,30.1731],[50.3702,30.1259]]}},{"type":"Feature","properties":{"slip_type":"Reverse","catalog_name":"EMME","catalog_id":"ME_IR99","net_slip_rate":"(0.6,0.1,1.0)"},"geometry":{"type":"LineString","coordinates":[[50.6586,30.5837],[50.6902,30.5447],[50.7106,30.515],[50.7273,30.4909],[50.7421,30.4612],[50.7625,30.4352],[50.7941,30.4166],[50.8201,30.4018],[50.9222,30.361],[50.9667,30.3424],[51.0001,30.3183],[51.0446,30.2997],[51.0873,30.283],[51.13,30.2552],[51.1746,30.2292],[51.2247,30.2125],[51.2729,30.1939]]}},{"type":"Feature","properties":{"slip_type":"Reverse","catalog_name":"EMME","catalog_id":"ME_IR97s7","net_slip_rate":"(1.0,1.0,1.0)"},"geometry":{"type":"LineString","coordinates":[[45.7257,33.872],[45.7471,33.8264],[45.787,33.7808],[45.8197,33.7424],[45.8653,33.6982],[45.8989,33.6791],[45.9397,33.6624],[45.9861,33.6513],[46.0348,33.6227],[46.0818,33.6099],[46.1259,33.5857],[46.1699,33.5678],[46.2181,33.5306],[46.2627,33.4917],[46.2979,33.4471],[46.3388,33.4137],[46.387,33.3747],[46.4186,33.3487],[46.452,33.3283],[46.502,33.3108]]}},{"type":"Feature","properties":{"slip_type":"Reverse","catalog_name":"EMME","catalog_id":"ME_IR97s1","net_slip_rate":"(1.0,1.0,1.0)"},"geometry":{"type":"LineString","coordinates":[[46.3054,33.2318],[46.3499,33.2114],[46.3926,33.1947],[46.4603,33.1718],[46.5033,33.1538],[46.5497,33.1191],[46.5802,33.0824],[46.6003,33.0464],[46.6052,33.0042],[46.6082,32.9776],[46.6349,32.9515],[46.6522,32.9321],[46.6791,32.9088],[46.7284,32.894],[46.779,32.8781],[46.8372,32.8635],[46.8926,32.8587],[46.9342,32.8504],[46.9764,32.8233],[47.0194,32.7873],[47.0598,32.7728],[47.1212,32.7735],[47.2473,32.7444],[47.2972,32.7243],[47.3387,32.7049],[47.3824,32.6931],[47.424,32.6917],[47.4801,32.7],[47.5112,32.698],[47.5611,32.6827]]}},{"type":"Feature","properties":{"slip_type":"Reverse","catalog_name":"EMME","catalog_id":"ME_IR97s2","net_slip_rate":"(1.0,1.0,1.0)"},"geometry":{"type":"LineString","coordinates":[[47.2553,33.0715],[47.2968,33.0507],[47.3384,33.03],[47.3825,33.0167],[47.4293,32.9996],[47.4761,32.9832],[47.5185,32.9676],[47.5575,32.946],[47.5965,32.926],[47.6497,32.8942],[47.6943,32.87],[47.7369,32.8515],[47.7818,32.8291],[47.8164,32.8039],[47.858,32.784],[47.8987,32.7719],[48.0673,32.7457]]}},{"type":"Feature","properties":{"slip_type":"Sinistral-Reverse","catalog_name":"EMME","catalog_id":"ME_IR105s2","net_slip_rate":"(1.3,0.5,2.14)"},"geometry":{"type":"LineString","coordinates":[[52.5867,35.9536],[52.7833,36.0257],[52.951,36.1333],[53.1588,36.2003],[54.3927,36.602]]}},{"type":"Feature","properties":{"slip_type":"Dextral-Reverse","catalog_name":"EMME","catalog_id":"ME_IR65","net_slip_rate":"(2.4,2.21,2.5)"},"geometry":{"type":"LineString","coordinates":[[49.7952,35.1742],[49.8652,35.1254],[49.9139,35.0609],[50.016,34.9781],[50.089,34.959],[50.1215,34.9468],[50.2685,34.8572],[50.303,34.8263],[50.3424,34.7793],[50.382,34.698],[50.4928,34.5895],[50.5415,34.5748]]}},{"type":"Feature","properties":{"slip_type":"Reverse","catalog_name":"EMME","catalog_id":"ME_IR139","net_slip_rate":"(2.2,1.0,3.5)"},"geometry":{"type":"LineString","coordinates":[[48.57,39.0128],[48.7244,38.767],[48.8061,38.5226],[48.8313,38.3266],[48.8567,38.0249],[48.9033,37.7923],[48.9606,37.61],[49.0664,37.4134],[49.1557,37.2651],[49.2349,37.195]]}},{"type":"Feature","properties":{"slip_type":"Dextral","catalog_name":"EMME","catalog_id":"ME_IR151s1","net_slip_rate":"(1.0,1.0,1.0)"},"geometry":{"type":"LineString","coordinates":[[44.5876,39.4175],[44.6289,39.337],[44.6345,39.2854],[44.6723,39.2048],[44.6978,39.1693],[44.7763,39.0497],[44.8705,38.9649],[44.965,38.8473],[45.0327,38.7439],[45.1146,38.6602],[45.1948,38.6121]]}},{"type":"Feature","properties":{"slip_type":"Dextral-Normal","catalog_name":"EMME","catalog_id":"ME_IR7","net_slip_rate":"(1.5,1.0,2.0)"},"geometry":{"type":"LineString","coordinates":[[44.4408,38.3071],[44.4825,38.2773],[44.5297,38.2436],[44.5738,38.2121],[44.6095,38.1866],[44.6321,38.1704],[44.6768,38.1445],[44.6789,38.1433],[44.7209,38.1318],[44.763,38.1204],[44.8097,38.1087],[44.8122,38.108],[44.8697,38.0629],[44.9271,38.0424],[44.9743,38.0342],[45.0298,38.026]]}},{"type":"Feature","properties":{"slip_type":"Sinistral-Reverse","catalog_name":"EMME","catalog_id":"ME_IR21","net_slip_rate":"(1.1,0.71,1.5)"},"geometry":{"type":"LineString","coordinates":[[48.8769,37.0023],[49.0107,36.9567],[49.1448,36.8887],[49.2767,36.8427],[49.4564,36.8024],[49.5615,36.7931],[49.6648,36.7389],[49.8181,36.6894]]}},{"type":"Feature","properties":{"slip_type":"Reverse","catalog_name":"EMME","catalog_id":"ME_IR52","net_slip_rate":"(1.5,1.0,2.0)"},"geometry":{"type":"LineString","coordinates":[[48.1175,32.5991],[48.1646,32.5922],[48.2055,32.586],[48.2519,32.5742],[48.2983,32.5645],[48.3537,32.5541],[48.3967,32.5382],[48.4403,32.5153],[48.484,32.4925],[48.5117,32.462],[48.5477,32.4391],[48.5754,32.4114],[48.6094,32.374],[48.6558,32.3518],[48.7057,32.3359],[48.7465,32.3241],[48.7826,32.3123],[48.82,32.2853],[48.8601,32.2625],[48.8989,32.2341],[48.9377,32.2154],[48.9474,32.131],[48.9474,32.1301],[48.9758,32.108],[49.0091,32.0914],[49.041,32.0706],[49.0583,32.029],[49.0964,32.0172],[49.1289,32.0193],[49.1366,31.9764],[49.1643,31.9466],[49.201,31.9175],[49.2315,31.8849],[49.2578,31.853],[49.2827,31.8142],[49.3021,31.7768],[49.3423,31.7394],[49.3853,31.7207],[49.4192,31.711],[49.4628,31.6868],[49.4982,31.6514],[49.539,31.6182],[49.5681,31.5863],[49.5896,31.5482],[49.6263,31.5143],[49.6603,31.5053],[49.6905,31.472],[49.742,31.4452],[49.776,31.4194],[49.7997,31.3834],[49.8285,31.3525],[49.8487,31.312],[49.8633,31.2607]]}},{"type":"Feature","properties":{"slip_type":"Reverse","catalog_name":"EMME","catalog_id":"ME_IR146s3","net_slip_rate":"(1.0,1.0,1.0)"},"geometry":{"type":"LineString","coordinates":[[47.9592,32.0315],[47.964,31.9891],[47.9823,31.9429],[48.0103,31.8967],[48.0488,31.8582],[48.0728,31.8466],[48.0815,31.8168],[48.1056,31.786],[48.1585,31.7542],[48.1865,31.7523]]}},{"type":"Feature","properties":{"slip_type":"Reverse","catalog_name":"EMME","catalog_id":"ME_IR146s1","net_slip_rate":"(1.0,1.0,1.0)"},"geometry":{"type":"LineString","coordinates":[[45.4974,33.963],[45.5196,33.9288],[45.5473,33.8975],[45.5677,33.8645],[45.5959,33.8255],[45.6157,33.7906],[45.6361,33.7558],[45.6583,33.7174],[45.6848,33.6856],[45.7172,33.6567],[45.755,33.6249],[45.7976,33.5889],[45.8247,33.5571],[45.8475,33.5294],[45.8733,33.491],[45.9051,33.458],[45.9376,33.4226],[45.967,33.3793],[45.9922,33.3463],[46.0228,33.3121],[46.0468,33.2803],[46.0835,33.2478],[46.1195,33.2238],[46.1513,33.2064],[46.1855,33.2016],[46.221,33.2022],[46.2558,33.2046],[46.2996,33.2004],[46.3465,33.1902],[46.4011,33.1776]]}},{"type":"Feature","properties":{"slip_type":"Reverse","catalog_name":"EMME","catalog_id":"ME_IR146s2","net_slip_rate":"(1.0,1.0,1.0)"},"geometry":{"type":"LineString","coordinates":[[45.9462,33.1193],[45.9827,33.0679],[46.0175,33.0364],[46.0573,33.0033],[46.1103,32.9767],[46.1633,32.9569],[46.2131,32.9618],[46.2595,32.9668],[46.3026,32.9651],[46.3573,32.9569],[46.4087,32.9436],[46.4534,32.9254],[46.5061,32.9044],[46.5512,32.8793],[46.5904,32.8504],[46.6436,32.8201],[46.6969,32.795],[46.7442,32.7625],[46.7952,32.7152],[46.8469,32.6708],[46.8972,32.6353]]}},{"type":"Feature","properties":{"slip_type":"Reverse","catalog_name":"EMME","catalog_id":"ME_IR24","net_slip_rate":"(1.0,1.0,1.0)"},"geometry":{"type":"LineString","coordinates":[[48.1402,31.6609],[48.1712,31.6418],[48.2128,31.6204],[48.2519,31.5982],[48.303,31.5761],[48.3473,31.5549],[48.3858,31.527],[48.4282,31.4923],[48.4638,31.4663],[48.5055,31.4515],[48.5449,31.4226],[48.595,31.3871],[48.6451,31.36],[48.6949,31.3353],[48.7372,31.3122],[48.7767,31.2853],[48.8171,31.2591],[48.8648,31.2302],[48.9052,31.2028],[48.9409,31.1719],[48.9968,31.1314]]}},{"type":"Feature","properties":{"slip_type":"Reverse","catalog_name":"EMME","catalog_id":"ME_IR97s4","net_slip_rate":"(1.0,1.0,1.0)"},"geometry":{"type":"LineString","coordinates":[[49.9236,31.2852],[49.9273,31.2593],[49.9403,31.224],[49.9589,31.1906],[49.9775,31.1553],[49.9997,31.1238],[50.0239,31.0941],[50.0498,31.0662],[50.087,31.0477],[50.1092,31.0217],[50.1315,30.9864],[50.1575,30.9474],[50.1853,30.914],[50.215,30.8806],[50.2373,30.8509],[50.2726,30.8249],[50.3004,30.799]]}},{"type":"Feature","properties":{"slip_type":"Reverse","catalog_name":"EMME","catalog_id":"ME_IR97s5","net_slip_rate":"(1.0,1.0,1.0)"},"geometry":{"type":"LineString","coordinates":[[50.2169,30.7841],[50.2559,30.747],[50.2893,30.721],[50.3301,30.6876],[50.3672,30.6728],[50.4136,30.6486],[50.4619,30.6245],[50.5027,30.6059],[50.551,30.5837],[50.5955,30.5633]]}},{"type":"Feature","properties":{"slip_type":"Reverse","catalog_name":"EMME","catalog_id":"ME_IR123","net_slip_rate":"(1.0,1.0,1.0)"},"geometry":{"type":"LineString","coordinates":[[50.2055,32.0137],[50.2218,31.9773],[50.2356,31.9396],[50.272,31.9107],[50.3085,31.8856],[50.3411,31.8554],[50.3543,31.8271],[50.3587,31.8177],[50.3813,31.7939],[50.419,31.7612],[50.4404,31.7449],[50.4642,31.7361],[50.4937,31.7223],[50.5661,31.7042],[50.6011,31.703],[50.6409,31.7018],[50.6807,31.7006],[50.7253,31.7006],[50.7591,31.7151],[50.8097,31.7163],[50.8387,31.7199]]}},{"type":"Feature","properties":{"slip_type":"Reverse","catalog_name":"EMME","catalog_id":"ME_IR16s3","net_slip_rate":"(1.0,1.0,1.0)"},"geometry":{"type":"LineString","coordinates":[[50.3354,31.8945],[50.3604,31.8907],[50.3851,31.887],[50.4227,31.9066],[50.4513,31.9201],[50.5025,31.9261],[50.5357,31.9276],[50.6079,31.9171],[50.6441,31.902],[50.6757,31.8825],[50.6983,31.8599],[50.7164,31.8313],[50.7205,31.8271],[50.7329,31.8147],[50.7616,31.7966],[50.7887,31.774],[50.8188,31.759],[50.8414,31.7514],[50.8715,31.7289],[50.9001,31.6792],[50.9302,31.6746],[50.9649,31.6656],[50.998,31.6551],[51.0326,31.64],[51.0703,31.628],[51.1019,31.6219],[51.1305,31.6191]]}},{"type":"Feature","properties":{"slip_type":"Dextral-Reverse","catalog_name":"EMME","catalog_id":"ME_IR30","net_slip_rate":"(1.5,1.0,2.0)"},"geometry":{"type":"LineString","coordinates":[[53.4901,29.1549],[53.5253,29.1373],[53.5695,29.1282],[53.6241,29.1178],[53.663,29.1061],[53.7111,29.088],[53.7527,29.0672],[53.7955,29.0464],[53.8332,29.0217],[53.8825,29.0117],[53.9723,28.9871],[54.1008,28.9446],[54.1477,28.9084]]}},{"type":"Feature","properties":{"slip_type":"Reverse","catalog_name":"EMME","catalog_id":"ME_IR112","net_slip_rate":"(1.5,1.0,2.0)"},"geometry":{"type":"LineString","coordinates":[[52.3549,28.834],[52.3793,28.8077],[52.3981,28.7777],[52.415,28.7439],[52.43,28.71],[52.4375,28.6725],[52.4488,28.6349],[52.4563,28.5973],[52.4675,28.5545],[52.5221,28.5109],[52.7663,28.4715],[52.8038,28.4677],[52.8564,28.4621],[52.9053,28.4508],[52.9184,28.4446],[52.9447,28.432],[52.9766,28.417],[53.0048,28.402],[53.0367,28.3813],[53.0762,28.3663],[53.1232,28.3475],[53.1626,28.3344],[53.202,28.3175],[53.2396,28.2968],[53.2753,28.2799],[53.326,28.2705],[53.3692,28.2592]]}},{"type":"Feature","properties":{"slip_type":"Sinistral-Reverse","catalog_name":"EMME","catalog_id":"ME_SY1s2","net_slip_rate":"(2.6,2.35,2.85)"},"geometry":{"type":"LineString","coordinates":[[36.3728,36.2321],[36.3121,35.9732],[36.2671,35.6625],[36.2487,35.3848]]}},{"type":"Feature","properties":{"slip_type":"Sinistral","catalog_name":"EMME","catalog_id":"ME_SY1s3s1","net_slip_rate":"(5.0,3.0,7.0)"},"geometry":{"type":"LineString","coordinates":[[36.3518,35.291],[36.3375,34.9778],[36.3396,34.8974],[36.3287,34.7654],[36.3281,34.6701]]}},{"type":"Feature","properties":{"slip_type":"Sinistral","catalog_name":"EMME","catalog_id":"ME_SY1s5","net_slip_rate":"(1.0,0.5,1.5)"},"geometry":{"type":"LineString","coordinates":[[36.4453,36.1266],[36.4115,36.0097],[36.3719,35.7809]]}},{"type":"Feature","properties":{"slip_type":"Sinistral-Normal","catalog_name":"EMME","catalog_id":"ME_SY1s6","net_slip_rate":"None"},"geometry":{"type":"LineString","coordinates":[[36.815,36.2224],[36.5865,36.0375],[36.5702,36.0097],[36.5021,35.8802],[36.4682,35.7521],[36.3856,35.6199],[36.3811,35.521],[36.3617,35.345]]}},{"type":"Feature","properties":{"slip_type":"Sinistral","catalog_name":"EMME","catalog_id":"ME_SY2s3s3","net_slip_rate":"(0.8,0.5,1.0)"},"geometry":{"type":"LineString","coordinates":[[39.7361,35.4408],[39.1829,35.2668],[38.8551,35.0448]]}},{"type":"Feature","properties":{"slip_type":"Reverse","catalog_name":"EMME","catalog_id":"ME_SY2s1s2","net_slip_rate":"(0.8,0.5,1.0)"},"geometry":{"type":"LineString","coordinates":[[38.7134,34.916],[38.2242,34.611],[38.0509,34.4166],[37.6126,34.2764],[36.7892,33.632]]}},{"type":"Feature","properties":{"slip_type":"Reverse","catalog_name":"EMME","catalog_id":"ME_SY2s1s3","net_slip_rate":"(0.6,0.5,0.75)"},"geometry":{"type":"LineString","coordinates":[[38.2158,34.3684],[37.8383,34.2431]]}},{"type":"Feature","properties":{"slip_type":"Reverse","catalog_name":"EMME","catalog_id":"ME_SY2s2","net_slip_rate":"(1.0,0.5,1.5)"},"geometry":{"type":"LineString","coordinates":[[37.2166,34.41],[37.1342,34.3317],[37.117,34.303],[37.0009,34.0956],[36.9635,34.0613],[36.9163,34.0433],[36.8537,33.9936],[36.7938,33.9146],[36.4182,33.6141],[36.3255,33.6018]]}},{"type":"Feature","properties":{"slip_type":"Sinistral","catalog_name":"EMME","catalog_id":"ME_LB1s2","net_slip_rate":"(4.7,3.0,6.41)"},"geometry":{"type":"LineString","coordinates":[[35.5588,33.1671],[35.5768,33.3532],[35.648,33.5133],[35.7208,33.6658],[35.7567,33.7209],[35.7944,33.7635],[35.9217,33.9534],[35.9654,34.0056],[36.0101,34.0856],[36.0592,34.1744],[36.1652,34.293],[36.206,34.3291],[36.2866,34.4752],[36.313,34.568],[36.3281,34.6701]]}},{"type":"Feature","properties":{"slip_type":"Sinistral","catalog_name":"EMME","catalog_id":"ME_LB3s1","net_slip_rate":"(0.9,0.5,1.3)"},"geometry":{"type":"LineString","coordinates":[[35.6615,33.1318],[35.6431,33.2007],[35.6755,33.3038],[35.7328,33.417],[35.7909,33.469],[35.8525,33.5497],[35.8979,33.5949],[35.9397,33.6503],[36.0051,33.7212]]}},{"type":"Feature","properties":{"slip_type":"Sinistral","catalog_name":"EMME","catalog_id":"ME_LB3s2","net_slip_rate":"(0.9,0.5,1.3)"},"geometry":{"type":"LineString","coordinates":[[36.0036,33.5039],[36.1008,33.6491],[36.1911,33.7726],[36.2108,33.8945],[36.3075,34.0694],[36.4393,34.2192]]}},{"type":"Feature","properties":{"slip_type":"Reverse","catalog_name":"EMME","catalog_id":"ME_LB2","net_slip_rate":"(1.5,1.0,2.0)"},"geometry":{"type":"LineString","coordinates":[[35.2612,33.7589],[35.4114,33.9618],[35.4869,33.9929],[35.5545,34.1187],[35.5572,34.2207],[35.6657,34.3381]]}},{"type":"Feature","properties":{"slip_type":"Sinistral","catalog_name":"EMME","catalog_id":"ME_JO1","net_slip_rate":"(4.8,3.5,6.0)"},"geometry":{"type":"LineString","coordinates":[[35.5601,33.134],[35.6214,33.0167],[35.6292,32.9368],[35.6099,32.7395],[35.5452,31.9042],[35.4866,31.7287]]}},{"type":"Feature","properties":{"slip_type":"Sinistral","catalog_name":"EMME","catalog_id":"ME_JO2","net_slip_rate":"(3.5,3.14,3.84)"},"geometry":{"type":"LineString","coordinates":[[35.4778,31.7036],[35.4367,31.6682],[35.4051,31.5886],[35.361,31.2222],[35.353,30.9889]]}},{"type":"Feature","properties":{"slip_type":"Sinistral","catalog_name":"EMME","catalog_id":"ME_JO3","net_slip_rate":"(1.6,0.5,2.69)"},"geometry":{"type":"LineString","coordinates":[[35.6381,31.7961],[35.6174,31.7653],[35.6128,31.7362],[35.5705,31.612],[35.5423,31.265],[35.5169,31.1149]]}},{"type":"Feature","properties":{"slip_type":"Sinistral","catalog_name":"EMME","catalog_id":"ME_JO4","net_slip_rate":"(4.8,3.5,6.0)"},"geometry":{"type":"LineString","coordinates":[[35.5073,31.0393],[35.4835,30.9282],[35.4294,30.8573],[35.3935,30.7214],[35.3591,30.6034],[35.3403,30.5781],[35.2828,30.4349],[35.2713,30.4031],[35.2152,30.2041],[35.2031,30.1834],[35.1062,29.8697],[35.0836,29.8385],[35.0147,29.6484],[34.7581,29.171]]}},{"type":"Feature","properties":{"slip_type":"Sinistral","catalog_name":"EMME","catalog_id":"ME_JO99s1","net_slip_rate":"(4.0,3.5,4.6)"},"geometry":{"type":"LineString","coordinates":[[34.9395,29.3509],[34.6063,28.6228]]}},{"type":"Feature","properties":{"slip_type":"Sinistral","catalog_name":"EMME","catalog_id":"ME_JO99s2","net_slip_rate":"(4.0,3.5,4.6)"},"geometry":{"type":"LineString","coordinates":[[34.8193,28.8551],[34.4721,28.0767]]}},{"type":"Feature","properties":{"slip_type":"Sinistral","catalog_name":"EMME","catalog_id":"ME_JO8","net_slip_rate":"(0.4,0.2,0.63)"},"geometry":{"type":"LineString","coordinates":[[35.4015,30.4246],[35.4005,30.325],[35.275,29.5335]]}},{"type":"Feature","properties":{"slip_type":"Normal","catalog_name":"EMME","catalog_id":"ME_JO5","net_slip_rate":"(0.5,0.025,1.0)"},"geometry":{"type":"LineString","coordinates":[[35.337,30.277],[35.2816,30.2154],[35.2333,30.1463],[35.2284,30.0589],[35.2044,29.9855],[35.1363,29.8073],[35.1148,29.6902],[35.0525,29.5172],[35.0383,29.4195],[35.049,29.338]]}},{"type":"Feature","properties":{"slip_type":"Normal","catalog_name":"EMME","catalog_id":"ME_JO7","net_slip_rate":"(0.5,0.025,1.0)"},"geometry":{"type":"LineString","coordinates":[[35.5847,30.6987],[35.5658,30.6619],[35.5205,30.6173],[35.4538,30.5518],[35.4043,30.4531]]}},{"type":"Feature","properties":{"slip_type":"Reverse","catalog_name":"EMME","catalog_id":"ME_AZ11s1","net_slip_rate":"(0.7,0.63,0.77)"},"geometry":{"type":"LineString","coordinates":[[46.667,41.1811],[46.8457,41.1708],[47.1575,40.9716],[47.5207,40.8623],[47.7843,40.8333]]}},{"type":"Feature","properties":{"slip_type":"Reverse","catalog_name":"EMME","catalog_id":"ME_AZ11s2","net_slip_rate":"(1.5,1.0,2.0)"},"geometry":{"type":"LineString","coordinates":[[48.1198,40.7794],[48.27,40.7184],[48.4494,40.6181],[48.7167,40.4553],[49.0747,40.2371],[49.1941,40.1448],[49.2803,40.0537],[49.4033,39.943],[49.4639,39.8943],[49.5632,39.813],[49.7994,39.4826],[50.029,39.3028],[50.5015,39.0595]]}},{"type":"Feature","properties":{"slip_type":"Dextral-Reverse","catalog_name":"EMME","catalog_id":"ME_AZ-13","net_slip_rate":"(0.7,0.63,0.77)"},"geometry":{"type":"LineString","coordinates":[[46.5413,41.1045],[46.944,40.8873],[47.7189,40.643]]}},{"type":"Feature","properties":{"slip_type":"Reverse","catalog_name":"EMME","catalog_id":"ME_AZ14","net_slip_rate":"(0.8,0.2,1.5)"},"geometry":{"type":"LineString","coordinates":[[45.3083,41.4762],[45.4085,41.3881],[45.4797,41.3384],[45.7104,41.2303],[45.8778,41.1326],[45.9507,41.1078],[46.2408,41.0603],[46.3589,41.0304],[46.4145,41.0077]]}},{"type":"Feature","properties":{"slip_type":"Dextral","catalog_name":"EMME","catalog_id":"ME_AZ15s1","net_slip_rate":"(0.8,0.5,1.0)"},"geometry":{"type":"LineString","coordinates":[[45.2095,41.4237],[45.2851,41.3331],[45.3379,41.3044],[45.5131,41.2319],[45.5524,41.1972],[45.7155,41.1292],[45.8696,41.0476],[46.0629,40.9842],[46.2653,40.9434],[46.6157,40.8981],[46.7879,40.8679],[46.9224,40.8195],[47.016,40.7984],[47.1066,40.7924],[47.4435,40.6897],[47.67,40.6323],[47.7398,40.6194],[47.7978,40.6139]]}},{"type":"Feature","properties":{"slip_type":"Dextral-Reverse","catalog_name":"EMME","catalog_id":"ME_AZ15s2","net_slip_rate":"(0.7,0.63,0.77)"},"geometry":{"type":"LineString","coordinates":[[47.8207,40.611],[47.8506,40.6031],[47.8951,40.5935],[47.9634,40.5777],[48.0157,40.5666],[48.1888,40.5491],[48.3381,40.5475],[48.392,40.5507],[48.4413,40.5507],[48.5064,40.5284],[48.6191,40.4173],[48.6715,40.384],[48.708,40.3617],[48.7763,40.2887],[48.8064,40.2458],[48.8366,40.2014],[48.859,40.1439],[48.8668,40.1283],[48.8993,40.0518]]}},{"type":"Feature","properties":{"slip_type":"Reverse","catalog_name":"EMME","catalog_id":"ME_AZ16","net_slip_rate":"(1.5,0.5,2.5)"},"geometry":{"type":"LineString","coordinates":[[45.0539,41.3238],[45.1287,41.2882],[45.2085,41.2696],[45.2911,41.2255],[45.3566,41.2255],[45.3907,41.2198],[45.4249,41.2141],[45.4676,41.2056],[45.4989,41.1913],[45.5516,41.1614],[45.5986,41.1372],[45.6399,41.1258],[45.6798,41.1016],[45.7353,41.0646],[45.8036,41.0361],[45.8563,41.0134],[45.9788,40.9678],[46.3888,40.8197],[46.5102,40.7543],[46.6054,40.7172],[46.7261,40.6684],[46.8701,40.6266],[46.9955,40.5523],[47.1046,40.3991],[47.1765,40.3062],[47.2369,40.2366],[47.3437,40.153],[47.4575,40.0718],[47.6386,39.9417],[47.8931,39.7777],[48.1216,39.6411],[48.3001,39.5138],[48.5077,39.2861],[48.5679,39.0936]]}},{"type":"Feature","properties":{"slip_type":"Dextral","catalog_name":"EMME","catalog_id":"ME_AZ17","net_slip_rate":"(0.6,0.1,1.0)"},"geometry":{"type":"LineString","coordinates":[[44.8043,41.245],[44.8728,41.2419],[45.3865,41.0789],[45.5288,41.0504],[45.6257,40.9934],[45.7011,40.9379],[45.768,40.9009],[45.956,40.8468],[46.181,40.7485],[46.3362,40.6702],[46.4429,40.6375],[46.5398,40.6232],[46.695,40.5634],[46.7969,40.4928],[46.8786,40.4039],[46.9157,40.3214],[46.9527,40.1163],[47.0182,40.0181],[47.1061,39.9226]]}},{"type":"Feature","properties":{"slip_type":"Reverse","catalog_name":"EMME","catalog_id":"ME_AZ4","net_slip_rate":"(0.4,0.39,0.47)"},"geometry":{"type":"LineString","coordinates":[[47.9677,41.3565],[48.2895,41.2355],[48.6333,41.1754],[48.7765,41.15],[48.9579,41.0925],[49.2364,40.9539]]}},{"type":"Feature","properties":{"slip_type":"Reverse","catalog_name":"EMME","catalog_id":"ME_AZ5","net_slip_rate":"(0.4,0.39,0.47)"},"geometry":{"type":"LineString","coordinates":[[47.052,41.6506],[47.2438,41.5138],[47.429,41.3892],[47.8589,41.1933],[47.981,41.1502],[48.1854,41.0897],[48.3404,41.0432],[48.4511,41.0167],[48.5536,41.0035],[48.5545,41.0035],[48.6212,40.995],[48.731,40.9859],[48.8899,40.9229],[49.2634,40.8255],[49.9175,40.7428],[50.1591,40.6694],[50.3713,40.6003],[50.6444,40.5037],[51.0519,40.3483],[51.325,40.2558],[51.4931,40.1886],[51.6612,40.134],[51.9889,39.9869],[52.2032,39.9197],[52.3544,39.8651],[52.6569,39.781],[52.9595,39.7012],[53.1779,39.6508],[53.4132,39.592]]}},{"type":"Feature","properties":{"slip_type":"Reverse","catalog_name":"EMME","catalog_id":"ME_AZ6","net_slip_rate":"(0.6,0.5,0.6)"},"geometry":{"type":"LineString","coordinates":[[47.0656,41.4727],[47.1436,41.4243],[47.2683,41.3449],[47.4266,41.2783],[47.571,41.2116],[47.707,41.1533],[47.9745,41.0718],[48.1506,41.0134],[48.4319,40.9448],[48.7336,40.8725],[48.8939,40.7971],[49.0133,40.7405],[49.1132,40.6948],[49.1737,40.6626],[49.3287,40.6324],[49.4965,40.6021],[49.6199,40.5627],[49.7297,40.5425],[50.053,40.5137],[50.1777,40.5032],[50.3241,40.4571],[50.7326,40.281],[50.9805,40.197],[51.3334,40.0667],[51.5645,39.9785],[51.8082,39.8987],[52.1485,39.7852],[52.4553,39.6886],[52.8376,39.5415]]}},{"type":"Feature","properties":{"slip_type":"Reverse","catalog_name":"EMME","catalog_id":"ME_AZ9","net_slip_rate":"(1.1,0.25,2.0)"},"geometry":{"type":"LineString","coordinates":[[46.269,41.5974],[46.5057,41.4719],[46.7272,41.413],[46.8839,41.2355],[47.1773,41.0312],[47.4629,40.9304],[47.8297,40.8802],[48.0896,40.7907]]}},{"type":"Feature","properties":{"slip_type":"Reverse","catalog_name":"EMME","catalog_id":"ME_AZ5s1","net_slip_rate":"(0.4,0.39,0.47)"},"geometry":{"type":"LineString","coordinates":[[45.651,42.2992],[45.774,42.2495],[45.9661,42.1821],[46.1904,42.1075],[46.3369,42.0643],[46.4481,41.9955],[46.5725,41.9173],[46.828,41.8053],[47.052,41.6506]]}},{"type":"Feature","properties":{"slip_type":"Reverse","catalog_name":"EMME","catalog_id":"ME_AZ6s1","net_slip_rate":"(0.6,0.5,0.6)"},"geometry":{"type":"LineString","coordinates":[[45.6028,42.2169],[45.7227,42.1795],[45.8337,42.1433],[45.9657,42.0982],[46.1039,42.0445],[46.2723,41.9763],[46.4519,41.8975],[46.6352,41.7948],[46.7712,41.7142],[46.8101,41.6948],[46.8823,41.642],[46.998,41.5302],[47.0656,41.4727]]}},{"type":"Feature","properties":{"slip_type":"Dextral-Reverse","catalog_name":"EMME","catalog_id":"ME_IR73","net_slip_rate":"(1.0,0.5,1.5)"},"geometry":{"type":"LineString","coordinates":[[50.9711,36.2991],[51.0045,36.288],[51.0527,36.2731],[51.0892,36.2528],[51.1495,36.2193],[51.1942,36.2081],[51.2523,36.188],[51.2977,36.1785],[51.3367,36.1618],[51.4648,36.1414],[51.8341,36.1377]]}},{"type":"Feature","properties":{"slip_type":"Sinistral-Reverse","catalog_name":"EMME","catalog_id":"ME_IR106","net_slip_rate":"(1.4,1.0,1.88)"},"geometry":{"type":"LineString","coordinates":[[50.2853,36.3545],[50.2396,36.3486],[50.1978,36.3505],[50.1581,36.3406],[50.116,36.3425],[49.9813,36.3704],[49.9316,36.3784],[49.8859,36.3942],[49.8383,36.4002],[49.7826,36.4022],[49.7409,36.3982],[49.6992,36.3982],[49.6515,36.4121],[49.5959,36.4082]]}},{"type":"Feature","properties":{"slip_type":"Sinistral-Reverse","catalog_name":"EMME","catalog_id":"ME_IR108","net_slip_rate":"(1.2,1.0,1.37)"},"geometry":{"type":"LineString","coordinates":[[51.7564,35.8089],[51.7171,35.8082],[51.6531,35.8148],[51.5591,35.8188],[51.4229,35.8206],[51.3112,35.7977],[51.2669,35.7867],[51.2328,35.7755],[51.1994,35.7714],[51.1802,35.765],[51.1332,35.7557],[51.1104,35.7502]]}},{"type":"Feature","properties":{"slip_type":"Sinistral","catalog_name":"EMME","catalog_id":"ME_IR59","net_slip_rate":"(1.0,0.5,1.5)"},"geometry":{"type":"LineString","coordinates":[[50.2282,35.7761],[50.3263,35.7468],[50.3421,35.748],[50.4022,35.7745],[50.4282,35.776],[50.4863,35.7608],[50.5239,35.7639],[50.5585,35.7771],[50.6367,35.7781],[50.6774,35.7862],[50.7861,35.7679],[50.8156,35.7466],[50.8532,35.7364],[50.8898,35.7456]]}},{"type":"Feature","properties":{"slip_type":"Reverse","catalog_name":"EMME","catalog_id":"ME_IR132","net_slip_rate":"(1.0,0.5,1.5)"},"geometry":{"type":"LineString","coordinates":[[51.0857,35.16],[51.1516,35.1311],[51.2306,35.1178],[51.3129,35.1117],[51.3949,35.1077],[51.4693,35.0937],[51.5475,35.0455],[51.5977,35.0215],[51.6418,34.9974],[51.692,34.9774],[51.7441,34.9533],[51.7903,34.936],[51.8464,34.9112]]}},{"type":"Feature","properties":{"slip_type":"Reverse","catalog_name":"EMME","catalog_id":"ME_IR118","net_slip_rate":"(1.0,0.5,1.5)"},"geometry":{"type":"LineString","coordinates":[[50.8347,35.5349],[50.8683,35.4975],[50.9148,35.4729],[50.9549,35.4549],[51.0014,35.4316],[51.0376,35.4104],[51.0388,35.4097],[51.0629,35.3641],[51.0634,35.3632],[51.115,35.3528],[51.1499,35.3385],[51.2007,35.3158],[51.2666,35.2995],[51.3272,35.2768],[51.3682,35.2455],[51.4015,35.195],[51.4017,35.1947],[51.4536,35.1579],[51.4896,35.1397],[51.5309,35.1113]]}},{"type":"Feature","properties":{"slip_type":"Reverse","catalog_name":"EMME","catalog_id":"ME_IR63","net_slip_rate":"(1.0,0.5,1.5)"},"geometry":{"type":"LineString","coordinates":[[51.8943,35.2203],[51.9252,35.2211],[51.9593,35.2149],[51.9832,35.2088],[51.9978,35.1956],[52.0312,35.1764],[52.0645,35.1623],[52.1043,35.1661],[52.1814,35.1828],[52.2019,35.2075],[52.2212,35.2341],[52.2468,35.2611],[52.2892,35.265],[52.3277,35.2598],[52.3701,35.2624],[52.3961,35.2802],[52.4274,35.2885],[52.4792,35.2816],[52.5177,35.2791],[52.5571,35.2783]]}},{"type":"Feature","properties":{"slip_type":"Reverse","catalog_name":"EMME","catalog_id":"ME_IR110","net_slip_rate":"(1.0,0.5,1.5)"},"geometry":{"type":"LineString","coordinates":[[52.0111,35.1003],[51.9626,35.1121],[51.9248,35.1375],[51.8837,35.1581],[51.8607,35.1729],[51.8545,35.186],[51.8382,35.1951],[51.8176,35.2004],[51.805,35.2198],[51.7929,35.2491],[51.7925,35.2501],[51.7638,35.2764],[51.7292,35.3043]]}},{"type":"Feature","properties":{"slip_type":"Dextral-Reverse","catalog_name":"EMME","catalog_id":"ME_IR86","net_slip_rate":"(1.2,0.5,2.0)"},"geometry":{"type":"LineString","coordinates":[[51.0468,34.846],[50.9304,34.8635],[50.714,34.9743],[50.4579,35.1724],[50.1662,35.2334],[49.9261,35.2504],[49.7191,35.334],[49.6418,35.3381],[49.5636,35.3868],[49.4841,35.4754]]}},{"type":"Feature","properties":{"slip_type":"Reverse","catalog_name":"EMME","catalog_id":"ME_IR60","net_slip_rate":"(0.6,0.1,1.0)"},"geometry":{"type":"LineString","coordinates":[[51.528,35.6171],[51.5614,35.5924],[51.628,35.551],[51.6929,35.5424],[51.7029,35.5381],[51.7324,35.5105],[51.8154,35.4756],[51.8584,35.4316],[52.0008,35.3796],[52.2372,35.3276]]}},{"type":"Feature","properties":{"slip_type":"Dextral","catalog_name":"EMME","catalog_id":"ME_IR39","net_slip_rate":"(1.2,0.5,2.0)"},"geometry":{"type":"LineString","coordinates":[[49.8781,36.812],[50.1389,36.7771],[50.3616,36.6843],[50.4879,36.6193],[50.6233,36.5692],[50.8467,36.5041],[50.9485,36.4272]]}},{"type":"Feature","properties":{"slip_type":"Reverse","catalog_name":"EMME","catalog_id":"ME_IR101s1","net_slip_rate":"(2.0,0.5,3.5)"},"geometry":{"type":"LineString","coordinates":[[49.5743,33.1409],[49.6113,33.1014],[49.6659,33.0611],[49.6877,33.0074],[49.7347,32.9847],[49.7805,32.9571],[49.8135,32.9221],[49.8529,32.8819],[49.8897,32.8541],[49.9289,32.8252],[49.968,32.7985],[50.0092,32.7717],[50.0525,32.7428],[50.0854,32.7181],[50.1019,32.679],[50.139,32.6584],[50.1658,32.6213],[50.2029,32.5924],[50.242,32.5657],[50.2832,32.5409],[50.312,32.5059],[50.3347,32.4688],[50.3574,32.4359],[50.3862,32.405],[50.4253,32.3803],[50.4624,32.3555],[50.5036,32.3288],[50.5407,32.3061],[50.584,32.269],[50.6313,32.2525],[50.6767,32.2278],[50.7117,32.201],[50.7385,32.1763],[50.7756,32.1454],[50.8106,32.1186],[50.8518,32.0919],[50.8889,32.0692],[50.928,32.0548],[50.9733,32.0342],[51.0145,32.0156],[51.0578,31.9868],[51.099,31.9621],[51.1322,31.929],[51.1692,31.9038],[51.1979,31.8776],[51.2288,31.8508],[51.2555,31.8179],[51.2775,31.7896],[51.3161,31.7577],[51.3598,31.7342],[51.406,31.709],[51.4513,31.6821],[51.495,31.6603],[51.5412,31.6368],[51.5706,31.6099],[51.5933,31.5889],[51.626,31.5637],[51.6663,31.5335],[51.7041,31.5091],[51.7419,31.473],[51.7814,31.4444],[51.8133,31.4201],[51.8553,31.3915],[51.8956,31.3613],[51.9359,31.3361],[51.9737,31.3126],[52.0216,31.2849],[52.0602,31.2622],[52.1131,31.2328],[52.1417,31.2043],[52.1761,31.1749],[52.2089,31.1446],[52.2458,31.1127],[52.2835,31.0783],[52.3165,31.0433],[52.3536,31.0062],[52.3865,30.9732],[52.4236,30.9382],[52.471,30.9011],[52.5101,30.8723],[52.5465,30.8482],[52.591,30.8121],[52.6337,30.7775],[52.7223,30.726],[52.9366,30.7056],[53.0781,30.697],[53.3465,30.452],[53.7441,30.2646],[53.8347,30.176],[53.9892,30.1041],[54.1688,29.975]]}},{"type":"Feature","properties":{"slip_type":"Reverse","catalog_name":"EMME","catalog_id":"ME_IR35","net_slip_rate":"(0.8,0.5,1.0)"},"geometry":{"type":"LineString","coordinates":[[55.2429,33.6751],[55.1931,33.6652],[55.1234,33.6274],[55.0876,33.6035],[55.0199,33.5457],[54.8427,33.4422],[54.6296,33.3605],[54.5359,33.3324],[54.4922,33.3267],[54.4026,33.3028],[54.3608,33.2789],[54.0017,33.2127],[53.8869,33.1845],[53.7942,33.1523],[53.7237,33.118]]}},{"type":"Feature","properties":{"slip_type":"Dextral-Reverse","catalog_name":"EMME","catalog_id":"ME_IR94","net_slip_rate":"(1.3,1.09,1.5)"},"geometry":{"type":"LineString","coordinates":[[48.5307,37.8671],[48.421,37.5685],[48.4258,37.4615],[48.4495,37.3759],[48.4762,37.2772],[48.5674,37.1851],[48.6909,37.1098],[48.8637,37.0104]]}},{"type":"Feature","properties":{"slip_type":"Reverse","catalog_name":"EMME","catalog_id":"ME_IR143","net_slip_rate":"(1.2,0.85,1.5)"},"geometry":{"type":"LineString","coordinates":[[48.4493,36.7351],[48.6552,36.6672],[48.78,36.6147],[48.8397,36.573],[49.0398,36.4018],[49.3962,36.2033],[49.5716,36.0643]]}},{"type":"Feature","properties":{"slip_type":"Dextral-Reverse","catalog_name":"EMME","catalog_id":"ME_IR133","net_slip_rate":"(1.4,0.85,2.0)"},"geometry":{"type":"LineString","coordinates":[[47.9339,36.9012],[48.003,36.7678],[48.129,36.6442],[48.2312,36.6181],[48.2906,36.6051],[48.4205,36.529],[48.4539,36.5216],[48.5115,36.4826],[48.6562,36.4585],[48.7305,36.391],[48.8031,36.3655],[48.9755,36.2692],[49.0478,36.2098],[49.0645,36.1764],[49.1379,36.1203],[49.2332,36.0172],[49.3966,35.8802]]}},{"type":"Feature","properties":{"slip_type":"Dextral","catalog_name":"EMME","catalog_id":"ME_AM1000","net_slip_rate":"(0.8,0.5,1.0)"},"geometry":{"type":"LineString","coordinates":[[44.657,39.822],[44.6029,39.8851],[44.5193,39.9567],[44.4484,40.0282],[44.398,40.0535],[44.2892,40.1378],[44.247,40.1463],[44.1292,40.2013]]}},{"type":"Feature","properties":{"slip_type":"Sinistral-Reverse","catalog_name":"EMME","catalog_id":"ME_IR105s3","net_slip_rate":"(1.2,0.5,2.0)"},"geometry":{"type":"LineString","coordinates":[[50.0767,37.1521],[50.2866,37.0256],[50.5962,36.9455],[50.8375,36.7516],[51.3328,36.5478],[51.9097,36.3627],[52.3381,36.2541],[52.5484,36.207]]}},{"type":"Feature","properties":{"slip_type":"Reverse","catalog_name":"EMME","catalog_id":"ME_IR82s1","net_slip_rate":"(1.5,0.5,2.5)"},"geometry":{"type":"LineString","coordinates":[[52.5498,36.3552],[52.5322,36.3698],[52.5052,36.3805],[52.465,36.3907],[52.4277,36.3953],[52.3564,36.4029],[52.3078,36.3982],[52.1962,36.4443],[52.1384,36.4671],[52.1178,36.4683],[52.0962,36.4745],[51.9753,36.5091],[51.9243,36.535],[51.8724,36.5429],[51.823,36.5536],[51.7168,36.5678],[51.6791,36.5746],[51.6218,36.5928],[51.5896,36.6071],[51.5251,36.6165],[51.477,36.6209],[51.4287,36.6304],[51.397,36.6401],[51.3389,36.658],[51.3052,36.6641]]}},{"type":"Feature","properties":{"slip_type":"Reverse","catalog_name":"EMME","catalog_id":"ME_IR132A","net_slip_rate":"(1.0,0.5,1.5)"},"geometry":{"type":"LineString","coordinates":[[51.8675,34.8943],[51.922,34.8148],[52.0026,34.7612],[52.0404,34.736],[52.0753,34.7137],[52.116,34.6927],[52.164,34.6735],[52.1657,34.6728],[52.2155,34.6629],[52.2693,34.6509],[52.3171,34.635],[52.3669,34.6171],[52.4226,34.6111],[52.4724,34.6091],[52.5224,34.6064]]}},{"type":"Feature","properties":{"slip_type":"Dextral","catalog_name":"EMME","catalog_id":"ME_SY2As3s3","net_slip_rate":"(0.8,0.5,1.0)"},"geometry":{"type":"LineString","coordinates":[[38.5901,34.9399],[38.3821,34.8655],[37.8582,34.7773],[37.4379,34.6561]]}},{"type":"Feature","properties":{"slip_type":"Reverse","catalog_name":"EMME","catalog_id":"ME_IRCS007","net_slip_rate":"(1.5,1.0,2.0)"},"geometry":{"type":"LineString","coordinates":[[48.9171,35.7635],[49.1483,35.6129],[49.2408,35.5361],[49.312,35.4907],[49.4419,35.4396]]}},{"type":"Feature","properties":{"slip_type":"Dextral","catalog_name":"EMME","catalog_id":"ME_IRCS008","net_slip_rate":"(1.5,1.0,2.0)"},"geometry":{"type":"LineString","coordinates":[[49.6145,33.0341],[49.7653,32.8246],[49.9352,32.6055],[50.182,32.3915],[50.4198,32.224],[50.6531,32.0213],[50.8924,31.856]]}},{"type":"Feature","properties":{"slip_type":"Sinistral","catalog_name":"EMME","catalog_id":"ME_IRCS010","net_slip_rate":"(1.0,0.5,1.5)"},"geometry":{"type":"LineString","coordinates":[[52.9505,35.6874],[53.046,35.6903],[53.1824,35.6366],[53.3098,35.671],[53.372,35.7049],[53.4739,35.7295],[53.5497,35.7673],[53.6128,35.7825],[53.6907,35.8066]]}},{"type":"Feature","properties":{"slip_type":"Reverse","catalog_name":"EMME","catalog_id":"ME_IRCS013","net_slip_rate":"(1.5,1.0,2.0)"},"geometry":{"type":"LineString","coordinates":[[53.9594,27.9164],[54.1922,27.8418],[54.4248,27.7673]]}},{"type":"Feature","properties":{"slip_type":"Sinistral","catalog_name":"EMME","catalog_id":"ME_IRCS016","net_slip_rate":"(2.0,1.0,3.0)"},"geometry":{"type":"LineString","coordinates":[[47.2349,37.6931],[47.5125,37.6682],[47.6735,37.6872],[47.7894,37.7222],[47.8378,37.7459],[47.8634,37.7606],[47.898,37.7908],[47.9142,37.8229],[47.947,37.864]]}},{"type":"Feature","properties":{"slip_type":"Dextral-Reverse","catalog_name":"EMME","catalog_id":"ME_IRCS017","net_slip_rate":"(1.5,1.0,2.0)"},"geometry":{"type":"LineString","coordinates":[[52.3905,33.285],[52.7077,33.2641],[53.0028,33.1758],[53.11,33.0209],[53.1756,32.8739],[53.1737,32.7312]]}},{"type":"Feature","properties":{"slip_type":"Sinistral","catalog_name":"EMME","catalog_id":"ME_IRCS019","net_slip_rate":"(1.0,0.5,1.5)"},"geometry":{"type":"LineString","coordinates":[[53.6136,35.901],[53.7191,35.995],[53.873,36.0723],[53.9834,36.1497],[54.1422,36.1935],[54.353,36.2392],[54.7491,36.2765]]}},{"type":"Feature","properties":{"slip_type":"Normal","catalog_name":"EMME","catalog_id":"ME_IRCS021","net_slip_rate":"(1.2,0.85,1.5)"},"geometry":{"type":"LineString","coordinates":[[46.6347,38.8779],[46.729,39.0271],[46.9421,39.1342],[47.152,39.255],[47.387,39.3154],[47.7268,39.3245],[47.9241,39.3126],[48.2166,39.2224],[48.5512,39.0342]]}},{"type":"Feature","properties":{"slip_type":"Reverse","catalog_name":"EMME","catalog_id":"ME_IRCS035","net_slip_rate":"(1.0,0.5,1.5)"},"geometry":{"type":"LineString","coordinates":[[52.5884,35.0152],[52.8255,35.0312],[52.8979,35.0359],[52.9737,35.0235],[53.0343,35.0682],[53.0404,35.2074],[53.1434,35.2422],[53.4284,35.2802]]}},{"type":"Feature","properties":{"slip_type":"Reverse","catalog_name":"EMME","catalog_id":"ME_IRCS036","net_slip_rate":"(1.0,0.5,1.5)"},"geometry":{"type":"LineString","coordinates":[[52.8701,34.9135],[53.0737,34.8719],[53.2616,34.9614],[53.4798,35.031],[53.5806,34.9925]]}},{"type":"Feature","properties":{"slip_type":"Dextral-Reverse","catalog_name":"EMME","catalog_id":"ME_IRCS037","net_slip_rate":"(1.2,0.5,2.0)"},"geometry":{"type":"LineString","coordinates":[[49.1031,35.7683],[49.255,35.7123],[49.3224,35.6486],[49.4736,35.5067]]}},{"type":"Feature","properties":{"slip_type":"Reverse","catalog_name":"EMME","catalog_id":"ME_IRCS039","net_slip_rate":"(1.5,1.0,2.0)"},"geometry":{"type":"LineString","coordinates":[[53.8748,27.6787],[54.1809,27.5561],[54.5126,27.5651],[54.8358,27.6283]]}},{"type":"Feature","properties":{"slip_type":"Reverse","catalog_name":"EMME","catalog_id":"ME_IRCS043","net_slip_rate":"(1.0,1.0,1.0)"},"geometry":{"type":"LineString","coordinates":[[51.3569,28.7286],[51.6281,28.5633],[51.8963,28.3508]]}},{"type":"Feature","properties":{"slip_type":"Sinistral-Reverse","catalog_name":"EMME","catalog_id":"ME_IRCS045","net_slip_rate":"(1.2,1.0,1.37)"},"geometry":{"type":"LineString","coordinates":[[50.7318,36.0201],[50.8217,35.9642],[50.9116,35.8966],[50.9618,35.8792],[51.003,35.8525],[51.0205,35.833],[51.0267,35.8016],[51.045,35.7803],[51.0766,35.7552],[51.088,35.7492],[51.0975,35.7471],[51.1056,35.7477]]}},{"type":"Feature","properties":{"slip_type":"Dextral","catalog_name":"EMME","catalog_id":"ME_IRCS050","net_slip_rate":"(1.5,1.0,2.0)"},"geometry":{"type":"LineString","coordinates":[[52.4103,29.6982],[52.4403,29.6259],[52.5139,29.3807],[52.5676,29.2941],[52.6523,29.1579],[52.713,29.001],[52.7712,28.9383],[52.9248,28.875],[53.0796,28.8837],[53.2534,28.8375]]}},{"type":"Feature","properties":{"slip_type":"Dextral","catalog_name":"EMME","catalog_id":"ME_IRCS051","net_slip_rate":"(1.2,1.0,1.5)"},"geometry":{"type":"LineString","coordinates":[[48.5068,38.2716],[48.4623,38.089],[48.3708,37.9517],[48.2812,37.8546],[48.1976,37.7456],[48.1138,37.677],[48.0545,37.6064],[48.0547,37.4516],[48.0924,37.3223],[48.2464,37.1204]]}},{"type":"Feature","properties":{"slip_type":"Dextral","catalog_name":"EMME","catalog_id":"ME_IRCS054","net_slip_rate":"(1.0,1.0,1.0)"},"geometry":{"type":"LineString","coordinates":[[53.257,29.4824],[53.2795,29.4279],[53.3426,29.2743],[53.4097,29.1273],[53.4691,28.9972],[53.561,28.8905],[53.6283,28.8124]]}},{"type":"Feature","properties":{"slip_type":"Reverse","catalog_name":"EMME","catalog_id":"ME_IRCS059s1","net_slip_rate":"(1.0,1.0,1.0)"},"geometry":{"type":"LineString","coordinates":[[51.0787,28.8975],[51.1107,28.6012],[51.1282,28.4834],[51.2242,28.3107],[51.3847,28.1773]]}},{"type":"Feature","properties":{"slip_type":"Reverse","catalog_name":"EMME","catalog_id":"ME_IRCS060","net_slip_rate":"(1.0,1.0,1.0)"},"geometry":{"type":"LineString","coordinates":[[53.0864,27.1342],[53.381,27.0423],[53.6075,27.0099],[53.7728,26.9699],[53.9059,26.9083],[54.0742,26.8912],[54.2632,26.8646],[54.4084,26.8916],[54.5115,26.8527]]}},{"type":"Feature","properties":{"slip_type":"Reverse","catalog_name":"EMME","catalog_id":"ME_IRCS062","net_slip_rate":"(1.2,1.0,1.5)"},"geometry":{"type":"LineString","coordinates":[[51.2284,35.413],[51.3189,35.4062],[51.431,35.3018],[51.57,35.2855]]}},{"type":"Feature","properties":{"slip_type":"Dextral","catalog_name":"EMME","catalog_id":"ME_IRCS065","net_slip_rate":"(0.9,0.5,1.3)"},"geometry":{"type":"LineString","coordinates":[[45.7566,39.6113],[45.9489,39.4031],[46.0982,39.2183]]}},{"type":"Feature","properties":{"slip_type":"Dextral-Reverse","catalog_name":"EMME","catalog_id":"ME_IRCS066","net_slip_rate":"None"},"geometry":{"type":"LineString","coordinates":[[45.0453,38.1921],[45.0815,38.2231],[45.1925,38.242],[45.3888,38.2415],[45.5545,38.2228],[45.6127,38.2268],[45.6965,38.2342],[45.8049,38.2551],[45.867,38.2581]]}},{"type":"Feature","properties":{"slip_type":"Reverse","catalog_name":"EMME","catalog_id":"ME_IRCS067","net_slip_rate":"(1.4,1.0,1.73)"},"geometry":{"type":"LineString","coordinates":[[44.8558,38.33],[44.8992,38.3065],[44.9922,38.291],[45.05,38.2882],[45.1076,38.303],[45.2623,38.3282],[45.3215,38.3558],[45.3965,38.3742],[45.48,38.3913]]}},{"type":"Feature","properties":{"slip_type":"Reverse","catalog_name":"EMME","catalog_id":"ME_IRCS072","net_slip_rate":"(1.0,1.0,1.0)"},"geometry":{"type":"LineString","coordinates":[[45.6998,34.7489],[45.7096,34.7079],[45.6998,34.6675],[45.7172,34.6247],[45.793,34.5346],[45.9799,34.3806]]}},{"type":"Feature","properties":{"slip_type":"Reverse","catalog_name":"EMME","catalog_id":"ME_IRCS073","net_slip_rate":"(1.0,1.0,1.0)"},"geometry":{"type":"LineString","coordinates":[[45.6981,34.4907],[45.7146,34.4359],[45.7574,34.3556],[45.8212,34.2821]]}},{"type":"Feature","properties":{"slip_type":"Sinistral-Reverse","catalog_name":"EMME","catalog_id":"ME_IRCS074","net_slip_rate":"(1.0,1.0,1.0)"},"geometry":{"type":"LineString","coordinates":[[45.6001,34.3324],[45.8042,34.0392]]}},{"type":"Feature","properties":{"slip_type":"Reverse","catalog_name":"EMME","catalog_id":"ME_IR146s4","net_slip_rate":"(1.0,1.0,1.0)"},"geometry":{"type":"LineString","coordinates":[[50.3702,30.1259],[50.3716,30.0644],[50.3971,30.0224],[50.4243,29.9911],[50.4301,29.9895],[50.4709,29.978],[50.5119,29.9591],[50.5528,29.9276],[50.5906,29.8206],[50.5874,29.7797],[50.5898,29.745],[50.5958,29.7417],[50.626,29.7252],[50.6567,29.7041],[50.6913,29.6884],[50.733,29.6585],[50.7832,29.6306],[50.8376,29.6141],[50.8812,29.6026],[50.9289,29.5729],[50.9866,29.5293],[51.0195,29.4955],[51.0524,29.4667],[51.0837,29.4437],[51.1166,29.419],[51.152,29.391],[51.18,29.3638]]}},{"type":"Feature","properties":{"slip_type":"Reverse","catalog_name":"EMME","catalog_id":"ME_IRCS059s2","net_slip_rate":"(1.0,1.0,1.0)"},"geometry":{"type":"LineString","coordinates":[[51.5704,28.169],[51.5122,28.0713],[51.5083,27.9999],[51.5505,27.9404],[51.5826,27.9099],[51.6233,27.8825],[51.6583,27.8573],[51.7061,27.8465],[51.7563,27.854]]}},{"type":"Feature","properties":{"slip_type":"Reverse","catalog_name":"EMME","catalog_id":"ME_IR144","net_slip_rate":"(1.0,1.0,1.0)"},"geometry":{"type":"LineString","coordinates":[[49.544,32.8125],[49.9142,32.4768],[50.1922,32.0799],[50.577,32.0235]]}},{"type":"Feature","properties":{"slip_type":"Sinistral","catalog_name":"EMME","catalog_id":"ME_IRCS910","net_slip_rate":"(1.0,0.5,1.5)"},"geometry":{"type":"LineString","coordinates":[[53.8027,35.9159],[53.8506,35.943],[53.9834,36.0185],[54.0945,36.072],[54.1995,36.1326],[54.3232,36.1815],[54.4281,36.193],[54.5508,36.197],[54.6533,36.226],[54.7693,36.2321]]}},{"type":"Feature","properties":{"slip_type":"Dextral","catalog_name":"EMME","catalog_id":"ME_IR28","net_slip_rate":"(1.0,0.5,1.5)"},"geometry":{"type":"LineString","coordinates":[[53.4193,35.8633],[53.3339,35.803],[53.3259,35.8018],[53.2602,35.7914],[53.1666,35.7679],[53.0464,35.7393],[52.9918,35.7413],[52.9136,35.7554]]}},{"type":"Feature","properties":{"slip_type":"Dextral-Reverse","catalog_name":"EMME","catalog_id":"ME_IR2s3s1","net_slip_rate":"(4.7,3.0,6.45)"},"geometry":{"type":"LineString","coordinates":[[47.2039,37.6948],[47.0872,37.7117],[46.9747,37.7631],[46.8984,37.7957],[46.8282,37.826],[46.8022,37.8569],[46.7534,37.883],[46.6999,37.9139],[46.6525,37.9496],[46.5667,37.9907],[46.5187,38.0107],[46.4754,38.0299],[46.3878,38.0729],[46.3388,38.0985],[46.301,38.1212],[46.2303,38.1569],[46.172,38.1912],[46.1322,38.2111],[46.0814,38.2344],[46.0665,38.2512]]}},{"type":"Feature","properties":{"slip_type":"Sinistral","catalog_name":"EMME","catalog_id":"ME_IRCS016","net_slip_rate":"(1.5,1.0,2.0)"},"geometry":{"type":"LineString","coordinates":[[47.9504,37.8715],[47.9571,37.8861],[47.9646,37.912],[48.0278,38.0135],[48.1185,38.108],[48.1695,38.1667],[48.1919,38.2055],[48.2126,38.2359]]}},{"type":"Feature","properties":{"slip_type":"Reverse","catalog_name":"EMME","catalog_id":"ME_IRCS060s2","net_slip_rate":"(1.0,1.0,1.0)"},"geometry":{"type":"LineString","coordinates":[[53.6384,26.7738],[53.8104,26.7267],[53.9124,26.7383],[53.9886,26.76],[54.1225,26.7286],[54.2344,26.7219],[54.3011,26.7631],[54.3865,26.7857],[54.4725,26.7676],[54.5295,26.7617]]}},{"type":"Feature","properties":{"slip_type":"Dextral-Reverse","catalog_name":"EMME","catalog_id":"ME_AZ15s3","net_slip_rate":"(0.7,0.63,0.77)"},"geometry":{"type":"LineString","coordinates":[[48.8993,40.0518],[48.961,39.9064],[49.0544,39.6051],[49.1114,39.5031],[49.1631,39.3496],[49.2087,39.253],[49.1782,38.9378],[49.1307,38.7721],[49.0611,38.5203],[49.0077,38.1593]]}},{"type":"Feature","properties":{"slip_type":"Sinistral","catalog_name":"EMME","catalog_id":"ME_TRCS754","net_slip_rate":"(5.5,1.0,9.9)"},"geometry":{"type":"LineString","coordinates":[[38.2157,38.021],[38.2837,38.036],[38.3434,38.042],[38.4031,38.048],[38.4472,38.0573],[38.5073,38.075]]}},{"type":"Feature","properties":{"slip_type":"Reverse","catalog_name":"EMME","catalog_id":"ME_TRCS423","net_slip_rate":"(1.5,1.0,2.0)"},"geometry":{"type":"LineString","coordinates":[[43.5502,38.6073],[43.5487,38.6074],[43.547,38.6074],[43.5398,38.6072],[43.5346,38.6068],[43.529,38.6063],[43.5232,38.6056],[43.5184,38.6048],[43.5055,38.6026],[43.5019,38.602],[43.4979,38.6014],[43.4898,38.6005],[43.4738,38.5991],[43.463,38.5978],[43.4597,38.5975],[43.4554,38.5973],[43.4511,38.5973],[43.4469,38.5974],[43.4383,38.598],[43.4296,38.5988],[43.408,38.601],[43.3994,38.6017],[43.3951,38.602],[43.3908,38.6022],[43.3868,38.6023],[43.3828,38.6022],[43.3789,38.602],[43.3746,38.6015],[43.3704,38.6008],[43.3662,38.5999],[43.362,38.5989],[43.3536,38.5967],[43.3368,38.5921],[43.3284,38.5898],[43.32,38.5878],[43.3158,38.5869],[43.3115,38.5862],[43.3074,38.5856],[43.3033,38.5852],[43.291,38.5842],[43.2869,38.5838],[43.2828,38.5833],[43.2787,38.5827],[43.2663,38.5804],[43.2621,38.5798],[43.258,38.5792],[43.2542,38.5789],[43.2503,38.5788],[43.2464,38.5788],[43.2443,38.5789]]}},{"type":"Feature","properties":{"slip_type":"Dextral","catalog_name":"EMME","catalog_id":"ME_AM1s9","net_slip_rate":"(1.1,0.44,1.8)"},"geometry":{"type":"LineString","coordinates":[[45.9459,39.8239],[45.9371,39.786],[45.9468,39.7368],[46.077,39.5865],[46.2209,39.3513],[46.2686,39.2314],[46.3015,39.1488]]}},{"type":"Feature","properties":{"slip_type":"Dextral-Normal","catalog_name":"EMME","catalog_id":"ME_AM2s4","net_slip_rate":"(0.6,0.25,1.0)"},"geometry":{"type":"LineString","coordinates":[[45.1544,39.7076],[45.1722,39.6467],[45.203,39.5819],[45.2316,39.5351],[45.2858,39.4641],[45.3355,39.414],[45.3965,39.3607]]}},{"type":"Feature","properties":{"slip_type":"Dextral","catalog_name":"EMME","catalog_id":"ME_AM1s8","net_slip_rate":"(1.0,0.5,1.5)"},"geometry":{"type":"LineString","coordinates":[[45.4291,40.3492],[45.4933,40.2554],[45.6021,40.1595],[45.6124,40.1538],[45.6591,40.1129],[45.703,40.0745],[45.7493,40.0252],[45.7952,39.9741],[45.8414,39.9338],[45.8712,39.8947],[45.9111,39.8696],[45.9469,39.8561],[45.9786,39.842],[46.0128,39.8252],[46.0249,39.7876],[46.0321,39.7675],[46.0287,39.7369]]}},{"type":"Feature","properties":{"name":"South Sinai Massif Fault","slip_type":"Normal","catalog_name":"GEM_N_Africa","catalog_id":"NAF_97","net_slip_rate":""},"geometry":{"type":"LineString","coordinates":[[33.7356,28.4087],[33.7425,28.4075],[33.7467,28.403],[33.7485,28.3994],[33.75,28.3907],[33.7491,28.3835],[33.7503,28.3778],[33.7515,28.3712],[33.7539,28.3655],[33.7611,28.3559],[33.7644,28.3526],[33.7698,28.3487],[33.774,28.3466],[33.7806,28.3436],[33.7848,28.3388],[33.7872,28.3358],[33.7908,28.3298],[33.7932,28.325],[33.7968,28.3193],[33.8007,28.3109],[33.8031,28.3037],[33.8052,28.2977],[33.8097,28.2929],[33.8142,28.2887],[33.819,28.2824],[33.8217,28.2767],[33.8286,28.2644],[33.8334,28.2587],[33.8406,28.253],[33.8427,28.2416],[33.8484,28.2332],[33.8547,28.2266],[33.8658,28.2152],[33.87,28.2068],[33.8769,28.1963],[33.8811,28.1909],[33.8883,28.1817],[33.8928,28.1787],[33.9081,28.1757],[33.9231,28.1577],[33.9327,28.1457],[33.9441,28.1379],[33.9615,28.1319],[33.9789,28.1253],[33.9873,28.0983],[33.9819,28.0719],[33.9789,28.0563],[33.9807,28.0395],[33.9915,28.0377],[33.9987,28.0353],[34.0047,28.0305],[34.0125,28.0275],[34.0191,28.0251],[34.0305,28.0179],[34.0383,28.0119],[34.0551,27.9957],[34.0629,27.9897],[34.0725,27.9843],[34.0809,27.9807],[34.0887,27.9759],[34.1001,27.9699],[34.1115,27.9663],[34.1229,27.9651],[34.1283,27.9657]]}}]}