{"type":"FeatureCollection","name":"Bumelerze catalogue, M>=5","features":[{"type":"Feature","geometry":{"type":"Point","coordinates":[48.0,35.5]},"properties":{"id":"bml19240006","t":-1424487064000,"year":1924,"m":5.0,"mt":"Mw","d":0.0,"src":"EMME","era":"early"}},{"type":"Feature","geometry":{"type":"Point","coordinates":[48.0,35.5]},"properties":{"id":"bml19240007","t":-1424484304000,"year":1924,"m":5.0,"mt":"Mw","d":0.0,"src":"EMME","era":"early"}},{"type":"Feature","geometry":{"type":"Point","coordinates":[48.0,35.5]},"properties":{"id":"bml19240008","t":-1424419580000,"year":1924,"m":5.0,"mt":"Mw","d":0.0,"src":"EMME","era":"early"}},{"type":"Feature","geometry":{"type":"Point","coordinates":[46.0,39.5]},"properties":{"id":"bml19310003","t":-1227119213000,"year":1931,"m":5.0,"mt":"Mw","d":12.0,"src":"EMME","era":"early"}},{"type":"Feature","geometry":{"type":"Point","coordinates":[43.0,39.0]},"properties":{"id":"bml19520004","t":-546775938000,"year":1952,"m":5.0,"mt":"Mw","d":12.0,"src":"EMME","era":"early"}},{"type":"Feature","geometry":{"type":"Point","coordinates":[44.58,37.39]},"properties":{"id":"bml1958000e","t":-352898361000,"year":1958,"m":5.0,"mt":"Mw","d":50.0,"src":"EMME","era":"early"}},{"type":"Feature","geometry":{"type":"Point","coordinates":[50.3,38.5]},"properties":{"id":"bml19590008","t":-318812491000,"year":1959,"m":5.0,"mt":"Mw","d":22.0,"src":"EMME","era":"early"}},{"type":"Feature","geometry":{"type":"Point","coordinates":[42.01,39.28]},"properties":{"id":"bml19600009","t":-295352256000,"year":1960,"m":5.0,"mt":"Mw","d":60.0,"src":"EMME","era":"early"}},{"type":"Feature","geometry":{"type":"Point","coordinates":[44.19,38.74]},"properties":{"id":"bml19620006","t":-243086668000,"year":1962,"m":5.0,"mt":"Mw","d":40.0,"src":"EMME","era":"early"}},{"type":"Feature","geometry":{"type":"Point","coordinates":[44.6,35.44]},"properties":{"id":"bml1965000j","t":-145188065000,"year":1965,"m":5.0,"mt":"Mw","d":67.0,"src":"EMME","era":"modern"}},{"type":"Feature","geometry":{"type":"Point","coordinates":[48.8,39.5]},"properties":{"id":"bml1965000k","t":-142726816000,"year":1965,"m":5.0,"mt":"Mw","d":35.0,"src":"EMME","era":"modern"}},{"type":"Feature","geometry":{"type":"Point","coordinates":[41.6,39.3]},"properties":{"id":"bml1966001m","t":-106263992000,"year":1966,"m":5.0,"mt":"Mw","d":27.0,"src":"EMME","era":"modern"}},{"type":"Feature","geometry":{"type":"Point","coordinates":[41.44,39.26]},"properties":{"id":"bml1966001w","t":-106104205000,"year":1966,"m":5.0,"mt":"Mw","d":22.0,"src":"EMME","era":"modern"}},{"type":"Feature","geometry":{"type":"Point","coordinates":[38.57,38.0]},"properties":{"id":"bml19670014","t":-69441145000,"year":1967,"m":5.0,"mt":"Mw","d":33.0,"src":"EMME","era":"modern"}},{"type":"Feature","geometry":{"type":"Point","coordinates":[42.85,38.15]},"properties":{"id":"bml19680014","t":-49139432000,"year":1968,"m":5.0,"mt":"Mw","d":53.0,"src":"EMME","era":"modern"}},{"type":"Feature","geometry":{"type":"Point","coordinates":[39.15,35.2]},"properties":{"id":"bml1969000m","t":-10219271000,"year":1969,"m":5.0,"mt":"Mw","d":45.0,"src":"EMME","era":"modern"}},{"type":"Feature","geometry":{"type":"Point","coordinates":[40.75,38.65]},"properties":{"id":"bml1975001s","t":185200379000,"year":1975,"m":5.0,"mt":"Mw","d":45.0,"src":"EMME","era":"modern"}},{"type":"Feature","geometry":{"type":"Point","coordinates":[48.088,33.283]},"properties":{"id":"bml1976000i","t":195785665000,"year":1976,"m":5.0,"mt":"M","d":89.0,"src":"ONUR2017","era":"modern"}},{"type":"Feature","geometry":{"type":"Point","coordinates":[39.95,39.47]},"properties":{"id":"bml19760016","t":213098789000,"year":1976,"m":5.0,"mt":"Mw","d":53.0,"src":"EMME","era":"modern"}},{"type":"Feature","geometry":{"type":"Point","coordinates":[43.48,39.35]},"properties":{"id":"bml19770005","t":221005602000,"year":1977,"m":5.0,"mt":"Mw","d":24.0,"src":"EMME","era":"modern"}},{"type":"Feature","geometry":{"type":"Point","coordinates":[43.5,39.34]},"properties":{"id":"bml1977002q","t":228200676000,"year":1977,"m":5.0,"mt":"Mw","d":25.0,"src":"EMME","era":"modern"}},{"type":"Feature","geometry":{"type":"Point","coordinates":[44.09,39.48]},"properties":{"id":"bml1977003h","t":231447324000,"year":1977,"m":5.0,"mt":"Mw","d":38.0,"src":"EMME","era":"modern"}},{"type":"Feature","geometry":{"type":"Point","coordinates":[43.72,39.4]},"properties":{"id":"bml1982001b","t":391530132000,"year":1982,"m":5.0,"mt":"Mw","d":33.0,"src":"EMME","era":"modern"}},{"type":"Feature","geometry":{"type":"Point","coordinates":[43.18,37.94]},"properties":{"id":"bml1984002c","t":470907492000,"year":1984,"m":5.0,"mt":"Mw","d":55.0,"src":"EMME","era":"modern"}},{"type":"Feature","geometry":{"type":"Point","coordinates":[41.83,39.14]},"properties":{"id":"bml19860002","t":504943746000,"year":1986,"m":5.0,"mt":"Mw","d":36.0,"src":"EMME","era":"modern"}},{"type":"Feature","geometry":{"type":"Point","coordinates":[48.2,32.816]},"properties":{"id":"bml1990004n","t":655606625000,"year":1990,"m":5.0,"mt":"Mw","d":50.3,"src":"ONUR2017","era":"modern"}},{"type":"Feature","geometry":{"type":"Point","coordinates":[48.212,32.838]},"properties":{"id":"bml1990004o","t":655653425000,"year":1990,"m":5.0,"mt":"Mw","d":45.9,"src":"USGS","era":"modern"}},{"type":"Feature","geometry":{"type":"Point","coordinates":[44.96,38.44]},"properties":{"id":"bml1990004x","t":659273763000,"year":1990,"m":5.0,"mt":"Mw","d":3.0,"src":"EMME","era":"modern"}},{"type":"Feature","geometry":{"type":"Point","coordinates":[39.92,38.69]},"properties":{"id":"bml1996003y","t":845513314000,"year":1996,"m":5.0,"mt":"MD","d":10.0,"src":"ONUR2017","era":"modern"}},{"type":"Feature","geometry":{"type":"Point","coordinates":[42.48,38.77]},"properties":{"id":"bml1997004b","t":878544477000,"year":1997,"m":5.0,"mt":"Mw","d":8.0,"src":"EMME","era":"modern"}},{"type":"Feature","geometry":{"type":"Point","coordinates":[38.95,38.27]},"properties":{"id":"bml1998001t","t":894728311000,"year":1998,"m":5.0,"mt":"Mw","d":27.0,"src":"EMME","era":"modern"}},{"type":"Feature","geometry":{"type":"Point","coordinates":[48.18,34.23]},"properties":{"id":"bml19980030","t":903676392000,"year":1998,"m":5.0,"mt":"Mw","d":25.0,"src":"EMME","era":"modern"}},{"type":"Feature","geometry":{"type":"Point","coordinates":[42.972,38.147]},"properties":{"id":"bml2000004m","t":974247444000,"year":2000,"m":5.0,"mt":"MD","d":5.0,"src":"ONUR2017","era":"modern"}},{"type":"Feature","geometry":{"type":"Point","coordinates":[43.007,38.711]},"properties":{"id":"bml2000004p","t":974248331000,"year":2000,"m":5.0,"mt":"MD","d":10.0,"src":"ONUR2017","era":"modern"}},{"type":"Feature","geometry":{"type":"Point","coordinates":[42.823,38.522]},"properties":{"id":"bml2000005q","t":974768261000,"year":2000,"m":5.0,"mt":"MD","d":5.0,"src":"ONUR2017","era":"modern"}},{"type":"Feature","geometry":{"type":"Point","coordinates":[47.681,32.827]},"properties":{"id":"bml20010049","t":999304698000,"year":2001,"m":5.0,"mt":"Mw","d":17.0,"src":"ONUR2017","era":"modern"}},{"type":"Feature","geometry":{"type":"Point","coordinates":[47.341,34.492]},"properties":{"id":"bml20020021","t":1019607000000,"year":2002,"m":5.0,"mt":"Mw","d":26.9,"src":"ONUR2017","era":"modern"}},{"type":"Feature","geometry":{"type":"Point","coordinates":[40.371,39.409]},"properties":{"id":"bml2002006e","t":1034815982000,"year":2002,"m":5.0,"mt":"Mw","d":14.1,"src":"ONUR2017","era":"modern"}},{"type":"Feature","geometry":{"type":"Point","coordinates":[40.24,39.41]},"properties":{"id":"bml2002006f","t":1034816009000,"year":2002,"m":5.0,"mt":"Mw","d":7.0,"src":"EMME","era":"modern"}},{"type":"Feature","geometry":{"type":"Point","coordinates":[49.403,31.729]},"properties":{"id":"bml2002007w","t":1041294131000,"year":2002,"m":5.0,"mt":"Mw","d":22.2,"src":"ONUR2017","era":"modern"}},{"type":"Feature","geometry":{"type":"Point","coordinates":[49.492,33.068]},"properties":{"id":"bml2003007i","t":1056412895000,"year":2003,"m":5.0,"mt":"Mw","d":45.7,"src":"ONUR2017","era":"modern"}},{"type":"Feature","geometry":{"type":"Point","coordinates":[44.826,38.822]},"properties":{"id":"bml2003008p","t":1060560727000,"year":2003,"m":5.0,"mt":"Mw","d":15.0,"src":"ONUR2017","era":"modern"}},{"type":"Feature","geometry":{"type":"Point","coordinates":[42.49,37.72]},"properties":{"id":"bml2003009v","t":1066929865000,"year":2003,"m":5.0,"mt":"Mw","d":5.0,"src":"EMME","era":"modern"}},{"type":"Feature","geometry":{"type":"Point","coordinates":[49.527,31.745]},"properties":{"id":"bml20040009","t":1073349067000,"year":2004,"m":5.0,"mt":"Mw","d":15.0,"src":"ONUR2017","era":"modern"}},{"type":"Feature","geometry":{"type":"Point","coordinates":[46.023,31.635]},"properties":{"id":"bml20040050","t":1091666505000,"year":2004,"m":5.0,"mt":"Mw","d":35.7,"src":"ONUR2017","era":"modern"}},{"type":"Feature","geometry":{"type":"Point","coordinates":[47.92,33.206]},"properties":{"id":"bml2004008w","t":1101081688000,"year":2004,"m":5.0,"mt":"Mw","d":34.1,"src":"ONUR2017","era":"modern"}},{"type":"Feature","geometry":{"type":"Point","coordinates":[44.13,37.8]},"properties":{"id":"bml2005001n","t":1106666661000,"year":2005,"m":5.0,"mt":"Mw","d":19.0,"src":"EMME","era":"modern"}},{"type":"Feature","geometry":{"type":"Point","coordinates":[50.431,31.649]},"properties":{"id":"bml200500ad","t":1129768341000,"year":2005,"m":5.0,"mt":"Mw","d":41.2,"src":"ONUR2017","era":"modern"}},{"type":"Feature","geometry":{"type":"Point","coordinates":[50.485,31.693]},"properties":{"id":"bml200500d0","t":1129851143000,"year":2005,"m":5.0,"mt":"Mw","d":43.6,"src":"USGS","era":"modern"}},{"type":"Feature","geometry":{"type":"Point","coordinates":[49.126,32.024]},"properties":{"id":"bml200500bq","t":1135556150000,"year":2005,"m":5.0,"mt":"Mw","d":33.0,"src":"ONUR2017","era":"modern"}},{"type":"Feature","geometry":{"type":"Point","coordinates":[49.16,32.14]},"properties":{"id":"bml200500bv","t":1135638951000,"year":2005,"m":5.0,"mt":"Mw","d":15.0,"src":"EMME","era":"modern"}},{"type":"Feature","geometry":{"type":"Point","coordinates":[40.933,39.33]},"properties":{"id":"bml200600of","t":1151800781000,"year":2006,"m":5.0,"mt":"Mw","d":18.0,"src":"ONUR2017","era":"modern"}},{"type":"Feature","geometry":{"type":"Point","coordinates":[40.92,39.32]},"properties":{"id":"bml200600oh","t":1151869178000,"year":2006,"m":5.0,"mt":"Mw","d":10.0,"src":"EMME","era":"modern"}},{"type":"Feature","geometry":{"type":"Point","coordinates":[40.65,39.44]},"properties":{"id":"bml20060120","t":1162415985000,"year":2006,"m":5.0,"mt":"Mw","d":5.0,"src":"EMME","era":"modern"}},{"type":"Feature","geometry":{"type":"Point","coordinates":[45.813,38.666]},"properties":{"id":"bml200801md","t":1220313651000,"year":2008,"m":5.0,"mt":"Mw","d":2.1,"src":"ONUR2017","era":"modern"}},{"type":"Feature","geometry":{"type":"Point","coordinates":[45.794,38.724]},"properties":{"id":"bml200801mk","t":1220385650000,"year":2008,"m":5.0,"mt":"Mw","d":3.0,"src":"USGS","era":"modern"}},{"type":"Feature","geometry":{"type":"Point","coordinates":[38.595,37.463]},"properties":{"id":"bml200801mr","t":1220401368000,"year":2008,"m":5.0,"mt":"Mw","d":5.7,"src":"ONUR2017","era":"modern"}},{"type":"Feature","geometry":{"type":"Point","coordinates":[38.503,37.507]},"properties":{"id":"bml200801n1","t":1220408567000,"year":2008,"m":5.0,"mt":"Mw","d":5.7,"src":"USGS","era":"modern"}},{"type":"Feature","geometry":{"type":"Point","coordinates":[45.579,34.222]},"properties":{"id":"bml201303x5","t":1385249180000,"year":2013,"m":5.0,"mt":"Mw","d":11.7,"src":"ISC","era":"modern"}},{"type":"Feature","geometry":{"type":"Point","coordinates":[44.154,37.216]},"properties":{"id":"bml2002000q","t":1014857189000,"year":2002,"m":5.0,"mt":"Mw","d":23.6,"src":"ONUR2017","era":"modern"}},{"type":"Feature","geometry":{"type":"Point","coordinates":[47.112,32.641]},"properties":{"id":"bml2012000z","t":1334774581000,"year":2012,"m":5.0,"mt":"Mw","d":31.6,"src":"ISC","era":"modern"}},{"type":"Feature","geometry":{"type":"Point","coordinates":[50.425,30.726]},"properties":{"id":"bml2018028v","t":1521487943000,"year":2018,"m":5.0,"mt":"Mw","d":17.6,"src":"ISC","era":"modern"}},{"type":"Feature","geometry":{"type":"Point","coordinates":[45.758,34.324]},"properties":{"id":"bml2018003v","t":1543192715000,"year":2018,"m":5.0,"mt":"Mw","d":10.0,"src":"ISC","era":"modern"}},{"type":"Feature","geometry":{"type":"Point","coordinates":[38.78,38.308]},"properties":{"id":"bml2020001p","t":1582671818000,"year":2020,"m":5.0,"mt":"Mw","d":9.8,"src":"ISC","era":"modern"}},{"type":"Feature","geometry":{"type":"Point","coordinates":[43.4,38.5]},"properties":{"id":"bml17010002","t":-8460028800000,"year":1701,"m":5.0,"mt":"Mw","d":0.0,"src":"EMME","era":"historical"}},{"type":"Feature","geometry":{"type":"Point","coordinates":[49.75,31.96]},"properties":{"id":"bml19560004","t":-422799717000,"year":1956,"m":5.0,"mt":"Mw","d":0.0,"src":"EMME","era":"early"}},{"type":"Feature","geometry":{"type":"Point","coordinates":[49.38,38.86]},"properties":{"id":"bml19590003","t":-328887114000,"year":1959,"m":5.0,"mt":"Mw","d":35.0,"src":"EMME","era":"early"}},{"type":"Feature","geometry":{"type":"Point","coordinates":[50.33,31.13]},"properties":{"id":"bml19600006","t":-305832819000,"year":1960,"m":5.0,"mt":"Mw","d":84.0,"src":"EMME","era":"early"}},{"type":"Feature","geometry":{"type":"Point","coordinates":[38.37,39.01]},"properties":{"id":"bml1963000n","t":-200512093000,"year":1963,"m":5.0,"mt":"Mw","d":0.0,"src":"EMME","era":"early"}},{"type":"Feature","geometry":{"type":"Point","coordinates":[40.28,39.4]},"properties":{"id":"bml1964000l","t":-168034823000,"year":1964,"m":5.0,"mt":"Mw","d":54.0,"src":"EMME","era":"modern"}},{"type":"Feature","geometry":{"type":"Point","coordinates":[45.95,35.03]},"properties":{"id":"bml1964000m","t":-167535617000,"year":1964,"m":5.0,"mt":"Mw","d":69.0,"src":"EMME","era":"modern"}},{"type":"Feature","geometry":{"type":"Point","coordinates":[45.51,35.45]},"properties":{"id":"bml1964000t","t":-161803596000,"year":1964,"m":5.0,"mt":"Mw","d":33.0,"src":"EMME","era":"modern"}},{"type":"Feature","geometry":{"type":"Point","coordinates":[42.58,38.0]},"properties":{"id":"bml19660027","t":-103672582000,"year":1966,"m":5.0,"mt":"Mw","d":35.0,"src":"EMME","era":"modern"}},{"type":"Feature","geometry":{"type":"Point","coordinates":[43.97,35.9]},"properties":{"id":"bml1967000j","t":-87874156000,"year":1967,"m":5.0,"mt":"Mw","d":10.0,"src":"EMME","era":"modern"}},{"type":"Feature","geometry":{"type":"Point","coordinates":[49.6,32.01]},"properties":{"id":"bml1969000w","t":-6247956000,"year":1969,"m":5.0,"mt":"Mw","d":52.0,"src":"EMME","era":"modern"}},{"type":"Feature","geometry":{"type":"Point","coordinates":[42.61,38.97]},"properties":{"id":"bml19690011","t":-2584368000,"year":1969,"m":5.0,"mt":"Mw","d":65.0,"src":"EMME","era":"modern"}},{"type":"Feature","geometry":{"type":"Point","coordinates":[38.99,35.13]},"properties":{"id":"bml19700017","t":23986395000,"year":1970,"m":5.0,"mt":"Mw","d":43.9,"src":"EMME","era":"modern"}},{"type":"Feature","geometry":{"type":"Point","coordinates":[50.47,30.54]},"properties":{"id":"bml19710011","t":52662266000,"year":1971,"m":5.0,"mt":"Mw","d":60.7,"src":"EMME","era":"modern"}},{"type":"Feature","geometry":{"type":"Point","coordinates":[48.81,37.6]},"properties":{"id":"bml19720007","t":64617123000,"year":1972,"m":5.0,"mt":"Mw","d":33.0,"src":"EMME","era":"modern"}},{"type":"Feature","geometry":{"type":"Point","coordinates":[49.38,32.03]},"properties":{"id":"bml1973000g","t":100850635000,"year":1973,"m":5.0,"mt":"Mw","d":85.6,"src":"EMME","era":"modern"}},{"type":"Feature","geometry":{"type":"Point","coordinates":[48.26,32.62]},"properties":{"id":"bml1973001o","t":122077165000,"year":1973,"m":5.0,"mt":"Mw","d":45.9,"src":"EMME","era":"modern"}},{"type":"Feature","geometry":{"type":"Point","coordinates":[46.92,33.3]},"properties":{"id":"bml19740018","t":154769957000,"year":1974,"m":5.0,"mt":"Mw","d":38.7,"src":"EMME","era":"modern"}},{"type":"Feature","geometry":{"type":"Point","coordinates":[49.04,32.51]},"properties":{"id":"bml1975000i","t":173205075000,"year":1975,"m":5.0,"mt":"Mw","d":60.9,"src":"EMME","era":"modern"}},{"type":"Feature","geometry":{"type":"Point","coordinates":[40.59,38.52]},"properties":{"id":"bml19760018","t":213642715000,"year":1976,"m":5.0,"mt":"Mw","d":26.9,"src":"EMME","era":"modern"}},{"type":"Feature","geometry":{"type":"Point","coordinates":[44.22,38.96]},"properties":{"id":"bml19760062","t":219225259000,"year":1976,"m":5.0,"mt":"Mw","d":15.0,"src":"EMME","era":"modern"}},{"type":"Feature","geometry":{"type":"Point","coordinates":[50.37,31.9]},"properties":{"id":"bml1977000t","t":221881743000,"year":1977,"m":5.0,"mt":"Mw","d":33.9,"src":"EMME","era":"modern"}},{"type":"Feature","geometry":{"type":"Point","coordinates":[50.09,31.32]},"properties":{"id":"bml1977002t","t":228311994000,"year":1977,"m":5.0,"mt":"Mw","d":45.5,"src":"EMME","era":"modern"}},{"type":"Feature","geometry":{"type":"Point","coordinates":[47.9,32.53]},"properties":{"id":"bml1977004p","t":234338333000,"year":1977,"m":5.0,"mt":"Mw","d":33.0,"src":"EMME","era":"modern"}},{"type":"Feature","geometry":{"type":"Point","coordinates":[48.29,32.55]},"properties":{"id":"bml1977004q","t":234340055000,"year":1977,"m":5.0,"mt":"Mw","d":46.7,"src":"EMME","era":"modern"}},{"type":"Feature","geometry":{"type":"Point","coordinates":[47.9,32.68]},"properties":{"id":"bml1977004t","t":234348314000,"year":1977,"m":5.0,"mt":"Mw","d":59.9,"src":"EMME","era":"modern"}},{"type":"Feature","geometry":{"type":"Point","coordinates":[45.91,38.4]},"properties":{"id":"bml1980001b","t":340024194000,"year":1980,"m":5.0,"mt":"Mw","d":46.7,"src":"EMME","era":"modern"}},{"type":"Feature","geometry":{"type":"Point","coordinates":[45.74,34.34]},"properties":{"id":"bml1981000v","t":357840837000,"year":1981,"m":5.0,"mt":"Mw","d":20.0,"src":"EMME","era":"modern"}},{"type":"Feature","geometry":{"type":"Point","coordinates":[45.19,36.62]},"properties":{"id":"bml19810028","t":371439373000,"year":1981,"m":5.0,"mt":"Mw","d":33.0,"src":"EMME","era":"modern"}},{"type":"Feature","geometry":{"type":"Point","coordinates":[49.59,33.0]},"properties":{"id":"bml1981002k","t":378079251000,"year":1981,"m":5.0,"mt":"Mw","d":15.0,"src":"EMME","era":"modern"}},{"type":"Feature","geometry":{"type":"Point","coordinates":[42.61,37.19]},"properties":{"id":"bml19820002","t":378761429000,"year":1982,"m":5.0,"mt":"Mw","d":35.0,"src":"EMME","era":"modern"}},{"type":"Feature","geometry":{"type":"Point","coordinates":[48.88,33.62]},"properties":{"id":"bml19820020","t":399712749000,"year":1982,"m":5.0,"mt":"Mw","d":49.5,"src":"EMME","era":"modern"}},{"type":"Feature","geometry":{"type":"Point","coordinates":[47.14,34.01]},"properties":{"id":"bml19830008","t":411476128000,"year":1983,"m":5.0,"mt":"Mw","d":10.0,"src":"EMME","era":"modern"}},{"type":"Feature","geometry":{"type":"Point","coordinates":[46.81,32.57]},"properties":{"id":"bml1983000a","t":412862932000,"year":1983,"m":5.0,"mt":"Mw","d":33.0,"src":"EMME","era":"modern"}},{"type":"Feature","geometry":{"type":"Point","coordinates":[44.43,35.34]},"properties":{"id":"bml1983000s","t":421293984000,"year":1983,"m":5.0,"mt":"Mw","d":68.3,"src":"EMME","era":"modern"}},{"type":"Feature","geometry":{"type":"Point","coordinates":[48.05,32.6]},"properties":{"id":"bml19840007","t":444264148000,"year":1984,"m":5.0,"mt":"Mw","d":33.0,"src":"EMME","era":"modern"}},{"type":"Feature","geometry":{"type":"Point","coordinates":[47.25,32.57]},"properties":{"id":"bml1985000e","t":478298217000,"year":1985,"m":5.0,"mt":"Mw","d":53.4,"src":"EMME","era":"modern"}},{"type":"Feature","geometry":{"type":"Point","coordinates":[47.01,32.39]},"properties":{"id":"bml1986000b","t":511257570000,"year":1986,"m":5.0,"mt":"Mw","d":15.0,"src":"EMME","era":"modern"}},{"type":"Feature","geometry":{"type":"Point","coordinates":[45.15,38.4]},"properties":{"id":"bml1986001i","t":521571654000,"year":1986,"m":5.0,"mt":"Mw","d":44.7,"src":"EMME","era":"modern"}},{"type":"Feature","geometry":{"type":"Point","coordinates":[46.68,32.63]},"properties":{"id":"bml1986002m","t":535092689000,"year":1986,"m":5.0,"mt":"Mw","d":33.0,"src":"EMME","era":"modern"}},{"type":"Feature","geometry":{"type":"Point","coordinates":[45.42,38.4]},"properties":{"id":"bml19880002","t":568551578000,"year":1988,"m":5.0,"mt":"Mw","d":15.0,"src":"EMME","era":"modern"}},{"type":"Feature","geometry":{"type":"Point","coordinates":[46.6,32.47]},"properties":{"id":"bml1988000m","t":570192807000,"year":1988,"m":5.0,"mt":"Mw","d":48.2,"src":"EMME","era":"modern"}},{"type":"Feature","geometry":{"type":"Point","coordinates":[46.89,32.68]},"properties":{"id":"bml1988000o","t":570201449000,"year":1988,"m":5.0,"mt":"Mw","d":45.2,"src":"EMME","era":"modern"}},{"type":"Feature","geometry":{"type":"Point","coordinates":[46.97,32.74]},"properties":{"id":"bml1988000t","t":570287104000,"year":1988,"m":5.0,"mt":"Mw","d":52.9,"src":"EMME","era":"modern"}},{"type":"Feature","geometry":{"type":"Point","coordinates":[47.05,32.77]},"properties":{"id":"bml1988000x","t":570332091000,"year":1988,"m":5.0,"mt":"Mw","d":47.1,"src":"EMME","era":"modern"}},{"type":"Feature","geometry":{"type":"Point","coordinates":[49.73,32.02]},"properties":{"id":"bml19880028","t":578652826000,"year":1988,"m":5.0,"mt":"Mw","d":52.4,"src":"EMME","era":"modern"}},{"type":"Feature","geometry":{"type":"Point","coordinates":[47.11,33.0]},"properties":{"id":"bml19880032","t":584761784000,"year":1988,"m":5.0,"mt":"Mw","d":79.0,"src":"EMME","era":"modern"}},{"type":"Feature","geometry":{"type":"Point","coordinates":[50.14,30.81]},"properties":{"id":"bml1988003g","t":586970149000,"year":1988,"m":5.0,"mt":"Mw","d":39.9,"src":"EMME","era":"modern"}},{"type":"Feature","geometry":{"type":"Point","coordinates":[48.32,32.88]},"properties":{"id":"bml1988003i","t":588508447000,"year":1988,"m":5.0,"mt":"Mw","d":33.0,"src":"EMME","era":"modern"}},{"type":"Feature","geometry":{"type":"Point","coordinates":[45.41,35.63]},"properties":{"id":"bml19890019","t":617644477000,"year":1989,"m":5.0,"mt":"Mw","d":29.9,"src":"EMME","era":"modern"}},{"type":"Feature","geometry":{"type":"Point","coordinates":[45.38,38.4]},"properties":{"id":"bml1989001r","t":628673950000,"year":1989,"m":5.0,"mt":"Mw","d":15.0,"src":"EMME","era":"modern"}},{"type":"Feature","geometry":{"type":"Point","coordinates":[49.7,36.58]},"properties":{"id":"bml1990001x","t":646003662000,"year":1990,"m":5.0,"mt":"Mw","d":10.0,"src":"EMME","era":"modern"}},{"type":"Feature","geometry":{"type":"Point","coordinates":[49.52,36.87]},"properties":{"id":"bml1990002u","t":646543238000,"year":1990,"m":5.0,"mt":"Mw","d":20.0,"src":"EMME","era":"modern"}},{"type":"Feature","geometry":{"type":"Point","coordinates":[49.86,37.02]},"properties":{"id":"bml19900031","t":646835097000,"year":1990,"m":5.0,"mt":"Mw","d":10.0,"src":"EMME","era":"modern"}},{"type":"Feature","geometry":{"type":"Point","coordinates":[49.49,36.95]},"properties":{"id":"bml1990004b","t":651210449000,"year":1990,"m":5.0,"mt":"Mw","d":15.0,"src":"EMME","era":"modern"}},{"type":"Feature","geometry":{"type":"Point","coordinates":[46.21,34.26]},"properties":{"id":"bml1991000a","t":666568562000,"year":1991,"m":5.0,"mt":"Mw","d":59.6,"src":"EMME","era":"modern"}},{"type":"Feature","geometry":{"type":"Point","coordinates":[45.2,36.65]},"properties":{"id":"bml1991000w","t":678721939000,"year":1991,"m":5.0,"mt":"Mw","d":10.0,"src":"EMME","era":"modern"}},{"type":"Feature","geometry":{"type":"Point","coordinates":[49.96,30.73]},"properties":{"id":"bml1991001q","t":688976895000,"year":1991,"m":5.0,"mt":"Mw","d":48.8,"src":"EMME","era":"modern"}},{"type":"Feature","geometry":{"type":"Point","coordinates":[45.73,33.53]},"properties":{"id":"bml1994001w","t":781907478000,"year":1994,"m":5.0,"mt":"Mw","d":22.4,"src":"EMME","era":"modern"}},{"type":"Feature","geometry":{"type":"Point","coordinates":[49.39,31.82]},"properties":{"id":"bml1995000o","t":798185558000,"year":1995,"m":5.0,"mt":"Mw","d":18.4,"src":"EMME","era":"modern"}},{"type":"Feature","geometry":{"type":"Point","coordinates":[46.46,34.28]},"properties":{"id":"bml1996000g","t":822818597000,"year":1996,"m":5.0,"mt":"Mw","d":21.7,"src":"EMME","era":"modern"}},{"type":"Feature","geometry":{"type":"Point","coordinates":[45.75,39.08]},"properties":{"id":"bml1996002l","t":835085465000,"year":1996,"m":5.0,"mt":"Mw","d":30.0,"src":"EMME","era":"modern"}},{"type":"Feature","geometry":{"type":"Point","coordinates":[43.01,38.71]},"properties":{"id":"bml20000051","t":974313131000,"year":2000,"m":5.0,"mt":"Mw","d":10.0,"src":"EMME","era":"modern"}},{"type":"Feature","geometry":{"type":"Point","coordinates":[42.82,38.52]},"properties":{"id":"bml2000005r","t":974775461000,"year":2000,"m":5.0,"mt":"Mw","d":5.0,"src":"EMME","era":"modern"}},{"type":"Feature","geometry":{"type":"Point","coordinates":[47.35,34.51]},"properties":{"id":"bml20020029","t":1019677390000,"year":2002,"m":5.0,"mt":"Mw","d":24.5,"src":"EMME","era":"modern"}},{"type":"Feature","geometry":{"type":"Point","coordinates":[47.34,34.49]},"properties":{"id":"bml2002002c","t":1019679000000,"year":2002,"m":5.0,"mt":"Mw","d":26.9,"src":"EMME","era":"modern"}},{"type":"Feature","geometry":{"type":"Point","coordinates":[42.66,37.52]},"properties":{"id":"bml2003009u","t":1066929841000,"year":2003,"m":5.0,"mt":"Mw","d":0.0,"src":"EMME","era":"modern"}},{"type":"Feature","geometry":{"type":"Point","coordinates":[45.85,33.46]},"properties":{"id":"bml2004001y","t":1076577650000,"year":2004,"m":5.0,"mt":"Mw","d":33.0,"src":"EMME","era":"modern"}},{"type":"Feature","geometry":{"type":"Point","coordinates":[48.86,33.7]},"properties":{"id":"bml200600a3","t":1143747381000,"year":2006,"m":5.0,"mt":"Mw","d":23.6,"src":"EMME","era":"modern"}},{"type":"Feature","geometry":{"type":"Point","coordinates":[42.66,38.02]},"properties":{"id":"bml200600i7","t":1148183314000,"year":2006,"m":5.0,"mt":"Mw","d":0.0,"src":"EMME","era":"modern"}},{"type":"Feature","geometry":{"type":"Point","coordinates":[46.679,38.47]},"properties":{"id":"bml2012003a","t":1345052946000,"year":2012,"m":5.0,"mt":"Mw","d":12.2,"src":"ISC","era":"modern"}},{"type":"Feature","geometry":{"type":"Point","coordinates":[45.784,33.726]},"properties":{"id":"bml2018000k","t":1515657301000,"year":2018,"m":5.0,"mt":"Mw","d":19.7,"src":"ISC","era":"modern"}},{"type":"Feature","geometry":{"type":"Point","coordinates":[48.996,35.69]},"properties":{"id":"bml20200agd","t":1603539257000,"year":2020,"m":5.0,"mt":"Mw","d":7.3,"src":"ISC","era":"modern"}},{"type":"Feature","geometry":{"type":"Point","coordinates":[48.177,39.266]},"properties":{"id":"bml20230hcf","t":1699420726000,"year":2023,"m":5.0,"mt":"Mw","d":35.1,"src":"ISC","era":"modern"}},{"type":"Feature","geometry":{"type":"Point","coordinates":[47.09,37.66]},"properties":{"id":"bml19650003","t":-154309806000,"year":1965,"m":5.0,"mt":"Mw","d":45.0,"src":"ONUR2017","era":"modern"}},{"type":"Feature","geometry":{"type":"Point","coordinates":[41.25,39.33]},"properties":{"id":"bml19660018","t":-106357324000,"year":1966,"m":5.0,"mt":"Mw","d":39.0,"src":"ONUR2017","era":"modern"}},{"type":"Feature","geometry":{"type":"Point","coordinates":[46.1,39.09]},"properties":{"id":"bml1968000v","t":-49331008000,"year":1968,"m":5.0,"mt":"Mw","d":31.0,"src":"ONUR2017","era":"modern"}},{"type":"Feature","geometry":{"type":"Point","coordinates":[43.13,37.0]},"properties":{"id":"bml1968001n","t":-43975919000,"year":1968,"m":5.0,"mt":"Mw","d":42.0,"src":"ONUR2017","era":"modern"}},{"type":"Feature","geometry":{"type":"Point","coordinates":[46.2,39.14]},"properties":{"id":"bml1968001s","t":-42074415000,"year":1968,"m":5.0,"mt":"Mw","d":24.0,"src":"ONUR2017","era":"modern"}},{"type":"Feature","geometry":{"type":"Point","coordinates":[40.29,39.19]},"properties":{"id":"bml19680026","t":-40088407000,"year":1968,"m":5.0,"mt":"Mw","d":8.0,"src":"ONUR2017","era":"modern"}},{"type":"Feature","geometry":{"type":"Point","coordinates":[40.29,39.24]},"properties":{"id":"bml19680028","t":-40000065000,"year":1968,"m":5.0,"mt":"Mw","d":41.0,"src":"ONUR2017","era":"modern"}},{"type":"Feature","geometry":{"type":"Point","coordinates":[38.56,37.99]},"properties":{"id":"bml1968002j","t":-36976105000,"year":1968,"m":5.0,"mt":"Mw","d":3.0,"src":"ONUR2017","era":"modern"}},{"type":"Feature","geometry":{"type":"Point","coordinates":[47.91,33.2]},"properties":{"id":"bml1969000x","t":-5353592000,"year":1969,"m":5.0,"mt":"Mw","d":77.0,"src":"ONUR2017","era":"modern"}},{"type":"Feature","geometry":{"type":"Point","coordinates":[46.906,35.019]},"properties":{"id":"bml19710001","t":33179522000,"year":1971,"m":5.0,"mt":"Mw","d":52.9,"src":"ONUR2017","era":"modern"}},{"type":"Feature","geometry":{"type":"Point","coordinates":[43.465,36.364]},"properties":{"id":"bml1971000r","t":47175210000,"year":1971,"m":5.0,"mt":"Mw","d":44.5,"src":"ONUR2017","era":"modern"}},{"type":"Feature","geometry":{"type":"Point","coordinates":[45.727,33.361]},"properties":{"id":"bml1972000k","t":77157612000,"year":1972,"m":5.0,"mt":"Mw","d":133.8,"src":"ONUR2017","era":"modern"}},{"type":"Feature","geometry":{"type":"Point","coordinates":[46.188,33.061]},"properties":{"id":"bml1972000m","t":77244938000,"year":1972,"m":5.0,"mt":"Mw","d":31.0,"src":"ONUR2017","era":"modern"}},{"type":"Feature","geometry":{"type":"Point","coordinates":[49.983,31.733]},"properties":{"id":"bml1972000u","t":81907255000,"year":1972,"m":5.0,"mt":"Mw","d":26.4,"src":"ONUR2017","era":"modern"}},{"type":"Feature","geometry":{"type":"Point","coordinates":[49.792,30.715]},"properties":{"id":"bml1973000m","t":104286596000,"year":1973,"m":5.0,"mt":"Mw","d":50.2,"src":"ONUR2017","era":"modern"}},{"type":"Feature","geometry":{"type":"Point","coordinates":[47.95,33.262]},"properties":{"id":"bml19740002","t":126750280000,"year":1974,"m":5.0,"mt":"Mw","d":51.7,"src":"ONUR2017","era":"modern"}},{"type":"Feature","geometry":{"type":"Point","coordinates":[45.658,35.255]},"properties":{"id":"bml19740017","t":154745571000,"year":1974,"m":5.0,"mt":"Mw","d":57.2,"src":"ONUR2017","era":"modern"}},{"type":"Feature","geometry":{"type":"Point","coordinates":[49.001,28.51]},"properties":{"id":"bml19760001","t":189390634000,"year":1976,"m":5.0,"mt":"Mw","d":56.0,"src":"ONUR2017","era":"modern"}},{"type":"Feature","geometry":{"type":"Point","coordinates":[40.938,38.506]},"properties":{"id":"bml1976000y","t":210730054000,"year":1976,"m":5.0,"mt":"Mw","d":16.9,"src":"ONUR2017","era":"modern"}},{"type":"Feature","geometry":{"type":"Point","coordinates":[44.19,38.999]},"properties":{"id":"bml1976001j","t":217642267000,"year":1976,"m":5.0,"mt":"Mw","d":61.8,"src":"ONUR2017","era":"modern"}},{"type":"Feature","geometry":{"type":"Point","coordinates":[43.925,39.121]},"properties":{"id":"bml19760028","t":217686640000,"year":1976,"m":5.0,"mt":"Mw","d":33.0,"src":"USGS","era":"modern"}},{"type":"Feature","geometry":{"type":"Point","coordinates":[44.282,38.962]},"properties":{"id":"bml1976002b","t":217730967000,"year":1976,"m":5.0,"mt":"Mw","d":37.7,"src":"ONUR2017","era":"modern"}},{"type":"Feature","geometry":{"type":"Point","coordinates":[46.598,33.694]},"properties":{"id":"bml1976005u","t":219110967000,"year":1976,"m":5.0,"mt":"Mw","d":49.4,"src":"ONUR2017","era":"modern"}},{"type":"Feature","geometry":{"type":"Point","coordinates":[48.013,33.139]},"properties":{"id":"bml1977000d","t":221184599000,"year":1977,"m":5.0,"mt":"Mw","d":51.6,"src":"ONUR2017","era":"modern"}},{"type":"Feature","geometry":{"type":"Point","coordinates":[43.701,39.27]},"properties":{"id":"bml19770012","t":222308364000,"year":1977,"m":5.0,"mt":"Mw","d":39.5,"src":"ONUR2017","era":"modern"}},{"type":"Feature","geometry":{"type":"Point","coordinates":[44.0,38.79]},"properties":{"id":"bml1977001l","t":223937220000,"year":1977,"m":5.0,"mt":"Mw","d":17.0,"src":"EMME","era":"modern"}},{"type":"Feature","geometry":{"type":"Point","coordinates":[48.407,32.728]},"properties":{"id":"bml1977004b","t":234316954000,"year":1977,"m":5.0,"mt":"Mw","d":42.5,"src":"ONUR2017","era":"modern"}},{"type":"Feature","geometry":{"type":"Point","coordinates":[50.46,37.166]},"properties":{"id":"bml19800004","t":316572696000,"year":1980,"m":5.0,"mt":"Mw","d":44.7,"src":"ONUR2017","era":"modern"}},{"type":"Feature","geometry":{"type":"Point","coordinates":[44.587,35.867]},"properties":{"id":"bml19800021","t":345689297000,"year":1980,"m":5.0,"mt":"Mw","d":65.1,"src":"ONUR2017","era":"modern"}},{"type":"Feature","geometry":{"type":"Point","coordinates":[38.588,38.051]},"properties":{"id":"bml19810008","t":348798469000,"year":1981,"m":5.0,"mt":"Mw","d":23.5,"src":"ONUR2017","era":"modern"}},{"type":"Feature","geometry":{"type":"Point","coordinates":[48.206,33.721]},"properties":{"id":"bml1982001d","t":391738728000,"year":1982,"m":5.0,"mt":"Mw","d":53.1,"src":"ONUR2017","era":"modern"}},{"type":"Feature","geometry":{"type":"Point","coordinates":[48.492,32.621]},"properties":{"id":"bml1983000w","t":422929422000,"year":1983,"m":5.0,"mt":"Mw","d":54.0,"src":"ONUR2017","era":"modern"}},{"type":"Feature","geometry":{"type":"Point","coordinates":[48.528,32.583]},"properties":{"id":"bml1983000x","t":422930052000,"year":1983,"m":5.0,"mt":"Mw","d":57.2,"src":"ONUR2017","era":"modern"}},{"type":"Feature","geometry":{"type":"Point","coordinates":[45.961,34.326]},"properties":{"id":"bml19830022","t":438051479000,"year":1983,"m":5.0,"mt":"Mw","d":43.5,"src":"ONUR2017","era":"modern"}},{"type":"Feature","geometry":{"type":"Point","coordinates":[47.538,32.711]},"properties":{"id":"bml19840026","t":467167221000,"year":1984,"m":5.0,"mt":"Mw","d":49.6,"src":"ONUR2017","era":"modern"}},{"type":"Feature","geometry":{"type":"Point","coordinates":[47.366,32.638]},"properties":{"id":"bml19850004","t":478224754000,"year":1985,"m":5.0,"mt":"Mw","d":44.5,"src":"ONUR2017","era":"modern"}},{"type":"Feature","geometry":{"type":"Point","coordinates":[40.497,38.42]},"properties":{"id":"bml19870006","t":540953502000,"year":1987,"m":5.0,"mt":"Mw","d":10.0,"src":"ONUR2017","era":"modern"}},{"type":"Feature","geometry":{"type":"Point","coordinates":[47.189,32.962]},"properties":{"id":"bml1988000l","t":570188750000,"year":1988,"m":5.0,"mt":"Mw","d":77.5,"src":"USGS","era":"modern"}},{"type":"Feature","geometry":{"type":"Point","coordinates":[47.038,32.878]},"properties":{"id":"bml1988000r","t":570242657000,"year":1988,"m":5.0,"mt":"Mw","d":62.1,"src":"ONUR2017","era":"modern"}},{"type":"Feature","geometry":{"type":"Point","coordinates":[46.98,32.602]},"properties":{"id":"bml1988000u","t":570326589000,"year":1988,"m":5.0,"mt":"Mw","d":42.5,"src":"ONUR2017","era":"modern"}},{"type":"Feature","geometry":{"type":"Point","coordinates":[47.16,32.909]},"properties":{"id":"bml1988000v","t":570328378000,"year":1988,"m":5.0,"mt":"Mw","d":72.9,"src":"ONUR2017","era":"modern"}},{"type":"Feature","geometry":{"type":"Point","coordinates":[47.168,32.916]},"properties":{"id":"bml1988000z","t":570346378000,"year":1988,"m":5.0,"mt":"Mw","d":75.1,"src":"USGS","era":"modern"}},{"type":"Feature","geometry":{"type":"Point","coordinates":[45.261,36.923]},"properties":{"id":"bml1988002n","t":581386142000,"year":1988,"m":5.0,"mt":"Mw","d":50.3,"src":"ONUR2017","era":"modern"}},{"type":"Feature","geometry":{"type":"Point","coordinates":[47.551,32.507]},"properties":{"id":"bml1989001t","t":630720738000,"year":1989,"m":5.0,"mt":"Mw","d":44.8,"src":"ONUR2017","era":"modern"}},{"type":"Feature","geometry":{"type":"Point","coordinates":[50.451,29.992]},"properties":{"id":"bml1990004l","t":654741761000,"year":1990,"m":5.0,"mt":"Mw","d":33.0,"src":"ONUR2017","era":"modern"}},{"type":"Feature","geometry":{"type":"Point","coordinates":[46.4,38.7]},"properties":{"id":"bml1991000q","t":674775600000,"year":1991,"m":5.0,"mt":"Mw","d":0.0,"src":"EMME","era":"modern"}},{"type":"Feature","geometry":{"type":"Point","coordinates":[50.268,30.587]},"properties":{"id":"bml19910020","t":689732354000,"year":1991,"m":5.0,"mt":"Mw","d":42.4,"src":"ONUR2017","era":"modern"}},{"type":"Feature","geometry":{"type":"Point","coordinates":[47.626,33.283]},"properties":{"id":"bml1991002k","t":692670646000,"year":1991,"m":5.0,"mt":"Mw","d":50.0,"src":"ONUR2017","era":"modern"}},{"type":"Feature","geometry":{"type":"Point","coordinates":[48.923,32.309]},"properties":{"id":"bml19950023","t":817482749000,"year":1995,"m":5.0,"mt":"Mw","d":61.0,"src":"USGS","era":"modern"}},{"type":"Feature","geometry":{"type":"Point","coordinates":[42.13,39.42]},"properties":{"id":"bml1998001o","t":893795280000,"year":1998,"m":5.0,"mt":"Mw","d":5.0,"src":"EMME","era":"modern"}},{"type":"Feature","geometry":{"type":"Point","coordinates":[46.544,35.299]},"properties":{"id":"bml2008028z","t":1228126720000,"year":2008,"m":5.0,"mt":"Mw","d":27.6,"src":"USGS","era":"modern"}},{"type":"Feature","geometry":{"type":"Point","coordinates":[49.594,31.798]},"properties":{"id":"bml200902b7","t":1254617450000,"year":2009,"m":5.0,"mt":"Mw","d":14.9,"src":"ONUR2017","era":"modern"}},{"type":"Feature","geometry":{"type":"Point","coordinates":[48.3,32.45]},"properties":{"id":"bml20100028","t":1263673417000,"year":2010,"m":5.0,"mt":"Mw","d":5.0,"src":"USGS","era":"modern"}},{"type":"Feature","geometry":{"type":"Point","coordinates":[46.968,32.812]},"properties":{"id":"bml2012000k","t":1331230900000,"year":2012,"m":5.0,"mt":"Mw","d":27.1,"src":"ISC","era":"modern"}},{"type":"Feature","geometry":{"type":"Point","coordinates":[47.047,32.49]},"properties":{"id":"bml20120362","t":1334938672000,"year":2012,"m":5.0,"mt":"Mw","d":32.0,"src":"ISC","era":"modern"}},{"type":"Feature","geometry":{"type":"Point","coordinates":[41.757,37.952]},"properties":{"id":"bml2020003k","t":1606974320000,"year":2020,"m":5.0,"mt":"Mw","d":13.3,"src":"ISC","era":"modern"}},{"type":"Feature","geometry":{"type":"Point","coordinates":[45.111,38.451]},"properties":{"id":"bml20220013","t":1663783075000,"year":2022,"m":5.0,"mt":"Mw","d":13.6,"src":"ISC","era":"modern"}},{"type":"Feature","geometry":{"type":"Point","coordinates":[46.399,34.339]},"properties":{"id":"bml2024047k","t":1721943342000,"year":2024,"m":5.0,"mt":"Mw","d":12.6,"src":"ISC","era":"modern"}},{"type":"Feature","geometry":{"type":"Point","coordinates":[46.793,38.618]},"properties":{"id":"bml1930000v","t":-1251238604000,"year":1930,"m":5.0,"mt":"Mw","d":15.0,"src":"USGS","era":"early"}},{"type":"Feature","geometry":{"type":"Point","coordinates":[43.485,37.633]},"properties":{"id":"bml1998002t","t":902450175000,"year":1998,"m":5.0,"mt":"Mw","d":34.1,"src":"ONUR2017","era":"modern"}},{"type":"Feature","geometry":{"type":"Point","coordinates":[47.118,37.912]},"properties":{"id":"bml2017000m","t":1503875689000,"year":2017,"m":5.0,"mt":"Mw","d":5.5,"src":"ISC","era":"modern"}},{"type":"Feature","geometry":{"type":"Point","coordinates":[43.8,38.9]},"properties":{"id":"bml1976001v","t":217702860000,"year":1976,"m":5.0,"mt":"Mw","d":0.0,"src":"EMME","era":"modern"}},{"type":"Feature","geometry":{"type":"Point","coordinates":[43.7,39.0]},"properties":{"id":"bml1976002c","t":217741560000,"year":1976,"m":5.0,"mt":"Mw","d":0.0,"src":"EMME","era":"modern"}},{"type":"Feature","geometry":{"type":"Point","coordinates":[43.3,38.6]},"properties":{"id":"bml19790011","t":298036860000,"year":1979,"m":5.0,"mt":"Mw","d":0.0,"src":"EMME","era":"modern"}},{"type":"Feature","geometry":{"type":"Point","coordinates":[43.207,38.671]},"properties":{"id":"bml201103xw","t":1319470087000,"year":2011,"m":5.0,"mt":"Mw","d":11.8,"src":"ISC","era":"modern"}},{"type":"Feature","geometry":{"type":"Point","coordinates":[42.977,37.373]},"properties":{"id":"bml2012002i","t":1344199043000,"year":2012,"m":5.0,"mt":"Mw","d":15.2,"src":"ISC","era":"modern"}},{"type":"Feature","geometry":{"type":"Point","coordinates":[44.901,38.511]},"properties":{"id":"bml20230008","t":1674929815000,"year":2023,"m":5.0,"mt":"Mw","d":3.6,"src":"ISC","era":"modern"}},{"type":"Feature","geometry":{"type":"Point","coordinates":[48.799,38.875]},"properties":{"id":"bml202402ve","t":1715433709000,"year":2024,"m":5.0,"mt":"Mw","d":34.5,"src":"ISC","era":"modern"}},{"type":"Feature","geometry":{"type":"Point","coordinates":[46.1,39.2]},"properties":{"id":"bml19320008","t":-1179989973000,"year":1932,"m":5.1,"mt":"Mw","d":20.0,"src":"EMME","era":"early"}},{"type":"Feature","geometry":{"type":"Point","coordinates":[40.291,39.151]},"properties":{"id":"bml19980048","t":910658373000,"year":1998,"m":5.1,"mt":"Mw","d":23.8,"src":"ONUR2017","era":"modern"}},{"type":"Feature","geometry":{"type":"Point","coordinates":[43.541,38.845]},"properties":{"id":"bml201104xi","t":1319927064000,"year":2011,"m":5.1,"mt":"Mw","d":7.4,"src":"ISC","era":"modern"}},{"type":"Feature","geometry":{"type":"Point","coordinates":[44.915,38.462]},"properties":{"id":"bml20120048","t":1356244736000,"year":2012,"m":5.1,"mt":"Mw","d":7.9,"src":"ISC","era":"modern"}},{"type":"Feature","geometry":{"type":"Point","coordinates":[47.781,32.563]},"properties":{"id":"bml201402nb","t":1408848292000,"year":2014,"m":5.1,"mt":"Mw","d":19.5,"src":"ISC","era":"modern"}},{"type":"Feature","geometry":{"type":"Point","coordinates":[39.145,38.368]},"properties":{"id":"bml202000we","t":1579969811000,"year":2020,"m":5.1,"mt":"Mw","d":9.6,"src":"ISC","era":"modern"}},{"type":"Feature","geometry":{"type":"Point","coordinates":[45.923,34.272]},"properties":{"id":"bml2021000g","t":1619431795000,"year":2021,"m":5.1,"mt":"Mw","d":12.4,"src":"ISC","era":"modern"}},{"type":"Feature","geometry":{"type":"Point","coordinates":[38.075,38.86]},"properties":{"id":"bml20230274","t":1676219390000,"year":2023,"m":5.1,"mt":"Mw","d":10.1,"src":"ISC","era":"modern"}},{"type":"Feature","geometry":{"type":"Point","coordinates":[48.587,32.553]},"properties":{"id":"bml20260257","t":1784427920000,"year":2026,"m":5.1,"mt":"Mw","d":10.0,"src":"ISC","era":"modern"}},{"type":"Feature","geometry":{"type":"Point","coordinates":[43.878,37.53]},"properties":{"id":"bml2005007f","t":1117932354000,"year":2005,"m":5.1,"mt":"Mw","d":5.0,"src":"ONUR2017","era":"modern"}},{"type":"Feature","geometry":{"type":"Point","coordinates":[45.768,34.82]},"properties":{"id":"bml2019000y","t":1557570539000,"year":2019,"m":5.1,"mt":"Mw","d":11.3,"src":"ISC","era":"modern"}},{"type":"Feature","geometry":{"type":"Point","coordinates":[49.0,32.0]},"properties":{"id":"bml1931000e","t":-1209988680000,"year":1931,"m":5.1,"mt":"Mw","d":0.0,"src":"EMME","era":"early"}},{"type":"Feature","geometry":{"type":"Point","coordinates":[49.45,31.96]},"properties":{"id":"bml19360004","t":-1045085027000,"year":1936,"m":5.1,"mt":"Mw","d":33.0,"src":"EMME","era":"early"}},{"type":"Feature","geometry":{"type":"Point","coordinates":[44.1,38.9]},"properties":{"id":"bml1976003k","t":217895820000,"year":1976,"m":5.1,"mt":"Mw","d":0.0,"src":"EMME","era":"modern"}},{"type":"Feature","geometry":{"type":"Point","coordinates":[44.0,39.2]},"properties":{"id":"bml1976005b","t":218661240000,"year":1976,"m":5.1,"mt":"Mw","d":33.0,"src":"EMME","era":"modern"}},{"type":"Feature","geometry":{"type":"Point","coordinates":[45.3,38.5]},"properties":{"id":"bml19810014","t":359592418000,"year":1981,"m":5.1,"mt":"Mw","d":33.0,"src":"EMME","era":"modern"}},{"type":"Feature","geometry":{"type":"Point","coordinates":[44.05,38.81]},"properties":{"id":"bml19910002","t":663627720000,"year":1991,"m":5.1,"mt":"Mw","d":10.0,"src":"EMME","era":"modern"}},{"type":"Feature","geometry":{"type":"Point","coordinates":[45.52,38.67]},"properties":{"id":"bml1993001p","t":746449260000,"year":1993,"m":5.1,"mt":"Mw","d":3.0,"src":"EMME","era":"modern"}},{"type":"Feature","geometry":{"type":"Point","coordinates":[45.171,38.393]},"properties":{"id":"bml1998004u","t":911349440000,"year":1998,"m":5.1,"mt":"Mw","d":33.0,"src":"ONUR2017","era":"modern"}},{"type":"Feature","geometry":{"type":"Point","coordinates":[42.73,38.36]},"properties":{"id":"bml19990048","t":937759617000,"year":1999,"m":5.1,"mt":"Mw","d":0.0,"src":"EMME","era":"modern"}},{"type":"Feature","geometry":{"type":"Point","coordinates":[43.08,38.8]},"properties":{"id":"bml2001006q","t":1007266260000,"year":2001,"m":5.1,"mt":"Mw","d":0.0,"src":"EMME","era":"modern"}},{"type":"Feature","geometry":{"type":"Point","coordinates":[41.428,39.03]},"properties":{"id":"bml2013000v","t":1379450451000,"year":2013,"m":5.1,"mt":"Mw","d":9.7,"src":"ISC","era":"modern"}},{"type":"Feature","geometry":{"type":"Point","coordinates":[45.849,34.395]},"properties":{"id":"bml20180004","t":1515252129000,"year":2018,"m":5.1,"mt":"Mw","d":19.4,"src":"ISC","era":"modern"}},{"type":"Feature","geometry":{"type":"Point","coordinates":[45.807,34.395]},"properties":{"id":"bml2018001p","t":1522571726000,"year":2018,"m":5.1,"mt":"Mw","d":13.8,"src":"ISC","era":"modern"}},{"type":"Feature","geometry":{"type":"Point","coordinates":[45.5,39.5]},"properties":{"id":"bml19160001","t":-1682196840000,"year":1916,"m":5.1,"mt":"Mw","d":30.0,"src":"EMME","era":"early"}},{"type":"Feature","geometry":{"type":"Point","coordinates":[45.5,39.5]},"properties":{"id":"bml19160002","t":-1679604900000,"year":1916,"m":5.1,"mt":"Mw","d":30.0,"src":"EMME","era":"early"}},{"type":"Feature","geometry":{"type":"Point","coordinates":[46.3,39.5]},"properties":{"id":"bml19310002","t":-1227638388000,"year":1931,"m":5.1,"mt":"Mw","d":27.0,"src":"EMME","era":"early"}},{"type":"Feature","geometry":{"type":"Point","coordinates":[46.0,39.5]},"properties":{"id":"bml19310007","t":-1220680500000,"year":1931,"m":5.1,"mt":"Mw","d":20.0,"src":"EMME","era":"early"}},{"type":"Feature","geometry":{"type":"Point","coordinates":[48.4,39.1]},"properties":{"id":"bml19330002","t":-1158512722000,"year":1933,"m":5.1,"mt":"Mw","d":15.0,"src":"EMME","era":"early"}},{"type":"Feature","geometry":{"type":"Point","coordinates":[38.0,39.0]},"properties":{"id":"bml19380004","t":-981489000000,"year":1938,"m":5.1,"mt":"Mw","d":0.0,"src":"EMME","era":"early"}},{"type":"Feature","geometry":{"type":"Point","coordinates":[41.43,39.14]},"properties":{"id":"bml19480004","t":-679482095000,"year":1948,"m":5.1,"mt":"Mw","d":30.0,"src":"EMME","era":"early"}},{"type":"Feature","geometry":{"type":"Point","coordinates":[40.98,39.42]},"properties":{"id":"bml19490007","t":-642421156000,"year":1949,"m":5.1,"mt":"Mw","d":10.0,"src":"EMME","era":"early"}},{"type":"Feature","geometry":{"type":"Point","coordinates":[44.0,38.4]},"properties":{"id":"bml19510003","t":-593272720000,"year":1951,"m":5.1,"mt":"Mw","d":0.0,"src":"EMME","era":"early"}},{"type":"Feature","geometry":{"type":"Point","coordinates":[39.67,38.74]},"properties":{"id":"bml19570001","t":-400962852000,"year":1957,"m":5.1,"mt":"Mw","d":10.0,"src":"EMME","era":"early"}},{"type":"Feature","geometry":{"type":"Point","coordinates":[45.1,38.3]},"properties":{"id":"bml19570003","t":-397403825000,"year":1957,"m":5.1,"mt":"Mw","d":21.0,"src":"EMME","era":"early"}},{"type":"Feature","geometry":{"type":"Point","coordinates":[49.5,38.0]},"properties":{"id":"bml19570008","t":-390328656000,"year":1957,"m":5.1,"mt":"Mw","d":15.0,"src":"EMME","era":"early"}},{"type":"Feature","geometry":{"type":"Point","coordinates":[41.29,38.55]},"properties":{"id":"bml19590005","t":-326380783000,"year":1959,"m":5.1,"mt":"Mw","d":50.0,"src":"EMME","era":"early"}},{"type":"Feature","geometry":{"type":"Point","coordinates":[41.52,39.29]},"properties":{"id":"bml1960000a","t":-294364771000,"year":1960,"m":5.1,"mt":"Mw","d":70.0,"src":"EMME","era":"early"}},{"type":"Feature","geometry":{"type":"Point","coordinates":[44.9,38.3]},"properties":{"id":"bml19610002","t":-274613994000,"year":1961,"m":5.1,"mt":"Mw","d":20.0,"src":"EMME","era":"early"}},{"type":"Feature","geometry":{"type":"Point","coordinates":[49.0,39.2]},"properties":{"id":"bml19640006","t":-181702577000,"year":1964,"m":5.1,"mt":"Mw","d":14.0,"src":"EMME","era":"modern"}},{"type":"Feature","geometry":{"type":"Point","coordinates":[41.49,38.82]},"properties":{"id":"bml1966001n","t":-106254875000,"year":1966,"m":5.1,"mt":"Mw","d":47.0,"src":"EMME","era":"modern"}},{"type":"Feature","geometry":{"type":"Point","coordinates":[47.355,31.618]},"properties":{"id":"bml1976000x","t":210124884000,"year":1976,"m":5.1,"mt":"M","d":33.0,"src":"ONUR2017","era":"modern"}},{"type":"Feature","geometry":{"type":"Point","coordinates":[49.94,31.615]},"properties":{"id":"bml1985000x","t":480730001000,"year":1985,"m":5.1,"mt":"Mw","d":40.8,"src":"ONUR2017","era":"modern"}},{"type":"Feature","geometry":{"type":"Point","coordinates":[40.092,38.658]},"properties":{"id":"bml1992000o","t":705197705000,"year":1992,"m":5.1,"mt":"Mw","d":33.1,"src":"ONUR2017","era":"modern"}},{"type":"Feature","geometry":{"type":"Point","coordinates":[48.318,38.267]},"properties":{"id":"bml19940020","t":783736266000,"year":1994,"m":5.1,"mt":"Mw","d":43.3,"src":"ONUR2017","era":"modern"}},{"type":"Feature","geometry":{"type":"Point","coordinates":[49.455,37.07]},"properties":{"id":"bml1995001w","t":813718597000,"year":1995,"m":5.1,"mt":"Mw","d":62.6,"src":"ONUR2017","era":"modern"}},{"type":"Feature","geometry":{"type":"Point","coordinates":[48.3,37.95]},"properties":{"id":"bml1997000k","t":857138158000,"year":1997,"m":5.1,"mt":"Mw","d":0.0,"src":"EMME","era":"modern"}},{"type":"Feature","geometry":{"type":"Point","coordinates":[38.955,38.269]},"properties":{"id":"bml1998001r","t":894674283000,"year":1998,"m":5.1,"mt":"Mw","d":26.5,"src":"ONUR2017","era":"modern"}},{"type":"Feature","geometry":{"type":"Point","coordinates":[38.95,38.25]},"properties":{"id":"bml1998001s","t":894728283000,"year":1998,"m":5.1,"mt":"Mw","d":17.2,"src":"EMME","era":"modern"}},{"type":"Feature","geometry":{"type":"Point","coordinates":[45.125,35.25]},"properties":{"id":"bml19990009","t":916359253000,"year":1999,"m":5.1,"mt":"Mw","d":59.2,"src":"ONUR2017","era":"modern"}},{"type":"Feature","geometry":{"type":"Point","coordinates":[43.905,36.637]},"properties":{"id":"bml20030021","t":1047773183000,"year":2003,"m":5.1,"mt":"Mw","d":33.0,"src":"ONUR2017","era":"modern"}},{"type":"Feature","geometry":{"type":"Point","coordinates":[44.589,38.641]},"properties":{"id":"bml2003009p","t":1066609611000,"year":2003,"m":5.1,"mt":"Mw","d":10.0,"src":"ONUR2017","era":"modern"}},{"type":"Feature","geometry":{"type":"Point","coordinates":[40.89,39.356]},"properties":{"id":"bml2005005l","t":1111538622000,"year":2005,"m":5.1,"mt":"Mw","d":5.0,"src":"ONUR2017","era":"modern"}},{"type":"Feature","geometry":{"type":"Point","coordinates":[38.854,38.241]},"properties":{"id":"bml200500az","t":1132966615000,"year":2005,"m":5.1,"mt":"Mw","d":17.8,"src":"ONUR2017","era":"modern"}},{"type":"Feature","geometry":{"type":"Point","coordinates":[38.86,38.21]},"properties":{"id":"bml200500b0","t":1133020619000,"year":2005,"m":5.1,"mt":"Mw","d":23.0,"src":"EMME","era":"modern"}},{"type":"Feature","geometry":{"type":"Point","coordinates":[48.753,33.558]},"properties":{"id":"bml2006009z","t":1143678978000,"year":2006,"m":5.1,"mt":"Mw","d":15.7,"src":"ONUR2017","era":"modern"}},{"type":"Feature","geometry":{"type":"Point","coordinates":[48.678,33.631]},"properties":{"id":"bml200600aq","t":1143766443000,"year":2006,"m":5.1,"mt":"Mw","d":15.8,"src":"ONUR2017","era":"modern"}},{"type":"Feature","geometry":{"type":"Point","coordinates":[48.66,33.65]},"properties":{"id":"bml200600b4","t":1143806042000,"year":2006,"m":5.1,"mt":"Mw","d":7.0,"src":"EMME","era":"modern"}},{"type":"Feature","geometry":{"type":"Point","coordinates":[47.287,32.318]},"properties":{"id":"bml200801mw","t":1220402592000,"year":2008,"m":5.1,"mt":"Mw","d":12.0,"src":"ONUR2017","era":"modern"}},{"type":"Feature","geometry":{"type":"Point","coordinates":[47.2,32.3]},"properties":{"id":"bml200801n7","t":1220481793000,"year":2008,"m":5.1,"mt":"Mw","d":8.0,"src":"USGS","era":"modern"}},{"type":"Feature","geometry":{"type":"Point","coordinates":[43.412,35.841]},"properties":{"id":"bml200901n5","t":1247877148000,"year":2009,"m":5.1,"mt":"Mw","d":16.3,"src":"ONUR2017","era":"modern"}},{"type":"Feature","geometry":{"type":"Point","coordinates":[43.353,35.888]},"properties":{"id":"bml200901nj","t":1247949149000,"year":2009,"m":5.1,"mt":"Mw","d":25.8,"src":"USGS","era":"modern"}},{"type":"Feature","geometry":{"type":"Point","coordinates":[40.143,38.776]},"properties":{"id":"bml20100092","t":1268046730000,"year":2010,"m":5.1,"mt":"Mw","d":5.0,"src":"USGS","era":"modern"}},{"type":"Feature","geometry":{"type":"Point","coordinates":[40.138,38.821]},"properties":{"id":"bml201000an","t":1269439891000,"year":2010,"m":5.1,"mt":"Mw","d":4.5,"src":"USGS","era":"modern"}},{"type":"Feature","geometry":{"type":"Point","coordinates":[38.305,38.062]},"properties":{"id":"bml2023000y","t":1675649183000,"year":2023,"m":5.1,"mt":"Mw","d":3.8,"src":"ISC","era":"modern"}},{"type":"Feature","geometry":{"type":"Point","coordinates":[45.987,38.746]},"properties":{"id":"bml1930000w","t":-1250158133000,"year":1930,"m":5.1,"mt":"Mw","d":15.0,"src":"USGS","era":"early"}},{"type":"Feature","geometry":{"type":"Point","coordinates":[43.3,38.47]},"properties":{"id":"bml19450004","t":-770828591000,"year":1945,"m":5.1,"mt":"Mw","d":33.0,"src":"EMME","era":"early"}},{"type":"Feature","geometry":{"type":"Point","coordinates":[50.4,29.71]},"properties":{"id":"bml19600003","t":-309239112000,"year":1960,"m":5.1,"mt":"Mw","d":47.0,"src":"EMME","era":"early"}},{"type":"Feature","geometry":{"type":"Point","coordinates":[40.4,39.43]},"properties":{"id":"bml1964000u","t":-161721152000,"year":1964,"m":5.1,"mt":"Mw","d":10.1,"src":"EMME","era":"modern"}},{"type":"Feature","geometry":{"type":"Point","coordinates":[38.98,38.16]},"properties":{"id":"bml1965000g","t":-146061018000,"year":1965,"m":5.1,"mt":"Mw","d":26.0,"src":"EMME","era":"modern"}},{"type":"Feature","geometry":{"type":"Point","coordinates":[41.3,38.0]},"properties":{"id":"bml1965000n","t":-142385551000,"year":1965,"m":5.1,"mt":"Mw","d":33.0,"src":"ONUR2017","era":"modern"}},{"type":"Feature","geometry":{"type":"Point","coordinates":[40.79,39.36]},"properties":{"id":"bml1965000q","t":-136855814000,"year":1965,"m":5.1,"mt":"Mw","d":11.0,"src":"ONUR2017","era":"modern"}},{"type":"Feature","geometry":{"type":"Point","coordinates":[50.14,30.59]},"properties":{"id":"bml1965000x","t":-135045395000,"year":1965,"m":5.1,"mt":"Mw","d":54.0,"src":"EMME","era":"modern"}},{"type":"Feature","geometry":{"type":"Point","coordinates":[42.52,38.14]},"properties":{"id":"bml1966000g","t":-116136669000,"year":1966,"m":5.1,"mt":"Mw","d":28.0,"src":"EMME","era":"modern"}},{"type":"Feature","geometry":{"type":"Point","coordinates":[48.78,32.68]},"properties":{"id":"bml1966000z","t":-108342657000,"year":1966,"m":5.1,"mt":"Mw","d":45.0,"src":"ONUR2017","era":"modern"}},{"type":"Feature","geometry":{"type":"Point","coordinates":[41.3,39.41]},"properties":{"id":"bml1966001d","t":-106310686000,"year":1966,"m":5.1,"mt":"Mw","d":62.0,"src":"EMME","era":"modern"}},{"type":"Feature","geometry":{"type":"Point","coordinates":[47.59,34.59]},"properties":{"id":"bml1967000b","t":-90799951000,"year":1967,"m":5.1,"mt":"Mw","d":18.4,"src":"EMME","era":"modern"}},{"type":"Feature","geometry":{"type":"Point","coordinates":[50.4,31.61]},"properties":{"id":"bml1967000y","t":-76803544000,"year":1967,"m":5.1,"mt":"Mw","d":73.0,"src":"EMME","era":"modern"}},{"type":"Feature","geometry":{"type":"Point","coordinates":[46.18,34.34]},"properties":{"id":"bml19670016","t":-68831684000,"year":1967,"m":5.1,"mt":"Mw","d":86.0,"src":"EMME","era":"modern"}},{"type":"Feature","geometry":{"type":"Point","coordinates":[46.83,33.8]},"properties":{"id":"bml19680004","t":-61269947000,"year":1968,"m":5.1,"mt":"Mw","d":51.0,"src":"EMME","era":"modern"}},{"type":"Feature","geometry":{"type":"Point","coordinates":[46.79,33.77]},"properties":{"id":"bml19680005","t":-61267159000,"year":1968,"m":5.1,"mt":"Mw","d":12.7,"src":"EMME","era":"modern"}},{"type":"Feature","geometry":{"type":"Point","coordinates":[49.63,30.83]},"properties":{"id":"bml1969000k","t":-10457029000,"year":1969,"m":5.1,"mt":"Mw","d":20.0,"src":"EMME","era":"modern"}},{"type":"Feature","geometry":{"type":"Point","coordinates":[48.75,32.6]},"properties":{"id":"bml19700002","t":174949000,"year":1970,"m":5.1,"mt":"Mw","d":44.0,"src":"ONUR2017","era":"modern"}},{"type":"Feature","geometry":{"type":"Point","coordinates":[47.34,33.94]},"properties":{"id":"bml19700015","t":23770060000,"year":1970,"m":5.1,"mt":"Mw","d":12.7,"src":"EMME","era":"modern"}},{"type":"Feature","geometry":{"type":"Point","coordinates":[50.493,30.322]},"properties":{"id":"bml19720002","t":63506491000,"year":1972,"m":5.1,"mt":"Mw","d":23.5,"src":"ONUR2017","era":"modern"}},{"type":"Feature","geometry":{"type":"Point","coordinates":[46.839,32.874]},"properties":{"id":"bml19720004","t":64195804000,"year":1972,"m":5.1,"mt":"Mw","d":39.9,"src":"ONUR2017","era":"modern"}},{"type":"Feature","geometry":{"type":"Point","coordinates":[46.28,34.09]},"properties":{"id":"bml1972000h","t":76844365000,"year":1972,"m":5.1,"mt":"Mw","d":46.1,"src":"EMME","era":"modern"}},{"type":"Feature","geometry":{"type":"Point","coordinates":[43.36,38.23]},"properties":{"id":"bml1972000t","t":80102811000,"year":1972,"m":5.1,"mt":"Mw","d":46.1,"src":"EMME","era":"modern"}},{"type":"Feature","geometry":{"type":"Point","coordinates":[49.296,31.97]},"properties":{"id":"bml19730007","t":97892841000,"year":1973,"m":5.1,"mt":"Mw","d":63.9,"src":"ONUR2017","era":"modern"}},{"type":"Feature","geometry":{"type":"Point","coordinates":[49.36,31.97]},"properties":{"id":"bml1973000c","t":100790506000,"year":1973,"m":5.1,"mt":"Mw","d":19.0,"src":"EMME","era":"modern"}},{"type":"Feature","geometry":{"type":"Point","coordinates":[50.45,29.95]},"properties":{"id":"bml1973000s","t":109852142000,"year":1973,"m":5.1,"mt":"Mw","d":48.1,"src":"EMME","era":"modern"}},{"type":"Feature","geometry":{"type":"Point","coordinates":[44.82,35.44]},"properties":{"id":"bml19750003","t":158969274000,"year":1975,"m":5.1,"mt":"Mw","d":68.1,"src":"EMME","era":"modern"}},{"type":"Feature","geometry":{"type":"Point","coordinates":[49.1,33.34]},"properties":{"id":"bml1975000q","t":178845352000,"year":1975,"m":5.1,"mt":"Mw","d":9.7,"src":"EMME","era":"modern"}},{"type":"Feature","geometry":{"type":"Point","coordinates":[40.821,38.459]},"properties":{"id":"bml1975000t","t":179196736000,"year":1975,"m":5.1,"mt":"Mw","d":46.6,"src":"ONUR2017","era":"modern"}},{"type":"Feature","geometry":{"type":"Point","coordinates":[40.58,38.55]},"properties":{"id":"bml1975000w","t":179230390000,"year":1975,"m":5.1,"mt":"Mw","d":47.3,"src":"EMME","era":"modern"}},{"type":"Feature","geometry":{"type":"Point","coordinates":[40.57,38.41]},"properties":{"id":"bml1975000y","t":179237447000,"year":1975,"m":5.1,"mt":"Mw","d":0.0,"src":"EMME","era":"modern"}},{"type":"Feature","geometry":{"type":"Point","coordinates":[43.2,38.61]},"properties":{"id":"bml19760007","t":190334511000,"year":1976,"m":5.1,"mt":"Mw","d":56.3,"src":"EMME","era":"modern"}},{"type":"Feature","geometry":{"type":"Point","coordinates":[49.977,31.407]},"properties":{"id":"bml1976000z","t":210732196000,"year":1976,"m":5.1,"mt":"Mw","d":52.6,"src":"ONUR2017","era":"modern"}},{"type":"Feature","geometry":{"type":"Point","coordinates":[50.46,31.07]},"properties":{"id":"bml19760013","t":210873887000,"year":1976,"m":5.1,"mt":"Mw","d":60.3,"src":"EMME","era":"modern"}},{"type":"Feature","geometry":{"type":"Point","coordinates":[43.955,39.169]},"properties":{"id":"bml1976001m","t":217643440000,"year":1976,"m":5.1,"mt":"Mw","d":33.0,"src":"ONUR2017","era":"modern"}},{"type":"Feature","geometry":{"type":"Point","coordinates":[43.71,39.09]},"properties":{"id":"bml1976001s","t":217689488000,"year":1976,"m":5.1,"mt":"Mw","d":49.3,"src":"EMME","era":"modern"}},{"type":"Feature","geometry":{"type":"Point","coordinates":[43.66,39.31]},"properties":{"id":"bml19760054","t":218520636000,"year":1976,"m":5.1,"mt":"Mw","d":53.3,"src":"EMME","era":"modern"}},{"type":"Feature","geometry":{"type":"Point","coordinates":[43.62,39.29]},"properties":{"id":"bml1977000a","t":221081846000,"year":1977,"m":5.1,"mt":"Mw","d":45.9,"src":"EMME","era":"modern"}},{"type":"Feature","geometry":{"type":"Point","coordinates":[49.39,32.56]},"properties":{"id":"bml19770027","t":225693437000,"year":1977,"m":5.1,"mt":"Mw","d":66.4,"src":"EMME","era":"modern"}},{"type":"Feature","geometry":{"type":"Point","coordinates":[47.92,33.17]},"properties":{"id":"bml1977003m","t":232242378000,"year":1977,"m":5.1,"mt":"Mw","d":41.2,"src":"EMME","era":"modern"}},{"type":"Feature","geometry":{"type":"Point","coordinates":[44.35,38.89]},"properties":{"id":"bml1977003z","t":233488224000,"year":1977,"m":5.1,"mt":"Mw","d":40.5,"src":"EMME","era":"modern"}},{"type":"Feature","geometry":{"type":"Point","coordinates":[48.164,32.561]},"properties":{"id":"bml1977004s","t":234347130000,"year":1977,"m":5.1,"mt":"Mw","d":33.0,"src":"USGS","era":"modern"}},{"type":"Feature","geometry":{"type":"Point","coordinates":[43.53,39.31]},"properties":{"id":"bml19770063","t":247434376000,"year":1977,"m":5.1,"mt":"Mw","d":38.2,"src":"EMME","era":"modern"}},{"type":"Feature","geometry":{"type":"Point","coordinates":[48.075,32.445]},"properties":{"id":"bml19780002","t":253240583000,"year":1978,"m":5.1,"mt":"Mw","d":49.7,"src":"ONUR2017","era":"modern"}},{"type":"Feature","geometry":{"type":"Point","coordinates":[49.55,32.019]},"properties":{"id":"bml1978002x","t":282444885000,"year":1978,"m":5.1,"mt":"Mw","d":46.3,"src":"ONUR2017","era":"modern"}},{"type":"Feature","geometry":{"type":"Point","coordinates":[43.91,39.12]},"properties":{"id":"bml1979000k","t":292680867000,"year":1979,"m":5.1,"mt":"Mw","d":44.1,"src":"EMME","era":"modern"}},{"type":"Feature","geometry":{"type":"Point","coordinates":[46.471,33.385]},"properties":{"id":"bml1979000o","t":293244170000,"year":1979,"m":5.1,"mt":"Mw","d":65.9,"src":"ONUR2017","era":"modern"}},{"type":"Feature","geometry":{"type":"Point","coordinates":[39.8,38.41]},"properties":{"id":"bml1979001n","t":306000893000,"year":1979,"m":5.1,"mt":"Mw","d":35.1,"src":"EMME","era":"modern"}},{"type":"Feature","geometry":{"type":"Point","coordinates":[48.68,32.54]},"properties":{"id":"bml19790021","t":312043140000,"year":1979,"m":5.1,"mt":"Mw","d":21.2,"src":"EMME","era":"modern"}},{"type":"Feature","geometry":{"type":"Point","coordinates":[48.79,39.13]},"properties":{"id":"bml1980000b","t":319770366000,"year":1980,"m":5.1,"mt":"Mw","d":43.0,"src":"EMME","era":"modern"}},{"type":"Feature","geometry":{"type":"Point","coordinates":[47.52,32.58]},"properties":{"id":"bml1980000g","t":319990097000,"year":1980,"m":5.1,"mt":"Mw","d":62.9,"src":"EMME","era":"modern"}},{"type":"Feature","geometry":{"type":"Point","coordinates":[40.831,38.539]},"properties":{"id":"bml1980000x","t":332123611000,"year":1980,"m":5.1,"mt":"Mw","d":52.9,"src":"ONUR2017","era":"modern"}},{"type":"Feature","geometry":{"type":"Point","coordinates":[48.47,32.65]},"properties":{"id":"bml1980001j","t":340831927000,"year":1980,"m":5.1,"mt":"Mw","d":44.4,"src":"EMME","era":"modern"}},{"type":"Feature","geometry":{"type":"Point","coordinates":[46.07,33.51]},"properties":{"id":"bml1982001r","t":395911165000,"year":1982,"m":5.1,"mt":"Mw","d":57.6,"src":"EMME","era":"modern"}},{"type":"Feature","geometry":{"type":"Point","coordinates":[40.6,38.42]},"properties":{"id":"bml1982002f","t":408321104000,"year":1982,"m":5.1,"mt":"Mw","d":40.2,"src":"EMME","era":"modern"}},{"type":"Feature","geometry":{"type":"Point","coordinates":[48.47,32.48]},"properties":{"id":"bml19830016","t":423021012000,"year":1983,"m":5.1,"mt":"Mw","d":20.0,"src":"EMME","era":"modern"}},{"type":"Feature","geometry":{"type":"Point","coordinates":[45.952,38.496]},"properties":{"id":"bml1984001i","t":462155502000,"year":1984,"m":5.1,"mt":"Mw","d":10.0,"src":"ONUR2017","era":"modern"}},{"type":"Feature","geometry":{"type":"Point","coordinates":[47.33,32.54]},"properties":{"id":"bml19850009","t":478233846000,"year":1985,"m":5.1,"mt":"Mw","d":20.0,"src":"EMME","era":"modern"}},{"type":"Feature","geometry":{"type":"Point","coordinates":[49.11,37.9]},"properties":{"id":"bml1986000m","t":515196476000,"year":1986,"m":5.1,"mt":"Mw","d":25.0,"src":"EMME","era":"modern"}},{"type":"Feature","geometry":{"type":"Point","coordinates":[50.2,31.96]},"properties":{"id":"bml19860014","t":518123037000,"year":1986,"m":5.1,"mt":"Mw","d":15.0,"src":"EMME","era":"modern"}},{"type":"Feature","geometry":{"type":"Point","coordinates":[44.37,35.85]},"properties":{"id":"bml19860021","t":524742556000,"year":1986,"m":5.1,"mt":"Mw","d":37.7,"src":"EMME","era":"modern"}},{"type":"Feature","geometry":{"type":"Point","coordinates":[46.9,34.98]},"properties":{"id":"bml1987000u","t":553104087000,"year":1987,"m":5.1,"mt":"Mw","d":20.0,"src":"EMME","era":"modern"}},{"type":"Feature","geometry":{"type":"Point","coordinates":[46.94,32.65]},"properties":{"id":"bml1988000p","t":570206190000,"year":1988,"m":5.1,"mt":"Mw","d":28.2,"src":"EMME","era":"modern"}},{"type":"Feature","geometry":{"type":"Point","coordinates":[50.371,30.748]},"properties":{"id":"bml19880020","t":577673648000,"year":1988,"m":5.1,"mt":"Mw","d":26.0,"src":"ONUR2017","era":"modern"}},{"type":"Feature","geometry":{"type":"Point","coordinates":[44.01,36.8]},"properties":{"id":"bml1988002z","t":584384188000,"year":1988,"m":5.1,"mt":"Mw","d":10.0,"src":"EMME","era":"modern"}},{"type":"Feature","geometry":{"type":"Point","coordinates":[45.7,36.04]},"properties":{"id":"bml1988003c","t":585820720000,"year":1988,"m":5.1,"mt":"Mw","d":15.0,"src":"EMME","era":"modern"}},{"type":"Feature","geometry":{"type":"Point","coordinates":[50.32,30.75]},"properties":{"id":"bml1988003v","t":596070502000,"year":1988,"m":5.1,"mt":"Mw","d":42.2,"src":"EMME","era":"modern"}},{"type":"Feature","geometry":{"type":"Point","coordinates":[47.84,32.72]},"properties":{"id":"bml1989000j","t":608599839000,"year":1989,"m":5.1,"mt":"Mw","d":15.0,"src":"EMME","era":"modern"}},{"type":"Feature","geometry":{"type":"Point","coordinates":[45.15,35.57]},"properties":{"id":"bml19890015","t":617154510000,"year":1989,"m":5.1,"mt":"Mw","d":56.6,"src":"EMME","era":"modern"}},{"type":"Feature","geometry":{"type":"Point","coordinates":[48.99,32.27]},"properties":{"id":"bml19890017","t":617506493000,"year":1989,"m":5.1,"mt":"Mw","d":62.9,"src":"EMME","era":"modern"}},{"type":"Feature","geometry":{"type":"Point","coordinates":[46.79,32.78]},"properties":{"id":"bml1990000k","t":643561934000,"year":1990,"m":5.1,"mt":"Mw","d":15.0,"src":"EMME","era":"modern"}},{"type":"Feature","geometry":{"type":"Point","coordinates":[49.48,36.82]},"properties":{"id":"bml19900015","t":645922733000,"year":1990,"m":5.1,"mt":"Mw","d":15.0,"src":"EMME","era":"modern"}},{"type":"Feature","geometry":{"type":"Point","coordinates":[49.43,36.93]},"properties":{"id":"bml19900016","t":645922840000,"year":1990,"m":5.1,"mt":"Mw","d":15.0,"src":"EMME","era":"modern"}},{"type":"Feature","geometry":{"type":"Point","coordinates":[49.48,36.86]},"properties":{"id":"bml1990001r","t":645954625000,"year":1990,"m":5.1,"mt":"Mw","d":15.0,"src":"EMME","era":"modern"}},{"type":"Feature","geometry":{"type":"Point","coordinates":[49.72,36.88]},"properties":{"id":"bml1990002p","t":646458984000,"year":1990,"m":5.1,"mt":"Mw","d":20.0,"src":"EMME","era":"modern"}},{"type":"Feature","geometry":{"type":"Point","coordinates":[48.2,32.8]},"properties":{"id":"bml19900041","t":649696036000,"year":1990,"m":5.1,"mt":"Mw","d":15.0,"src":"EMME","era":"modern"}},{"type":"Feature","geometry":{"type":"Point","coordinates":[49.82,36.77]},"properties":{"id":"bml1990004k","t":654264740000,"year":1990,"m":5.1,"mt":"Mw","d":40.4,"src":"EMME","era":"modern"}},{"type":"Feature","geometry":{"type":"Point","coordinates":[47.86,32.59]},"properties":{"id":"bml19900058","t":662430857000,"year":1990,"m":5.1,"mt":"Mw","d":66.9,"src":"ONUR2017","era":"modern"}},{"type":"Feature","geometry":{"type":"Point","coordinates":[42.59,37.17]},"properties":{"id":"bml19910008","t":665485741000,"year":1991,"m":5.1,"mt":"Mw","d":21.0,"src":"EMME","era":"modern"}},{"type":"Feature","geometry":{"type":"Point","coordinates":[50.21,30.61]},"properties":{"id":"bml1991001o","t":688919710000,"year":1991,"m":5.1,"mt":"Mw","d":25.0,"src":"EMME","era":"modern"}},{"type":"Feature","geometry":{"type":"Point","coordinates":[50.18,30.64]},"properties":{"id":"bml1991001y","t":689327390000,"year":1991,"m":5.1,"mt":"Mw","d":25.0,"src":"EMME","era":"modern"}},{"type":"Feature","geometry":{"type":"Point","coordinates":[50.091,30.738]},"properties":{"id":"bml19910024","t":689990670000,"year":1991,"m":5.1,"mt":"Mw","d":43.7,"src":"ONUR2017","era":"modern"}},{"type":"Feature","geometry":{"type":"Point","coordinates":[43.95,35.93]},"properties":{"id":"bml1992001o","t":724847840000,"year":1992,"m":5.1,"mt":"Mw","d":33.0,"src":"EMME","era":"modern"}},{"type":"Feature","geometry":{"type":"Point","coordinates":[48.434,32.515]},"properties":{"id":"bml1994001c","t":775614126000,"year":1994,"m":5.1,"mt":"Mw","d":33.0,"src":"ONUR2017","era":"modern"}},{"type":"Feature","geometry":{"type":"Point","coordinates":[48.83,32.61]},"properties":{"id":"bml19950019","t":802566589000,"year":1995,"m":5.1,"mt":"Mw","d":25.0,"src":"EMME","era":"modern"}},{"type":"Feature","geometry":{"type":"Point","coordinates":[47.4,39.22]},"properties":{"id":"bml1996001t","t":830184155000,"year":1996,"m":5.1,"mt":"Mw","d":28.4,"src":"EMME","era":"modern"}},{"type":"Feature","geometry":{"type":"Point","coordinates":[48.92,35.57]},"properties":{"id":"bml2002003t","t":1024728335000,"year":2002,"m":5.1,"mt":"Mw","d":10.0,"src":"EMME","era":"modern"}},{"type":"Feature","geometry":{"type":"Point","coordinates":[49.23,31.99]},"properties":{"id":"bml200300ai","t":1071160098000,"year":2003,"m":5.1,"mt":"Mw","d":25.0,"src":"EMME","era":"modern"}},{"type":"Feature","geometry":{"type":"Point","coordinates":[49.492,31.874]},"properties":{"id":"bml200902be","t":1254693052000,"year":2009,"m":5.1,"mt":"Mw","d":9.4,"src":"USGS","era":"modern"}},{"type":"Feature","geometry":{"type":"Point","coordinates":[46.607,32.796]},"properties":{"id":"bml2015000r","t":1443161424000,"year":2015,"m":5.1,"mt":"Mw","d":13.0,"src":"ISC","era":"modern"}},{"type":"Feature","geometry":{"type":"Point","coordinates":[41.324,39.28]},"properties":{"id":"bml19670006","t":-92144101000,"year":1967,"m":5.1,"mt":"Mw","d":10.0,"src":"USGS","era":"modern"}},{"type":"Feature","geometry":{"type":"Point","coordinates":[44.1,39.1]},"properties":{"id":"bml19760025","t":217716367000,"year":1976,"m":5.1,"mt":"Mw","d":55.0,"src":"EMME","era":"modern"}},{"type":"Feature","geometry":{"type":"Point","coordinates":[49.561,31.786]},"properties":{"id":"bml202406yw","t":1733377127000,"year":2024,"m":5.1,"mt":"Mw","d":10.0,"src":"ISC","era":"modern"}},{"type":"Feature","geometry":{"type":"Point","coordinates":[44.78,39.32]},"properties":{"id":"bml19580002","t":-368516723000,"year":1958,"m":5.1,"mt":"Mw","d":25.0,"src":"EMME","era":"early"}},{"type":"Feature","geometry":{"type":"Point","coordinates":[44.3,39.0]},"properties":{"id":"bml1976002g","t":217748773000,"year":1976,"m":5.1,"mt":"Mw","d":20.0,"src":"EMME","era":"modern"}},{"type":"Feature","geometry":{"type":"Point","coordinates":[45.8,38.2]},"properties":{"id":"bml1997004s","t":879853039000,"year":1997,"m":5.1,"mt":"Mw","d":0.0,"src":"EMME","era":"modern"}},{"type":"Feature","geometry":{"type":"Point","coordinates":[43.8,38.42]},"properties":{"id":"bml2000000x","t":951553085000,"year":2000,"m":5.1,"mt":"Mw","d":0.0,"src":"EMME","era":"modern"}},{"type":"Feature","geometry":{"type":"Point","coordinates":[45.67,33.726]},"properties":{"id":"bml20180009","t":1515654053000,"year":2018,"m":5.1,"mt":"MS","d":17.6,"src":"ISC","era":"modern"}},{"type":"Feature","geometry":{"type":"Point","coordinates":[38.764,38.248]},"properties":{"id":"bml2020002i","t":1591380381000,"year":2020,"m":5.1,"mt":"Mw","d":6.6,"src":"ISC","era":"modern"}},{"type":"Feature","geometry":{"type":"Point","coordinates":[49.714,32.336]},"properties":{"id":"bml20210019","t":1633759532000,"year":2021,"m":5.1,"mt":"Mw","d":14.3,"src":"ISC","era":"modern"}},{"type":"Feature","geometry":{"type":"Point","coordinates":[43.161,38.633]},"properties":{"id":"bml201103pn","t":1319393446000,"year":2011,"m":5.2,"mt":"Mw","d":10.7,"src":"ISC","era":"modern"}},{"type":"Feature","geometry":{"type":"Point","coordinates":[43.866,37.297]},"properties":{"id":"bml201101r7","t":1319702662000,"year":2011,"m":5.2,"mt":"Mw","d":12.8,"src":"ISC","era":"modern"}},{"type":"Feature","geometry":{"type":"Point","coordinates":[43.49,38.77]},"properties":{"id":"bml202601hi","t":1775281963000,"year":2026,"m":5.2,"mt":"Mw","d":10.0,"src":"ISC","era":"modern"}},{"type":"Feature","geometry":{"type":"Point","coordinates":[38.58,38.006]},"properties":{"id":"bml1964000e","t":-175087317000,"year":1964,"m":5.2,"mt":"Mw","d":15.0,"src":"USGS","era":"modern"}},{"type":"Feature","geometry":{"type":"Point","coordinates":[43.3,38.54]},"properties":{"id":"bml1970000b","t":4071540000,"year":1970,"m":5.2,"mt":"Mw","d":15.0,"src":"EMME","era":"modern"}},{"type":"Feature","geometry":{"type":"Point","coordinates":[44.0,38.9]},"properties":{"id":"bml1976005s","t":219110520000,"year":1976,"m":5.2,"mt":"Mw","d":33.0,"src":"EMME","era":"modern"}},{"type":"Feature","geometry":{"type":"Point","coordinates":[45.2,38.5]},"properties":{"id":"bml1991000h","t":670459560000,"year":1991,"m":5.2,"mt":"Mw","d":25.0,"src":"EMME","era":"modern"}},{"type":"Feature","geometry":{"type":"Point","coordinates":[45.35,38.3]},"properties":{"id":"bml1997004z","t":880283496000,"year":1997,"m":5.2,"mt":"Mw","d":0.0,"src":"EMME","era":"modern"}},{"type":"Feature","geometry":{"type":"Point","coordinates":[45.79,34.36]},"properties":{"id":"bml20000017","t":953123203000,"year":2000,"m":5.2,"mt":"Mw","d":33.0,"src":"EMME","era":"modern"}},{"type":"Feature","geometry":{"type":"Point","coordinates":[38.524,37.587]},"properties":{"id":"bml2018001t","t":1524530070000,"year":2018,"m":5.2,"mt":"Mw","d":11.1,"src":"ISC","era":"modern"}},{"type":"Feature","geometry":{"type":"Point","coordinates":[39.109,38.36]},"properties":{"id":"bml20200022","t":1584640413000,"year":2020,"m":5.2,"mt":"Mw","d":6.9,"src":"ISC","era":"modern"}},{"type":"Feature","geometry":{"type":"Point","coordinates":[45.956,35.308]},"properties":{"id":"bml2023002s","t":1678991573000,"year":2023,"m":5.2,"mt":"Mw","d":18.5,"src":"ISC","era":"modern"}},{"type":"Feature","geometry":{"type":"Point","coordinates":[38.447,38.179]},"properties":{"id":"bml202400li","t":1706187846000,"year":2024,"m":5.2,"mt":"Mw","d":10.4,"src":"ISC","era":"modern"}},{"type":"Feature","geometry":{"type":"Point","coordinates":[48.428,32.902]},"properties":{"id":"bml202500gy","t":1739732139000,"year":2025,"m":5.2,"mt":"Mw","d":21.0,"src":"ISC","era":"modern"}},{"type":"Feature","geometry":{"type":"Point","coordinates":[44.975,38.257]},"properties":{"id":"bml1930000u","t":-1251246213000,"year":1930,"m":5.2,"mt":"Mw","d":15.0,"src":"USGS","era":"early"}},{"type":"Feature","geometry":{"type":"Point","coordinates":[44.917,38.844]},"properties":{"id":"bml19370003","t":-1035694146000,"year":1937,"m":5.2,"mt":"Mw","d":15.0,"src":"USGS","era":"early"}},{"type":"Feature","geometry":{"type":"Point","coordinates":[39.918,39.475]},"properties":{"id":"bml19370004","t":-1011968942000,"year":1937,"m":5.2,"mt":"Mw","d":15.0,"src":"USGS","era":"early"}},{"type":"Feature","geometry":{"type":"Point","coordinates":[44.182,35.002]},"properties":{"id":"bml2012000i","t":1330930237000,"year":2012,"m":5.2,"mt":"Mw","d":29.8,"src":"ISC","era":"modern"}},{"type":"Feature","geometry":{"type":"Point","coordinates":[43.549,38.822]},"properties":{"id":"bml2022000r","t":1655058920000,"year":2022,"m":5.2,"mt":"Mw","d":9.4,"src":"ISC","era":"modern"}},{"type":"Feature","geometry":{"type":"Point","coordinates":[39.664,38.618]},"properties":{"id":"bml202406bm","t":1731074638000,"year":2024,"m":5.2,"mt":"Mw","d":5.0,"src":"ISC","era":"modern"}},{"type":"Feature","geometry":{"type":"Point","coordinates":[44.446,35.333]},"properties":{"id":"bml1965000i","t":-145188118000,"year":1965,"m":5.2,"mt":"Mw","d":15.0,"src":"USGS","era":"modern"}},{"type":"Feature","geometry":{"type":"Point","coordinates":[43.417,36.612]},"properties":{"id":"bml2013000f","t":1363013828000,"year":2013,"m":5.2,"mt":"Mw","d":12.9,"src":"ISC","era":"modern"}},{"type":"Feature","geometry":{"type":"Point","coordinates":[47.597,32.655]},"properties":{"id":"bml2014028o","t":1408360983000,"year":2014,"m":5.2,"mt":"Mw","d":12.8,"src":"ISC","era":"modern"}},{"type":"Feature","geometry":{"type":"Point","coordinates":[46.011,35.596]},"properties":{"id":"bml2021000f","t":1617721945000,"year":2021,"m":5.2,"mt":"Mw","d":15.2,"src":"ISC","era":"modern"}},{"type":"Feature","geometry":{"type":"Point","coordinates":[43.3,38.8]},"properties":{"id":"bml19450002","t":-772399800000,"year":1945,"m":5.2,"mt":"Mw","d":33.0,"src":"EMME","era":"early"}},{"type":"Feature","geometry":{"type":"Point","coordinates":[42.627,37.913]},"properties":{"id":"bml1996002z","t":836352334000,"year":1996,"m":5.2,"mt":"Mw","d":12.0,"src":"ONUR2017","era":"modern"}},{"type":"Feature","geometry":{"type":"Point","coordinates":[42.289,39.181]},"properties":{"id":"bml2012000s","t":1332758135000,"year":2012,"m":5.2,"mt":"Mw","d":13.4,"src":"ISC","era":"modern"}},{"type":"Feature","geometry":{"type":"Point","coordinates":[47.054,32.46]},"properties":{"id":"bml2012001m","t":1334985912000,"year":2012,"m":5.2,"mt":"Mw","d":37.6,"src":"ISC","era":"modern"}},{"type":"Feature","geometry":{"type":"Point","coordinates":[41.5,38.7]},"properties":{"id":"bml19030004","t":-2103840000000,"year":1903,"m":5.2,"mt":"Mw","d":0.0,"src":"EMME","era":"early"}},{"type":"Feature","geometry":{"type":"Point","coordinates":[42.5,39.1]},"properties":{"id":"bml19070001","t":-1985731200000,"year":1907,"m":5.2,"mt":"Mw","d":0.0,"src":"EMME","era":"early"}},{"type":"Feature","geometry":{"type":"Point","coordinates":[40.4,39.3]},"properties":{"id":"bml19070003","t":-1979942400000,"year":1907,"m":5.2,"mt":"Mw","d":0.0,"src":"EMME","era":"early"}},{"type":"Feature","geometry":{"type":"Point","coordinates":[45.8,38.8]},"properties":{"id":"bml19130004","t":-1771529464000,"year":1913,"m":5.2,"mt":"Mw","d":25.0,"src":"EMME","era":"early"}},{"type":"Feature","geometry":{"type":"Point","coordinates":[43.0,38.0]},"properties":{"id":"bml19240003","t":-1433816436000,"year":1924,"m":5.2,"mt":"Mw","d":0.0,"src":"EMME","era":"early"}},{"type":"Feature","geometry":{"type":"Point","coordinates":[47.3,37.8]},"properties":{"id":"bml19280001","t":-1318252004000,"year":1928,"m":5.2,"mt":"Mw","d":0.0,"src":"EMME","era":"early"}},{"type":"Feature","geometry":{"type":"Point","coordinates":[48.17,38.14]},"properties":{"id":"bml19280002","t":-1317906391000,"year":1928,"m":5.2,"mt":"Mw","d":18.0,"src":"EMME","era":"early"}},{"type":"Feature","geometry":{"type":"Point","coordinates":[42.0,38.0]},"properties":{"id":"bml19290004","t":-1269026078000,"year":1929,"m":5.2,"mt":"Mw","d":0.0,"src":"EMME","era":"early"}},{"type":"Feature","geometry":{"type":"Point","coordinates":[39.35,39.37]},"properties":{"id":"bml19300003","t":-1252849156000,"year":1930,"m":5.2,"mt":"Mw","d":60.0,"src":"EMME","era":"early"}},{"type":"Feature","geometry":{"type":"Point","coordinates":[44.5,38.0]},"properties":{"id":"bml1930000a","t":-1251367920000,"year":1930,"m":5.2,"mt":"Mw","d":0.0,"src":"EMME","era":"early"}},{"type":"Feature","geometry":{"type":"Point","coordinates":[44.25,37.55]},"properties":{"id":"bml1930000j","t":-1251080195000,"year":1930,"m":5.2,"mt":"Mw","d":10.0,"src":"EMME","era":"early"}},{"type":"Feature","geometry":{"type":"Point","coordinates":[44.5,38.0]},"properties":{"id":"bml1930000p","t":-1245957840000,"year":1930,"m":5.2,"mt":"Mw","d":0.0,"src":"EMME","era":"early"}},{"type":"Feature","geometry":{"type":"Point","coordinates":[38.5,38.0]},"properties":{"id":"bml19310001","t":-1230051505000,"year":1931,"m":5.2,"mt":"Mw","d":0.0,"src":"EMME","era":"early"}},{"type":"Feature","geometry":{"type":"Point","coordinates":[46.075,32.898]},"properties":{"id":"bml19400005","t":-930587984000,"year":1940,"m":5.2,"mt":"Mw","d":15.0,"src":"USGS","era":"early"}},{"type":"Feature","geometry":{"type":"Point","coordinates":[47.6,39.5]},"properties":{"id":"bml19400006","t":-930177387000,"year":1940,"m":5.2,"mt":"Mw","d":18.0,"src":"EMME","era":"early"}},{"type":"Feature","geometry":{"type":"Point","coordinates":[39.32,38.96]},"properties":{"id":"bml19400007","t":-923718571000,"year":1940,"m":5.2,"mt":"Mw","d":80.0,"src":"EMME","era":"early"}},{"type":"Feature","geometry":{"type":"Point","coordinates":[43.76,38.41]},"properties":{"id":"bml19450003","t":-771546379000,"year":1945,"m":5.2,"mt":"Mw","d":60.0,"src":"EMME","era":"early"}},{"type":"Feature","geometry":{"type":"Point","coordinates":[44.12,39.5]},"properties":{"id":"bml19460009","t":-733566133000,"year":1946,"m":5.2,"mt":"Mw","d":50.0,"src":"EMME","era":"early"}},{"type":"Feature","geometry":{"type":"Point","coordinates":[49.48,36.66]},"properties":{"id":"bml19480005","t":-678601690000,"year":1948,"m":5.2,"mt":"Mw","d":114.0,"src":"EMME","era":"early"}},{"type":"Feature","geometry":{"type":"Point","coordinates":[41.0,39.3]},"properties":{"id":"bml19500001","t":-630989100000,"year":1950,"m":5.2,"mt":"Mw","d":0.0,"src":"EMME","era":"early"}},{"type":"Feature","geometry":{"type":"Point","coordinates":[40.6,39.5]},"properties":{"id":"bml19500003","t":-628180148000,"year":1950,"m":5.2,"mt":"Mw","d":0.0,"src":"EMME","era":"early"}},{"type":"Feature","geometry":{"type":"Point","coordinates":[41.34,39.38]},"properties":{"id":"bml19500007","t":-610509407000,"year":1950,"m":5.2,"mt":"Mw","d":60.0,"src":"EMME","era":"early"}},{"type":"Feature","geometry":{"type":"Point","coordinates":[48.94,37.67]},"properties":{"id":"bml19590002","t":-334148296000,"year":1959,"m":5.2,"mt":"Mw","d":0.0,"src":"EMME","era":"early"}},{"type":"Feature","geometry":{"type":"Point","coordinates":[48.78,33.04]},"properties":{"id":"bml19600007","t":-302354236000,"year":1960,"m":5.2,"mt":"Mw","d":50.0,"src":"EMME","era":"early"}},{"type":"Feature","geometry":{"type":"Point","coordinates":[50.39,31.08]},"properties":{"id":"bml1960000b","t":-292726493000,"year":1960,"m":5.2,"mt":"Mw","d":55.0,"src":"EMME","era":"early"}},{"type":"Feature","geometry":{"type":"Point","coordinates":[47.5,39.5]},"properties":{"id":"bml1960000c","t":-284560518000,"year":1960,"m":5.2,"mt":"Mw","d":33.0,"src":"EMME","era":"early"}},{"type":"Feature","geometry":{"type":"Point","coordinates":[38.75,38.09]},"properties":{"id":"bml19640007","t":-179573772000,"year":1964,"m":5.2,"mt":"Mw","d":0.0,"src":"EMME","era":"modern"}},{"type":"Feature","geometry":{"type":"Point","coordinates":[47.09,37.66]},"properties":{"id":"bml19650004","t":-154252206000,"year":1965,"m":5.2,"mt":"Mw","d":45.0,"src":"EMME","era":"modern"}},{"type":"Feature","geometry":{"type":"Point","coordinates":[49.11,32.77]},"properties":{"id":"bml19650007","t":-151888510000,"year":1965,"m":5.2,"mt":"Mw","d":54.0,"src":"ONUR2017","era":"modern"}},{"type":"Feature","geometry":{"type":"Point","coordinates":[41.6,39.2]},"properties":{"id":"bml19660008","t":-120613432000,"year":1966,"m":5.2,"mt":"Mw","d":26.0,"src":"ONUR2017","era":"modern"}},{"type":"Feature","geometry":{"type":"Point","coordinates":[41.77,38.99]},"properties":{"id":"bml1966001b","t":-106355135000,"year":1966,"m":5.2,"mt":"Mw","d":32.0,"src":"ONUR2017","era":"modern"}},{"type":"Feature","geometry":{"type":"Point","coordinates":[41.19,39.31]},"properties":{"id":"bml1966001e","t":-106306921000,"year":1966,"m":5.2,"mt":"Mw","d":0.0,"src":"EMME","era":"modern"}},{"type":"Feature","geometry":{"type":"Point","coordinates":[50.5,30.43]},"properties":{"id":"bml1967000g","t":-88328050000,"year":1967,"m":5.2,"mt":"Mw","d":75.0,"src":"EMME","era":"modern"}},{"type":"Feature","geometry":{"type":"Point","coordinates":[50.16,35.09]},"properties":{"id":"bml1968000c","t":-53132497000,"year":1968,"m":5.2,"mt":"Mw","d":32.0,"src":"ONUR2017","era":"modern"}},{"type":"Feature","geometry":{"type":"Point","coordinates":[48.28,32.86]},"properties":{"id":"bml1968000s","t":-49763392000,"year":1968,"m":5.2,"mt":"Mw","d":45.0,"src":"ONUR2017","era":"modern"}},{"type":"Feature","geometry":{"type":"Point","coordinates":[43.13,37.01]},"properties":{"id":"bml1968001o","t":-43961520000,"year":1968,"m":5.2,"mt":"Mw","d":10.0,"src":"EMME","era":"modern"}},{"type":"Feature","geometry":{"type":"Point","coordinates":[46.2,39.14]},"properties":{"id":"bml1968001t","t":-42056415000,"year":1968,"m":5.2,"mt":"Mw","d":24.0,"src":"EMME","era":"modern"}},{"type":"Feature","geometry":{"type":"Point","coordinates":[40.32,39.19]},"properties":{"id":"bml19680027","t":-40074004000,"year":1968,"m":5.2,"mt":"Mw","d":11.8,"src":"EMME","era":"modern"}},{"type":"Feature","geometry":{"type":"Point","coordinates":[40.31,39.22]},"properties":{"id":"bml19680029","t":-39928061000,"year":1968,"m":5.2,"mt":"Mw","d":47.6,"src":"EMME","era":"modern"}},{"type":"Feature","geometry":{"type":"Point","coordinates":[38.59,37.97]},"properties":{"id":"bml1968002k","t":-36918503000,"year":1968,"m":5.2,"mt":"Mw","d":2.8,"src":"EMME","era":"modern"}},{"type":"Feature","geometry":{"type":"Point","coordinates":[47.86,33.24]},"properties":{"id":"bml1969000y","t":-5324796000,"year":1969,"m":5.2,"mt":"Mw","d":15.0,"src":"EMME","era":"modern"}},{"type":"Feature","geometry":{"type":"Point","coordinates":[44.8,38.62]},"properties":{"id":"bml1970000h","t":6223907000,"year":1970,"m":5.2,"mt":"Mw","d":50.0,"src":"ONUR2017","era":"modern"}},{"type":"Feature","geometry":{"type":"Point","coordinates":[49.07,37.57]},"properties":{"id":"bml1970000w","t":16504873000,"year":1970,"m":5.2,"mt":"Mw","d":47.0,"src":"ONUR2017","era":"modern"}},{"type":"Feature","geometry":{"type":"Point","coordinates":[46.91,35.02]},"properties":{"id":"bml19710002","t":33255122000,"year":1971,"m":5.2,"mt":"Mw","d":52.9,"src":"EMME","era":"modern"}},{"type":"Feature","geometry":{"type":"Point","coordinates":[43.46,36.36]},"properties":{"id":"bml1971000s","t":47218411000,"year":1971,"m":5.2,"mt":"Mw","d":44.5,"src":"EMME","era":"modern"}},{"type":"Feature","geometry":{"type":"Point","coordinates":[46.116,33.048]},"properties":{"id":"bml1972000n","t":77330069000,"year":1972,"m":5.2,"mt":"Mw","d":46.6,"src":"ONUR2017","era":"modern"}},{"type":"Feature","geometry":{"type":"Point","coordinates":[49.98,31.73]},"properties":{"id":"bml1972000v","t":81932456000,"year":1972,"m":5.2,"mt":"Mw","d":26.4,"src":"EMME","era":"modern"}},{"type":"Feature","geometry":{"type":"Point","coordinates":[49.79,30.71]},"properties":{"id":"bml1973000n","t":104362197000,"year":1973,"m":5.2,"mt":"Mw","d":50.2,"src":"EMME","era":"modern"}},{"type":"Feature","geometry":{"type":"Point","coordinates":[47.95,33.26]},"properties":{"id":"bml19740004","t":126804280000,"year":1974,"m":5.2,"mt":"Mw","d":51.7,"src":"EMME","era":"modern"}},{"type":"Feature","geometry":{"type":"Point","coordinates":[45.66,35.26]},"properties":{"id":"bml19740019","t":154803171000,"year":1974,"m":5.2,"mt":"Mw","d":57.2,"src":"EMME","era":"modern"}},{"type":"Feature","geometry":{"type":"Point","coordinates":[40.83,38.428]},"properties":{"id":"bml19750010","t":179232735000,"year":1975,"m":5.2,"mt":"Mw","d":33.0,"src":"USGS","era":"modern"}},{"type":"Feature","geometry":{"type":"Point","coordinates":[47.945,33.191]},"properties":{"id":"bml1976001e","t":216864203000,"year":1976,"m":5.2,"mt":"Mw","d":53.1,"src":"ONUR2017","era":"modern"}},{"type":"Feature","geometry":{"type":"Point","coordinates":[44.19,39.0]},"properties":{"id":"bml1976001u","t":217696268000,"year":1976,"m":5.2,"mt":"Mw","d":61.8,"src":"EMME","era":"modern"}},{"type":"Feature","geometry":{"type":"Point","coordinates":[44.27,38.95]},"properties":{"id":"bml1976002i","t":217763365000,"year":1976,"m":5.2,"mt":"Mw","d":10.0,"src":"EMME","era":"modern"}},{"type":"Feature","geometry":{"type":"Point","coordinates":[46.6,33.69]},"properties":{"id":"bml1976005w","t":219125367000,"year":1976,"m":5.2,"mt":"Mw","d":49.4,"src":"EMME","era":"modern"}},{"type":"Feature","geometry":{"type":"Point","coordinates":[48.01,33.14]},"properties":{"id":"bml1977000f","t":221242200000,"year":1977,"m":5.2,"mt":"Mw","d":51.6,"src":"EMME","era":"modern"}},{"type":"Feature","geometry":{"type":"Point","coordinates":[43.7,39.27]},"properties":{"id":"bml19770013","t":222326364000,"year":1977,"m":5.2,"mt":"Mw","d":39.5,"src":"EMME","era":"modern"}},{"type":"Feature","geometry":{"type":"Point","coordinates":[48.002,33.105]},"properties":{"id":"bml19770015","t":222396534000,"year":1977,"m":5.2,"mt":"Mw","d":49.2,"src":"ONUR2017","era":"modern"}},{"type":"Feature","geometry":{"type":"Point","coordinates":[40.032,38.584]},"properties":{"id":"bml1977002l","t":228098398000,"year":1977,"m":5.2,"mt":"Mw","d":28.5,"src":"ONUR2017","era":"modern"}},{"type":"Feature","geometry":{"type":"Point","coordinates":[40.03,38.58]},"properties":{"id":"bml1977002m","t":228105598000,"year":1977,"m":5.2,"mt":"Mw","d":28.5,"src":"EMME","era":"modern"}},{"type":"Feature","geometry":{"type":"Point","coordinates":[49.77,32.621]},"properties":{"id":"bml1978001m","t":273110823000,"year":1978,"m":5.2,"mt":"Mw","d":44.2,"src":"ONUR2017","era":"modern"}},{"type":"Feature","geometry":{"type":"Point","coordinates":[49.993,30.936]},"properties":{"id":"bml1979000g","t":291429209000,"year":1979,"m":5.2,"mt":"Mw","d":58.8,"src":"ONUR2017","era":"modern"}},{"type":"Feature","geometry":{"type":"Point","coordinates":[49.99,30.94]},"properties":{"id":"bml1979000h","t":291432810000,"year":1979,"m":5.2,"mt":"Mw","d":58.8,"src":"EMME","era":"modern"}},{"type":"Feature","geometry":{"type":"Point","coordinates":[50.4,37.13]},"properties":{"id":"bml19800005","t":316590696000,"year":1980,"m":5.2,"mt":"Mw","d":23.2,"src":"EMME","era":"modern"}},{"type":"Feature","geometry":{"type":"Point","coordinates":[44.59,35.87]},"properties":{"id":"bml19800023","t":345768498000,"year":1980,"m":5.2,"mt":"Mw","d":65.1,"src":"EMME","era":"modern"}},{"type":"Feature","geometry":{"type":"Point","coordinates":[38.59,38.05]},"properties":{"id":"bml19810009","t":348827269000,"year":1981,"m":5.2,"mt":"Mw","d":23.5,"src":"EMME","era":"modern"}},{"type":"Feature","geometry":{"type":"Point","coordinates":[45.908,34.983]},"properties":{"id":"bml1981002l","t":378348583000,"year":1981,"m":5.2,"mt":"Mw","d":61.8,"src":"ONUR2017","era":"modern"}},{"type":"Feature","geometry":{"type":"Point","coordinates":[48.21,33.72]},"properties":{"id":"bml1982001e","t":391781928000,"year":1982,"m":5.2,"mt":"Mw","d":53.1,"src":"EMME","era":"modern"}},{"type":"Feature","geometry":{"type":"Point","coordinates":[48.5,32.52]},"properties":{"id":"bml19830012","t":422994850000,"year":1983,"m":5.2,"mt":"Mw","d":20.0,"src":"EMME","era":"modern"}},{"type":"Feature","geometry":{"type":"Point","coordinates":[48.49,32.57]},"properties":{"id":"bml19830013","t":423008621000,"year":1983,"m":5.2,"mt":"Mw","d":20.0,"src":"EMME","era":"modern"}},{"type":"Feature","geometry":{"type":"Point","coordinates":[45.96,34.33]},"properties":{"id":"bml19830023","t":438076679000,"year":1983,"m":5.2,"mt":"Mw","d":43.5,"src":"EMME","era":"modern"}},{"type":"Feature","geometry":{"type":"Point","coordinates":[50.49,31.94]},"properties":{"id":"bml1984000v","t":454940967000,"year":1984,"m":5.2,"mt":"Mw","d":15.6,"src":"EMME","era":"modern"}},{"type":"Feature","geometry":{"type":"Point","coordinates":[47.54,32.71]},"properties":{"id":"bml19840027","t":467250022000,"year":1984,"m":5.2,"mt":"Mw","d":49.6,"src":"EMME","era":"modern"}},{"type":"Feature","geometry":{"type":"Point","coordinates":[47.37,32.64]},"properties":{"id":"bml1985000b","t":478239155000,"year":1985,"m":5.2,"mt":"Mw","d":44.5,"src":"EMME","era":"modern"}},{"type":"Feature","geometry":{"type":"Point","coordinates":[48.6,39.0]},"properties":{"id":"bml19860006","t":507230566000,"year":1986,"m":5.2,"mt":"Mw","d":0.0,"src":"EMME","era":"modern"}},{"type":"Feature","geometry":{"type":"Point","coordinates":[40.5,38.42]},"properties":{"id":"bml19870007","t":540975107000,"year":1987,"m":5.2,"mt":"Mw","d":38.5,"src":"EMME","era":"modern"}},{"type":"Feature","geometry":{"type":"Point","coordinates":[48.26,34.02]},"properties":{"id":"bml1987000m","t":549268072000,"year":1987,"m":5.2,"mt":"Mw","d":47.5,"src":"EMME","era":"modern"}},{"type":"Feature","geometry":{"type":"Point","coordinates":[47.04,32.88]},"properties":{"id":"bml1988000s","t":570267858000,"year":1988,"m":5.2,"mt":"Mw","d":62.1,"src":"EMME","era":"modern"}},{"type":"Feature","geometry":{"type":"Point","coordinates":[46.98,32.6]},"properties":{"id":"bml1988000y","t":570344590000,"year":1988,"m":5.2,"mt":"Mw","d":42.5,"src":"EMME","era":"modern"}},{"type":"Feature","geometry":{"type":"Point","coordinates":[45.3,36.96]},"properties":{"id":"bml1988002o","t":581396940000,"year":1988,"m":5.2,"mt":"Mw","d":15.0,"src":"EMME","era":"modern"}},{"type":"Feature","geometry":{"type":"Point","coordinates":[49.21,36.97]},"properties":{"id":"bml19900056","t":662357036000,"year":1990,"m":5.2,"mt":"Mw","d":15.0,"src":"EMME","era":"modern"}},{"type":"Feature","geometry":{"type":"Point","coordinates":[50.27,30.59]},"properties":{"id":"bml19910021","t":689786354000,"year":1991,"m":5.2,"mt":"Mw","d":25.0,"src":"EMME","era":"modern"}},{"type":"Feature","geometry":{"type":"Point","coordinates":[47.63,33.32]},"properties":{"id":"bml1991002l","t":692721045000,"year":1991,"m":5.2,"mt":"Mw","d":20.0,"src":"EMME","era":"modern"}},{"type":"Feature","geometry":{"type":"Point","coordinates":[40.13,38.72]},"properties":{"id":"bml1992000p","t":705266105000,"year":1992,"m":5.2,"mt":"Mw","d":17.4,"src":"EMME","era":"modern"}},{"type":"Feature","geometry":{"type":"Point","coordinates":[48.456,32.578]},"properties":{"id":"bml1994001f","t":775632130000,"year":1994,"m":5.2,"mt":"Mw","d":72.7,"src":"USGS","era":"modern"}},{"type":"Feature","geometry":{"type":"Point","coordinates":[41.57,37.84]},"properties":{"id":"bml1994001l","t":779768680000,"year":1994,"m":5.2,"mt":"Mw","d":29.1,"src":"EMME","era":"modern"}},{"type":"Feature","geometry":{"type":"Point","coordinates":[48.738,32.508]},"properties":{"id":"bml1994001o","t":780022306000,"year":1994,"m":5.2,"mt":"Mw","d":33.0,"src":"ONUR2017","era":"modern"}},{"type":"Feature","geometry":{"type":"Point","coordinates":[48.75,32.51]},"properties":{"id":"bml1994001q","t":780040306000,"year":1994,"m":5.2,"mt":"Mw","d":14.3,"src":"EMME","era":"modern"}},{"type":"Feature","geometry":{"type":"Point","coordinates":[49.47,37.02]},"properties":{"id":"bml1995001x","t":813740195000,"year":1995,"m":5.2,"mt":"Mw","d":25.0,"src":"EMME","era":"modern"}},{"type":"Feature","geometry":{"type":"Point","coordinates":[45.6,38.8]},"properties":{"id":"bml1996002n","t":835089058000,"year":1996,"m":5.2,"mt":"Mw","d":0.0,"src":"EMME","era":"modern"}},{"type":"Feature","geometry":{"type":"Point","coordinates":[48.126,32.58]},"properties":{"id":"bml19980002","t":884996495000,"year":1998,"m":5.2,"mt":"Mw","d":33.0,"src":"ONUR2017","era":"modern"}},{"type":"Feature","geometry":{"type":"Point","coordinates":[41.066,39.306]},"properties":{"id":"bml1998001h","t":892426471000,"year":1998,"m":5.2,"mt":"Mw","d":15.3,"src":"ONUR2017","era":"modern"}},{"type":"Feature","geometry":{"type":"Point","coordinates":[45.13,35.25]},"properties":{"id":"bml1999000e","t":916427653000,"year":1999,"m":5.2,"mt":"Mw","d":59.2,"src":"EMME","era":"modern"}},{"type":"Feature","geometry":{"type":"Point","coordinates":[47.999,32.481]},"properties":{"id":"bml2001001d","t":986258193000,"year":2001,"m":5.2,"mt":"Mw","d":27.1,"src":"ONUR2017","era":"modern"}},{"type":"Feature","geometry":{"type":"Point","coordinates":[48.0,32.48]},"properties":{"id":"bml2001001e","t":986319394000,"year":2001,"m":5.2,"mt":"Mw","d":27.1,"src":"EMME","era":"modern"}},{"type":"Feature","geometry":{"type":"Point","coordinates":[47.68,32.83]},"properties":{"id":"bml2001004d","t":999383898000,"year":2001,"m":5.2,"mt":"Mw","d":17.0,"src":"EMME","era":"modern"}},{"type":"Feature","geometry":{"type":"Point","coordinates":[49.774,36.523]},"properties":{"id":"bml2002001y","t":1019177210000,"year":2002,"m":5.2,"mt":"Mw","d":38.8,"src":"ONUR2017","era":"modern"}},{"type":"Feature","geometry":{"type":"Point","coordinates":[49.77,36.51]},"properties":{"id":"bml2002001z","t":1019224009000,"year":2002,"m":5.2,"mt":"Mw","d":12.7,"src":"EMME","era":"modern"}},{"type":"Feature","geometry":{"type":"Point","coordinates":[48.917,35.566]},"properties":{"id":"bml2002003p","t":1024706734000,"year":2002,"m":5.2,"mt":"Mw","d":8.0,"src":"ONUR2017","era":"modern"}},{"type":"Feature","geometry":{"type":"Point","coordinates":[48.831,35.696]},"properties":{"id":"bml2002005a","t":1030924803000,"year":2002,"m":5.2,"mt":"Mw","d":10.0,"src":"ONUR2017","era":"modern"}},{"type":"Feature","geometry":{"type":"Point","coordinates":[48.81,35.68]},"properties":{"id":"bml2002005e","t":1030928406000,"year":2002,"m":5.2,"mt":"Mw","d":22.0,"src":"EMME","era":"modern"}},{"type":"Feature","geometry":{"type":"Point","coordinates":[47.449,34.494]},"properties":{"id":"bml2002007j","t":1040688183000,"year":2002,"m":5.2,"mt":"Mw","d":44.9,"src":"ONUR2017","era":"modern"}},{"type":"Feature","geometry":{"type":"Point","coordinates":[47.49,34.55]},"properties":{"id":"bml2002007l","t":1040749383000,"year":2002,"m":5.2,"mt":"Mw","d":20.0,"src":"EMME","era":"modern"}},{"type":"Feature","geometry":{"type":"Point","coordinates":[47.895,33.14]},"properties":{"id":"bml2004008p","t":1100997442000,"year":2004,"m":5.2,"mt":"Mw","d":30.1,"src":"ONUR2017","era":"modern"}},{"type":"Feature","geometry":{"type":"Point","coordinates":[43.763,37.463]},"properties":{"id":"bml20050013","t":1106612665000,"year":2005,"m":5.2,"mt":"Mw","d":16.5,"src":"ONUR2017","era":"modern"}},{"type":"Feature","geometry":{"type":"Point","coordinates":[47.712,37.333]},"properties":{"id":"bml200500a4","t":1127696222000,"year":2005,"m":5.2,"mt":"Mw","d":19.8,"src":"ONUR2017","era":"modern"}},{"type":"Feature","geometry":{"type":"Point","coordinates":[47.69,37.29]},"properties":{"id":"bml200500a6","t":1127761025000,"year":2005,"m":5.2,"mt":"Mw","d":15.0,"src":"EMME","era":"modern"}},{"type":"Feature","geometry":{"type":"Point","coordinates":[48.598,38.751]},"properties":{"id":"bml200700zo","t":1184136674000,"year":2007,"m":5.2,"mt":"Mw","d":25.6,"src":"USGS","era":"modern"}},{"type":"Feature","geometry":{"type":"Point","coordinates":[40.469,35.022]},"properties":{"id":"bml2008007x","t":1203071846000,"year":2008,"m":5.2,"mt":"Mw","d":1.0,"src":"KISC","era":"modern"}},{"type":"Feature","geometry":{"type":"Point","coordinates":[48.29,32.508]},"properties":{"id":"bml2010007z","t":1266920756000,"year":2010,"m":5.2,"mt":"Mw","d":35.0,"src":"USGS","era":"modern"}},{"type":"Feature","geometry":{"type":"Point","coordinates":[40.119,38.828]},"properties":{"id":"bml20100091","t":1268043263000,"year":2010,"m":5.2,"mt":"Mw","d":5.0,"src":"USGS","era":"modern"}},{"type":"Feature","geometry":{"type":"Point","coordinates":[43.589,38.828]},"properties":{"id":"bml20110938","t":1323140160000,"year":2011,"m":5.2,"mt":"Mw","d":4.5,"src":"ISC","era":"modern"}},{"type":"Feature","geometry":{"type":"Point","coordinates":[47.688,32.614]},"properties":{"id":"bml201402ae","t":1408385345000,"year":2014,"m":5.2,"mt":"Mw","d":10.0,"src":"ISC","era":"modern"}},{"type":"Feature","geometry":{"type":"Point","coordinates":[50.498,30.413]},"properties":{"id":"bml201403zd","t":1418417140000,"year":2014,"m":5.2,"mt":"Mw","d":12.6,"src":"USGS","era":"modern"}},{"type":"Feature","geometry":{"type":"Point","coordinates":[38.068,38.276]},"properties":{"id":"bml202301dz","t":1675716005000,"year":2023,"m":5.2,"mt":"Mw","d":3.9,"src":"ISC","era":"modern"}},{"type":"Feature","geometry":{"type":"Point","coordinates":[43.116,38.691]},"properties":{"id":"bml201107fb","t":1321308495000,"year":2011,"m":5.2,"mt":"Mw","d":12.7,"src":"ISC","era":"modern"}},{"type":"Feature","geometry":{"type":"Point","coordinates":[47.11,32.521]},"properties":{"id":"bml20120013","t":1334884868000,"year":2012,"m":5.2,"mt":"Mw","d":19.2,"src":"ISC","era":"modern"}},{"type":"Feature","geometry":{"type":"Point","coordinates":[45.111,38.425]},"properties":{"id":"bml2023002r","t":1678967236000,"year":2023,"m":5.2,"mt":"Mw","d":18.0,"src":"ISC","era":"modern"}},{"type":"Feature","geometry":{"type":"Point","coordinates":[44.0,36.2]},"properties":{"id":"bml19200001","t":-1553126400000,"year":1920,"m":5.2,"mt":"Mw","d":0.0,"src":"EMME","era":"early"}},{"type":"Feature","geometry":{"type":"Point","coordinates":[44.0,39.0]},"properties":{"id":"bml1976003d","t":217858800000,"year":1976,"m":5.2,"mt":"Mw","d":33.0,"src":"EMME","era":"modern"}},{"type":"Feature","geometry":{"type":"Point","coordinates":[44.3,39.5]},"properties":{"id":"bml19760043","t":218027580000,"year":1976,"m":5.2,"mt":"Mw","d":33.0,"src":"EMME","era":"modern"}},{"type":"Feature","geometry":{"type":"Point","coordinates":[43.9,38.9]},"properties":{"id":"bml1976006r","t":220427400000,"year":1976,"m":5.2,"mt":"Mw","d":33.0,"src":"EMME","era":"modern"}},{"type":"Feature","geometry":{"type":"Point","coordinates":[43.9,39.0]},"properties":{"id":"bml19770036","t":230909460000,"year":1977,"m":5.2,"mt":"Mw","d":28.0,"src":"EMME","era":"modern"}},{"type":"Feature","geometry":{"type":"Point","coordinates":[44.2,38.6]},"properties":{"id":"bml19770047","t":233863560000,"year":1977,"m":5.2,"mt":"Mw","d":33.0,"src":"EMME","era":"modern"}},{"type":"Feature","geometry":{"type":"Point","coordinates":[47.043,32.523]},"properties":{"id":"bml20120015","t":1334891142000,"year":2012,"m":5.2,"mt":"Mw","d":17.2,"src":"ISC","era":"modern"}},{"type":"Feature","geometry":{"type":"Point","coordinates":[42.483,37.216]},"properties":{"id":"bml20120027","t":1339653173000,"year":2012,"m":5.2,"mt":"Mw","d":11.3,"src":"ISC","era":"modern"}},{"type":"Feature","geometry":{"type":"Point","coordinates":[46.72,38.46]},"properties":{"id":"bml2012055p","t":1344723842000,"year":2012,"m":5.2,"mt":"Mw","d":3.6,"src":"ISC","era":"modern"}},{"type":"Feature","geometry":{"type":"Point","coordinates":[45.603,34.815]},"properties":{"id":"bml2017000t","t":1510511392000,"year":2017,"m":5.2,"mt":"Mw","d":10.0,"src":"ISC","era":"modern"}},{"type":"Feature","geometry":{"type":"Point","coordinates":[49.413,32.157]},"properties":{"id":"bml20230im9","t":1703267332000,"year":2023,"m":5.2,"mt":"MS","d":10.0,"src":"ISC","era":"modern"}},{"type":"Feature","geometry":{"type":"Point","coordinates":[38.955,38.436]},"properties":{"id":"bml1931000j","t":-1219894658000,"year":1931,"m":5.2,"mt":"Mw","d":15.0,"src":"USGS","era":"early"}},{"type":"Feature","geometry":{"type":"Point","coordinates":[47.571,32.706]},"properties":{"id":"bml201402eu","t":1408483937000,"year":2014,"m":5.2,"mt":"Mw","d":13.3,"src":"ISC","era":"modern"}},{"type":"Feature","geometry":{"type":"Point","coordinates":[45.02,36.092]},"properties":{"id":"bml2017000l","t":1503495774000,"year":2017,"m":5.2,"mt":"Mw","d":14.7,"src":"ISC","era":"modern"}},{"type":"Feature","geometry":{"type":"Point","coordinates":[45.856,33.624]},"properties":{"id":"bml2019000n","t":1554113243000,"year":2019,"m":5.2,"mt":"Mw","d":15.2,"src":"ISC","era":"modern"}},{"type":"Feature","geometry":{"type":"Point","coordinates":[42.85,39.23]},"properties":{"id":"bml19410004","t":-893462400000,"year":1941,"m":5.3,"mt":"Mw","d":20.0,"src":"EMME","era":"early"}},{"type":"Feature","geometry":{"type":"Point","coordinates":[39.128,38.371]},"properties":{"id":"bml2019000s","t":1554399070000,"year":2019,"m":5.3,"mt":"Mw","d":5.7,"src":"ISC","era":"modern"}},{"type":"Feature","geometry":{"type":"Point","coordinates":[46.022,34.282]},"properties":{"id":"bml19260002","t":-1380629036000,"year":1926,"m":5.3,"mt":"Mw","d":15.0,"src":"USGS","era":"early"}},{"type":"Feature","geometry":{"type":"Point","coordinates":[43.714,39.238]},"properties":{"id":"bml1932000d","t":-1192248374000,"year":1932,"m":5.3,"mt":"Mw","d":15.0,"src":"USGS","era":"early"}},{"type":"Feature","geometry":{"type":"Point","coordinates":[38.279,38.261]},"properties":{"id":"bml2023002i","t":1677488691000,"year":2023,"m":5.3,"mt":"Mw","d":6.5,"src":"ISC","era":"modern"}},{"type":"Feature","geometry":{"type":"Point","coordinates":[49.23,31.52]},"properties":{"id":"bml19640001","t":-188392450000,"year":1964,"m":5.3,"mt":"Mw","d":56.0,"src":"EMME","era":"modern"}},{"type":"Feature","geometry":{"type":"Point","coordinates":[41.3,38.0]},"properties":{"id":"bml1965000o","t":-142302751000,"year":1965,"m":5.3,"mt":"Mw","d":0.0,"src":"EMME","era":"modern"}},{"type":"Feature","geometry":{"type":"Point","coordinates":[38.657,38.143]},"properties":{"id":"bml2022000h","t":1649512936000,"year":2022,"m":5.3,"mt":"Mw","d":8.8,"src":"ISC","era":"modern"}},{"type":"Feature","geometry":{"type":"Point","coordinates":[38.554,38.144]},"properties":{"id":"bml20230hr5","t":1700750769000,"year":2023,"m":5.3,"mt":"Mw","d":9.2,"src":"ISC","era":"modern"}},{"type":"Feature","geometry":{"type":"Point","coordinates":[44.421,34.57]},"properties":{"id":"bml19350006","t":-1078119727000,"year":1935,"m":5.3,"mt":"Mw","d":15.0,"src":"USGS","era":"early"}},{"type":"Feature","geometry":{"type":"Point","coordinates":[49.02,31.59]},"properties":{"id":"bml19480007","t":-675480277000,"year":1948,"m":5.3,"mt":"Mw","d":33.0,"src":"EMME","era":"early"}},{"type":"Feature","geometry":{"type":"Point","coordinates":[49.34,29.75]},"properties":{"id":"bml1962000a","t":-237495299000,"year":1962,"m":5.3,"mt":"Mw","d":55.0,"src":"EMME","era":"early"}},{"type":"Feature","geometry":{"type":"Point","coordinates":[49.2,33.2]},"properties":{"id":"bml1963000j","t":-205345133000,"year":1963,"m":5.3,"mt":"Mw","d":38.0,"src":"EMME","era":"early"}},{"type":"Feature","geometry":{"type":"Point","coordinates":[50.29,35.63]},"properties":{"id":"bml1964000q","t":-162800631000,"year":1964,"m":5.3,"mt":"Mw","d":42.0,"src":"EMME","era":"modern"}},{"type":"Feature","geometry":{"type":"Point","coordinates":[40.79,39.35]},"properties":{"id":"bml1965000t","t":-136830612000,"year":1965,"m":5.3,"mt":"Mw","d":5.6,"src":"EMME","era":"modern"}},{"type":"Feature","geometry":{"type":"Point","coordinates":[48.78,32.68]},"properties":{"id":"bml19660010","t":-108292256000,"year":1966,"m":5.3,"mt":"Mw","d":45.0,"src":"EMME","era":"modern"}},{"type":"Feature","geometry":{"type":"Point","coordinates":[50.48,30.71]},"properties":{"id":"bml19670001","t":-94558191000,"year":1967,"m":5.3,"mt":"Mw","d":58.0,"src":"EMME","era":"modern"}},{"type":"Feature","geometry":{"type":"Point","coordinates":[44.23,39.24]},"properties":{"id":"bml1968000e","t":-52876685000,"year":1968,"m":5.3,"mt":"Mw","d":17.0,"src":"ONUR2017","era":"modern"}},{"type":"Feature","geometry":{"type":"Point","coordinates":[41.38,39.25]},"properties":{"id":"bml1969000n","t":-9762360000,"year":1969,"m":5.3,"mt":"Mw","d":52.0,"src":"ONUR2017","era":"modern"}},{"type":"Feature","geometry":{"type":"Point","coordinates":[48.76,32.61]},"properties":{"id":"bml19700005","t":232548000,"year":1970,"m":5.3,"mt":"Mw","d":16.2,"src":"EMME","era":"modern"}},{"type":"Feature","geometry":{"type":"Point","coordinates":[45.17,36.74]},"properties":{"id":"bml1970001a","t":25662141000,"year":1970,"m":5.3,"mt":"Mw","d":44.0,"src":"ONUR2017","era":"modern"}},{"type":"Feature","geometry":{"type":"Point","coordinates":[50.49,30.32]},"properties":{"id":"bml19720003","t":63538891000,"year":1972,"m":5.3,"mt":"Mw","d":23.5,"src":"EMME","era":"modern"}},{"type":"Feature","geometry":{"type":"Point","coordinates":[46.84,32.87]},"properties":{"id":"bml19720005","t":64275005000,"year":1972,"m":5.3,"mt":"Mw","d":39.9,"src":"EMME","era":"modern"}},{"type":"Feature","geometry":{"type":"Point","coordinates":[49.3,31.97]},"properties":{"id":"bml19730008","t":97910841000,"year":1973,"m":5.3,"mt":"Mw","d":63.9,"src":"EMME","era":"modern"}},{"type":"Feature","geometry":{"type":"Point","coordinates":[43.1,38.6]},"properties":{"id":"bml19760005","t":190248060000,"year":1976,"m":5.3,"mt":"Mw","d":0.0,"src":"EMME","era":"modern"}},{"type":"Feature","geometry":{"type":"Point","coordinates":[49.98,31.41]},"properties":{"id":"bml19760010","t":210789797000,"year":1976,"m":5.3,"mt":"Mw","d":52.6,"src":"EMME","era":"modern"}},{"type":"Feature","geometry":{"type":"Point","coordinates":[40.85,38.3]},"properties":{"id":"bml19760011","t":210809254000,"year":1976,"m":5.3,"mt":"Mw","d":0.0,"src":"EMME","era":"modern"}},{"type":"Feature","geometry":{"type":"Point","coordinates":[44.0,39.0]},"properties":{"id":"bml1976004t","t":218299080000,"year":1976,"m":5.3,"mt":"Mw","d":33.0,"src":"EMME","era":"modern"}},{"type":"Feature","geometry":{"type":"Point","coordinates":[48.07,32.44]},"properties":{"id":"bml19780003","t":253283784000,"year":1978,"m":5.3,"mt":"Mw","d":49.7,"src":"EMME","era":"modern"}},{"type":"Feature","geometry":{"type":"Point","coordinates":[49.63,32.13]},"properties":{"id":"bml1978002z","t":282470085000,"year":1978,"m":5.3,"mt":"Mw","d":46.3,"src":"EMME","era":"modern"}},{"type":"Feature","geometry":{"type":"Point","coordinates":[46.47,33.39]},"properties":{"id":"bml1979000p","t":293294570000,"year":1979,"m":5.3,"mt":"Mw","d":65.9,"src":"EMME","era":"modern"}},{"type":"Feature","geometry":{"type":"Point","coordinates":[40.84,38.54]},"properties":{"id":"bml1980000y","t":332166813000,"year":1980,"m":5.3,"mt":"Mw","d":56.3,"src":"EMME","era":"modern"}},{"type":"Feature","geometry":{"type":"Point","coordinates":[45.95,38.5]},"properties":{"id":"bml1984001l","t":462195102000,"year":1984,"m":5.3,"mt":"Mw","d":10.0,"src":"EMME","era":"modern"}},{"type":"Feature","geometry":{"type":"Point","coordinates":[48.679,38.932]},"properties":{"id":"bml19860004","t":507170151000,"year":1986,"m":5.3,"mt":"Mw","d":55.7,"src":"ONUR2017","era":"modern"}},{"type":"Feature","geometry":{"type":"Point","coordinates":[44.12,39.11]},"properties":{"id":"bml1988001u","t":577511407000,"year":1988,"m":5.3,"mt":"Mw","d":48.1,"src":"EMME","era":"modern"}},{"type":"Feature","geometry":{"type":"Point","coordinates":[50.37,30.75]},"properties":{"id":"bml19880022","t":577677248000,"year":1988,"m":5.3,"mt":"Mw","d":26.0,"src":"EMME","era":"modern"}},{"type":"Feature","geometry":{"type":"Point","coordinates":[49.45,36.86]},"properties":{"id":"bml1990001u","t":645970651000,"year":1990,"m":5.3,"mt":"Mw","d":15.0,"src":"EMME","era":"modern"}},{"type":"Feature","geometry":{"type":"Point","coordinates":[48.218,32.839]},"properties":{"id":"bml1990003m","t":648781190000,"year":1990,"m":5.3,"mt":"Mw","d":27.0,"src":"ONUR2017","era":"modern"}},{"type":"Feature","geometry":{"type":"Point","coordinates":[47.89,32.63]},"properties":{"id":"bml19900059","t":662484853000,"year":1990,"m":5.3,"mt":"Mw","d":15.0,"src":"EMME","era":"modern"}},{"type":"Feature","geometry":{"type":"Point","coordinates":[50.09,30.74]},"properties":{"id":"bml19910026","t":690066270000,"year":1991,"m":5.3,"mt":"Mw","d":25.0,"src":"EMME","era":"modern"}},{"type":"Feature","geometry":{"type":"Point","coordinates":[45.736,33.705]},"properties":{"id":"bml2018000h","t":1515657640000,"year":2018,"m":5.3,"mt":"Mw","d":19.5,"src":"ISC","era":"modern"}},{"type":"Feature","geometry":{"type":"Point","coordinates":[38.196,38.284]},"properties":{"id":"bml20230ehu","t":1691689682000,"year":2023,"m":5.3,"mt":"Mw","d":7.5,"src":"ISC","era":"modern"}},{"type":"Feature","geometry":{"type":"Point","coordinates":[41.878,38.094]},"properties":{"id":"bml19070005","t":-1974906888000,"year":1907,"m":5.3,"mt":"Mw","d":15.0,"src":"USGS","era":"early"}},{"type":"Feature","geometry":{"type":"Point","coordinates":[41.5,38.7]},"properties":{"id":"bml19070009","t":-1974906840000,"year":1907,"m":5.3,"mt":"Mw","d":0.0,"src":"EMME","era":"early"}},{"type":"Feature","geometry":{"type":"Point","coordinates":[48.5,38.0]},"properties":{"id":"bml19170001","t":-1659396715000,"year":1917,"m":5.3,"mt":"Mw","d":30.0,"src":"EMME","era":"early"}},{"type":"Feature","geometry":{"type":"Point","coordinates":[39.4,38.52]},"properties":{"id":"bml19300001","t":-1259001582000,"year":1930,"m":5.3,"mt":"Mw","d":100.0,"src":"EMME","era":"early"}},{"type":"Feature","geometry":{"type":"Point","coordinates":[44.5,38.0]},"properties":{"id":"bml1930000d","t":-1251279420000,"year":1930,"m":5.3,"mt":"Mw","d":0.0,"src":"EMME","era":"early"}},{"type":"Feature","geometry":{"type":"Point","coordinates":[44.7,38.46]},"properties":{"id":"bml1930000x","t":-1243734809000,"year":1930,"m":5.3,"mt":"Mw","d":80.0,"src":"EMME","era":"early"}},{"type":"Feature","geometry":{"type":"Point","coordinates":[39.5,37.5]},"properties":{"id":"bml19310008","t":-1219894655000,"year":1931,"m":5.3,"mt":"Mw","d":0.0,"src":"EMME","era":"early"}},{"type":"Feature","geometry":{"type":"Point","coordinates":[46.0,38.6]},"properties":{"id":"bml1931000b","t":-1214794733000,"year":1931,"m":5.3,"mt":"Mw","d":18.0,"src":"EMME","era":"early"}},{"type":"Feature","geometry":{"type":"Point","coordinates":[44.73,36.22]},"properties":{"id":"bml19320005","t":-1188205542000,"year":1932,"m":5.3,"mt":"Mw","d":80.0,"src":"EMME","era":"early"}},{"type":"Feature","geometry":{"type":"Point","coordinates":[46.6,39.3]},"properties":{"id":"bml19330005","t":-1140886364000,"year":1933,"m":5.3,"mt":"Mw","d":20.0,"src":"EMME","era":"early"}},{"type":"Feature","geometry":{"type":"Point","coordinates":[38.82,37.69]},"properties":{"id":"bml19360001","t":-1070175093000,"year":1936,"m":5.3,"mt":"Mw","d":160.0,"src":"EMME","era":"early"}},{"type":"Feature","geometry":{"type":"Point","coordinates":[39.65,36.65]},"properties":{"id":"bml19380003","t":-1000428522000,"year":1938,"m":5.3,"mt":"Mw","d":30.0,"src":"EMME","era":"early"}},{"type":"Feature","geometry":{"type":"Point","coordinates":[41.0,37.5]},"properties":{"id":"bml19410007","t":-886186624000,"year":1941,"m":5.3,"mt":"Mw","d":0.0,"src":"EMME","era":"early"}},{"type":"Feature","geometry":{"type":"Point","coordinates":[39.25,38.51]},"properties":{"id":"bml19480008","t":-674369628000,"year":1948,"m":5.3,"mt":"Mw","d":10.0,"src":"EMME","era":"early"}},{"type":"Feature","geometry":{"type":"Point","coordinates":[44.47,36.75]},"properties":{"id":"bml19490009","t":-638026281000,"year":1949,"m":5.3,"mt":"Mw","d":70.0,"src":"EMME","era":"early"}},{"type":"Feature","geometry":{"type":"Point","coordinates":[49.6,39.1]},"properties":{"id":"bml19510001","t":-598255567000,"year":1951,"m":5.3,"mt":"Mw","d":25.0,"src":"EMME","era":"early"}},{"type":"Feature","geometry":{"type":"Point","coordinates":[41.28,39.37]},"properties":{"id":"bml19530003","t":-529439831000,"year":1953,"m":5.3,"mt":"Mw","d":50.0,"src":"EMME","era":"early"}},{"type":"Feature","geometry":{"type":"Point","coordinates":[40.41,39.48]},"properties":{"id":"bml19580001","t":-377519110000,"year":1958,"m":5.3,"mt":"Mw","d":60.0,"src":"EMME","era":"early"}},{"type":"Feature","geometry":{"type":"Point","coordinates":[48.174,32.598]},"properties":{"id":"bml1977004f","t":234318332000,"year":1977,"m":5.3,"mt":"Mw","d":49.3,"src":"ONUR2017","era":"modern"}},{"type":"Feature","geometry":{"type":"Point","coordinates":[50.472,37.174]},"properties":{"id":"bml1980001w","t":344651175000,"year":1980,"m":5.3,"mt":"Mw","d":43.9,"src":"ONUR2017","era":"modern"}},{"type":"Feature","geometry":{"type":"Point","coordinates":[50.43,37.13]},"properties":{"id":"bml1980001y","t":344665573000,"year":1980,"m":5.3,"mt":"Mw","d":15.4,"src":"EMME","era":"modern"}},{"type":"Feature","geometry":{"type":"Point","coordinates":[48.483,32.744]},"properties":{"id":"bml19810001","t":347245081000,"year":1981,"m":5.3,"mt":"Mw","d":65.7,"src":"ONUR2017","era":"modern"}},{"type":"Feature","geometry":{"type":"Point","coordinates":[48.47,32.7]},"properties":{"id":"bml19810002","t":347259477000,"year":1981,"m":5.3,"mt":"Mw","d":15.0,"src":"EMME","era":"modern"}},{"type":"Feature","geometry":{"type":"Point","coordinates":[49.476,31.621]},"properties":{"id":"bml1985001l","t":495850234000,"year":1985,"m":5.3,"mt":"Mw","d":11.0,"src":"ONUR2017","era":"modern"}},{"type":"Feature","geometry":{"type":"Point","coordinates":[48.257,34.016]},"properties":{"id":"bml1987000l","t":549246471000,"year":1987,"m":5.3,"mt":"Mw","d":47.5,"src":"ONUR2017","era":"modern"}},{"type":"Feature","geometry":{"type":"Point","coordinates":[49.421,36.879]},"properties":{"id":"bml1990002g","t":646188360000,"year":1990,"m":5.3,"mt":"Mw","d":38.9,"src":"ONUR2017","era":"modern"}},{"type":"Feature","geometry":{"type":"Point","coordinates":[49.41,36.84]},"properties":{"id":"bml1990002j","t":646220760000,"year":1990,"m":5.3,"mt":"Mw","d":15.0,"src":"EMME","era":"modern"}},{"type":"Feature","geometry":{"type":"Point","coordinates":[49.3,36.908]},"properties":{"id":"bml19900036","t":647224494000,"year":1990,"m":5.3,"mt":"Mw","d":50.9,"src":"ONUR2017","era":"modern"}},{"type":"Feature","geometry":{"type":"Point","coordinates":[49.3,36.86]},"properties":{"id":"bml19900037","t":647292893000,"year":1990,"m":5.3,"mt":"Mw","d":20.0,"src":"EMME","era":"modern"}},{"type":"Feature","geometry":{"type":"Point","coordinates":[48.223,32.781]},"properties":{"id":"bml1990003z","t":649645033000,"year":1990,"m":5.3,"mt":"Mw","d":43.9,"src":"ONUR2017","era":"modern"}},{"type":"Feature","geometry":{"type":"Point","coordinates":[48.22,32.79]},"properties":{"id":"bml19900040","t":649684632000,"year":1990,"m":5.3,"mt":"Mw","d":15.0,"src":"EMME","era":"modern"}},{"type":"Feature","geometry":{"type":"Point","coordinates":[39.602,35.331]},"properties":{"id":"bml19940026","t":785291461000,"year":1994,"m":5.3,"mt":"Mw","d":23.1,"src":"ONUR2017","era":"modern"}},{"type":"Feature","geometry":{"type":"Point","coordinates":[49.902,30.896]},"properties":{"id":"bml1995000q","t":798510109000,"year":1995,"m":5.3,"mt":"Mw","d":28.7,"src":"ONUR2017","era":"modern"}},{"type":"Feature","geometry":{"type":"Point","coordinates":[48.701,38.958]},"properties":{"id":"bml19960001","t":820629746000,"year":1996,"m":5.3,"mt":"Mw","d":62.9,"src":"ONUR2017","era":"modern"}},{"type":"Feature","geometry":{"type":"Point","coordinates":[47.895,37.996]},"properties":{"id":"bml1997000n","t":857262588000,"year":1997,"m":5.3,"mt":"Mw","d":55.9,"src":"ONUR2017","era":"modern"}},{"type":"Feature","geometry":{"type":"Point","coordinates":[47.9,37.97]},"properties":{"id":"bml1997000o","t":857327386000,"year":1997,"m":5.3,"mt":"Mw","d":15.0,"src":"EMME","era":"modern"}},{"type":"Feature","geometry":{"type":"Point","coordinates":[41.12,39.32]},"properties":{"id":"bml1998001i","t":892480473000,"year":1998,"m":5.3,"mt":"Mw","d":0.0,"src":"EMME","era":"modern"}},{"type":"Feature","geometry":{"type":"Point","coordinates":[47.196,33.231]},"properties":{"id":"bml1998003f","t":907461770000,"year":1998,"m":5.3,"mt":"Mw","d":24.9,"src":"ONUR2017","era":"modern"}},{"type":"Feature","geometry":{"type":"Point","coordinates":[45.906,33.237]},"properties":{"id":"bml2002003e","t":1024359564000,"year":2002,"m":5.3,"mt":"Mw","d":36.3,"src":"ONUR2017","era":"modern"}},{"type":"Feature","geometry":{"type":"Point","coordinates":[45.95,33.34]},"properties":{"id":"bml2002003f","t":1024370366000,"year":2002,"m":5.3,"mt":"Mw","d":30.0,"src":"EMME","era":"modern"}},{"type":"Feature","geometry":{"type":"Point","coordinates":[41.139,39.268]},"properties":{"id":"bml2007014r","t":1188000349000,"year":2007,"m":5.3,"mt":"Mw","d":7.4,"src":"ONUR2017","era":"modern"}},{"type":"Feature","geometry":{"type":"Point","coordinates":[41.124,39.282]},"properties":{"id":"bml20070151","t":1188079549000,"year":2007,"m":5.3,"mt":"Mw","d":10.0,"src":"USGS","era":"modern"}},{"type":"Feature","geometry":{"type":"Point","coordinates":[43.554,38.804]},"properties":{"id":"bml201105l0","t":1320208462000,"year":2011,"m":5.3,"mt":"Mw","d":5.9,"src":"ISC","era":"modern"}},{"type":"Feature","geometry":{"type":"Point","coordinates":[41.538,39.025]},"properties":{"id":"bml201400ut","t":1394320796000,"year":2014,"m":5.3,"mt":"Mw","d":15.0,"src":"ISC","era":"modern"}},{"type":"Feature","geometry":{"type":"Point","coordinates":[49.49,31.063]},"properties":{"id":"bml20230gq9","t":1697368537000,"year":2023,"m":5.3,"mt":"Mw","d":13.5,"src":"ISC","era":"modern"}},{"type":"Feature","geometry":{"type":"Point","coordinates":[42.03,39.5]},"properties":{"id":"bml2000003g","t":968691352000,"year":2000,"m":5.3,"mt":"Mw","d":0.0,"src":"EMME","era":"modern"}},{"type":"Feature","geometry":{"type":"Point","coordinates":[46.278,33.963]},"properties":{"id":"bml1930000t","t":-1254331614000,"year":1930,"m":5.3,"mt":"Mw","d":15.0,"src":"USGS","era":"early"}},{"type":"Feature","geometry":{"type":"Point","coordinates":[40.24,39.151]},"properties":{"id":"bml2021000n","t":1624645719000,"year":2021,"m":5.3,"mt":"Mw","d":12.0,"src":"ISC","era":"modern"}},{"type":"Feature","geometry":{"type":"Point","coordinates":[48.613,37.505]},"properties":{"id":"bml1932000e","t":-1186705841000,"year":1932,"m":5.3,"mt":"Mw","d":15.0,"src":"USGS","era":"early"}},{"type":"Feature","geometry":{"type":"Point","coordinates":[43.371,38.724]},"properties":{"id":"bml201101om","t":1319366895000,"year":2011,"m":5.3,"mt":"Mw","d":7.8,"src":"ISC","era":"modern"}},{"type":"Feature","geometry":{"type":"Point","coordinates":[45.705,34.288]},"properties":{"id":"bml2018003r","t":1543165777000,"year":2018,"m":5.3,"mt":"Mw","d":19.8,"src":"ISC","era":"modern"}},{"type":"Feature","geometry":{"type":"Point","coordinates":[43.101,38.7]},"properties":{"id":"bml201106ob","t":1320789951000,"year":2011,"m":5.3,"mt":"Mw","d":11.9,"src":"ISC","era":"modern"}},{"type":"Feature","geometry":{"type":"Point","coordinates":[47.771,33.821]},"properties":{"id":"bml1932000c","t":-1197414642000,"year":1932,"m":5.4,"mt":"Mw","d":15.0,"src":"USGS","era":"early"}},{"type":"Feature","geometry":{"type":"Point","coordinates":[43.9,38.79]},"properties":{"id":"bml1976004u","t":218302860000,"year":1976,"m":5.4,"mt":"Mw","d":33.0,"src":"EMME","era":"modern"}},{"type":"Feature","geometry":{"type":"Point","coordinates":[44.1,39.2]},"properties":{"id":"bml19760050","t":218493240000,"year":1976,"m":5.4,"mt":"Mw","d":33.0,"src":"EMME","era":"modern"}},{"type":"Feature","geometry":{"type":"Point","coordinates":[47.781,32.673]},"properties":{"id":"bml201402ma","t":1408824318000,"year":2014,"m":5.4,"mt":"Mw","d":16.5,"src":"ISC","era":"modern"}},{"type":"Feature","geometry":{"type":"Point","coordinates":[44.501,38.49]},"properties":{"id":"bml1930000q","t":-1243734840000,"year":1930,"m":5.4,"mt":"Mw","d":15.0,"src":"USGS","era":"early"}},{"type":"Feature","geometry":{"type":"Point","coordinates":[44.38,35.93]},"properties":{"id":"bml1963000c","t":-211785170000,"year":1963,"m":5.4,"mt":"Mw","d":60.0,"src":"EMME","era":"early"}},{"type":"Feature","geometry":{"type":"Point","coordinates":[49.71,30.93]},"properties":{"id":"bml1964000j","t":-169965213000,"year":1964,"m":5.4,"mt":"Mw","d":34.0,"src":"EMME","era":"modern"}},{"type":"Feature","geometry":{"type":"Point","coordinates":[49.11,32.77]},"properties":{"id":"bml19650008","t":-151870509000,"year":1965,"m":5.4,"mt":"Mw","d":54.0,"src":"EMME","era":"modern"}},{"type":"Feature","geometry":{"type":"Point","coordinates":[41.6,39.2]},"properties":{"id":"bml19660009","t":-120609831000,"year":1966,"m":5.4,"mt":"Mw","d":26.0,"src":"EMME","era":"modern"}},{"type":"Feature","geometry":{"type":"Point","coordinates":[50.16,35.09]},"properties":{"id":"bml1968000d","t":-53125296000,"year":1968,"m":5.4,"mt":"Mw","d":32.0,"src":"EMME","era":"modern"}},{"type":"Feature","geometry":{"type":"Point","coordinates":[48.28,32.86]},"properties":{"id":"bml1968000u","t":-49741792000,"year":1968,"m":5.4,"mt":"Mw","d":45.0,"src":"EMME","era":"modern"}},{"type":"Feature","geometry":{"type":"Point","coordinates":[44.77,38.59]},"properties":{"id":"bml1970000i","t":6227505000,"year":1970,"m":5.4,"mt":"Mw","d":15.0,"src":"EMME","era":"modern"}},{"type":"Feature","geometry":{"type":"Point","coordinates":[49.03,37.54]},"properties":{"id":"bml1970000x","t":16584072000,"year":1970,"m":5.4,"mt":"Mw","d":20.0,"src":"EMME","era":"modern"}},{"type":"Feature","geometry":{"type":"Point","coordinates":[46.12,33.05]},"properties":{"id":"bml1972000o","t":77344470000,"year":1972,"m":5.4,"mt":"Mw","d":46.6,"src":"EMME","era":"modern"}},{"type":"Feature","geometry":{"type":"Point","coordinates":[47.94,33.19]},"properties":{"id":"bml1976001f","t":216893003000,"year":1976,"m":5.4,"mt":"Mw","d":53.1,"src":"EMME","era":"modern"}},{"type":"Feature","geometry":{"type":"Point","coordinates":[47.99,33.15]},"properties":{"id":"bml19770017","t":222425332000,"year":1977,"m":5.4,"mt":"Mw","d":15.0,"src":"EMME","era":"modern"}},{"type":"Feature","geometry":{"type":"Point","coordinates":[45.92,35.01]},"properties":{"id":"bml1981002m","t":378398980000,"year":1981,"m":5.4,"mt":"Mw","d":15.0,"src":"EMME","era":"modern"}},{"type":"Feature","geometry":{"type":"Point","coordinates":[41.898,39.23]},"properties":{"id":"bml1982000n","t":386038644000,"year":1982,"m":5.4,"mt":"Mw","d":37.8,"src":"ONUR2017","era":"modern"}},{"type":"Feature","geometry":{"type":"Point","coordinates":[49.94,31.61]},"properties":{"id":"bml1985000y","t":480737202000,"year":1985,"m":5.4,"mt":"Mw","d":40.8,"src":"EMME","era":"modern"}},{"type":"Feature","geometry":{"type":"Point","coordinates":[47.08,32.74]},"properties":{"id":"bml1988000k","t":570188090000,"year":1988,"m":5.4,"mt":"Mw","d":40.1,"src":"EMME","era":"modern"}},{"type":"Feature","geometry":{"type":"Point","coordinates":[39.611,38.546]},"properties":{"id":"bml201100yr","t":1308814485000,"year":2011,"m":5.4,"mt":"Mw","d":9.9,"src":"ISC","era":"modern"}},{"type":"Feature","geometry":{"type":"Point","coordinates":[44.056,38.467]},"properties":{"id":"bml2020002m","t":1593079410000,"year":2020,"m":5.4,"mt":"Mw","d":9.3,"src":"ISC","era":"modern"}},{"type":"Feature","geometry":{"type":"Point","coordinates":[38.518,38.116]},"properties":{"id":"bml202301gg","t":1675765094000,"year":2023,"m":5.4,"mt":"Mw","d":9.3,"src":"ISC","era":"modern"}},{"type":"Feature","geometry":{"type":"Point","coordinates":[49.569,31.76]},"properties":{"id":"bml202406ym","t":1733371360000,"year":2024,"m":5.4,"mt":"Mw","d":17.0,"src":"ISC","era":"modern"}},{"type":"Feature","geometry":{"type":"Point","coordinates":[44.0,38.6]},"properties":{"id":"bml1976002h","t":217756020000,"year":1976,"m":5.4,"mt":"Mw","d":0.0,"src":"EMME","era":"modern"}},{"type":"Feature","geometry":{"type":"Point","coordinates":[43.346,38.493]},"properties":{"id":"bml201101sv","t":1322614043000,"year":2011,"m":5.4,"mt":"Mw","d":10.5,"src":"ISC","era":"modern"}},{"type":"Feature","geometry":{"type":"Point","coordinates":[42.97,39.23]},"properties":{"id":"bml19410006","t":-892944000000,"year":1941,"m":5.4,"mt":"Mw","d":33.0,"src":"EMME","era":"early"}},{"type":"Feature","geometry":{"type":"Point","coordinates":[42.5,39.1]},"properties":{"id":"bml1949000a","t":-637758900000,"year":1949,"m":5.4,"mt":"Mw","d":33.0,"src":"EMME","era":"early"}},{"type":"Feature","geometry":{"type":"Point","coordinates":[44.87,38.45]},"properties":{"id":"bml19000001","t":-2204321400000,"year":1900,"m":5.4,"mt":"Mw","d":0.0,"src":"EMME","era":"early"}},{"type":"Feature","geometry":{"type":"Point","coordinates":[50.48,36.39]},"properties":{"id":"bml19010001","t":-2165398260000,"year":1901,"m":5.4,"mt":"Mw","d":0.0,"src":"EMME","era":"early"}},{"type":"Feature","geometry":{"type":"Point","coordinates":[48.0,39.5]},"properties":{"id":"bml19020001","t":-2124559620000,"year":1902,"m":5.4,"mt":"Mw","d":20.0,"src":"EMME","era":"early"}},{"type":"Feature","geometry":{"type":"Point","coordinates":[42.5,39.1]},"properties":{"id":"bml19070002","t":-1980409560000,"year":1907,"m":5.4,"mt":"Mw","d":0.0,"src":"EMME","era":"early"}},{"type":"Feature","geometry":{"type":"Point","coordinates":[46.504,34.003]},"properties":{"id":"bml19360005","t":-1052264410000,"year":1936,"m":5.4,"mt":"Mw","d":15.0,"src":"USGS","era":"early"}},{"type":"Feature","geometry":{"type":"Point","coordinates":[39.16,38.27]},"properties":{"id":"bml19500008","t":-604245105000,"year":1950,"m":5.4,"mt":"Mw","d":50.0,"src":"EMME","era":"early"}},{"type":"Feature","geometry":{"type":"Point","coordinates":[47.766,32.6]},"properties":{"id":"bml1989000e","t":607479877000,"year":1989,"m":5.4,"mt":"Mw","d":33.0,"src":"ONUR2017","era":"modern"}},{"type":"Feature","geometry":{"type":"Point","coordinates":[42.63,35.49]},"properties":{"id":"bml1993000i","t":729908567000,"year":1993,"m":5.4,"mt":"Mw","d":49.0,"src":"ONUR2017","era":"modern"}},{"type":"Feature","geometry":{"type":"Point","coordinates":[42.59,35.48]},"properties":{"id":"bml1993000j","t":729933769000,"year":1993,"m":5.4,"mt":"Mw","d":44.4,"src":"EMME","era":"modern"}},{"type":"Feature","geometry":{"type":"Point","coordinates":[39.59,35.37]},"properties":{"id":"bml19940027","t":785341864000,"year":1994,"m":5.4,"mt":"Mw","d":22.9,"src":"EMME","era":"modern"}},{"type":"Feature","geometry":{"type":"Point","coordinates":[48.74,38.97]},"properties":{"id":"bml19960002","t":820658545000,"year":1996,"m":5.4,"mt":"Mw","d":30.0,"src":"EMME","era":"modern"}},{"type":"Feature","geometry":{"type":"Point","coordinates":[47.236,33.235]},"properties":{"id":"bml1998003h","t":907546831000,"year":1998,"m":5.4,"mt":"Mw","d":18.1,"src":"ONUR2017","era":"modern"}},{"type":"Feature","geometry":{"type":"Point","coordinates":[47.27,33.3]},"properties":{"id":"bml1998003i","t":907554034000,"year":1998,"m":5.4,"mt":"Mw","d":22.9,"src":"EMME","era":"modern"}},{"type":"Feature","geometry":{"type":"Point","coordinates":[38.213,39.367]},"properties":{"id":"bml1999001p","t":923357306000,"year":1999,"m":5.4,"mt":"Mw","d":30.7,"src":"ONUR2017","era":"modern"}},{"type":"Feature","geometry":{"type":"Point","coordinates":[46.597,32.875]},"properties":{"id":"bml20010017","t":985307052000,"year":2001,"m":5.4,"mt":"Mw","d":34.5,"src":"ONUR2017","era":"modern"}},{"type":"Feature","geometry":{"type":"Point","coordinates":[47.404,34.641]},"properties":{"id":"bml20020027","t":1019609284000,"year":2002,"m":5.4,"mt":"Mw","d":10.0,"src":"ONUR2017","era":"modern"}},{"type":"Feature","geometry":{"type":"Point","coordinates":[47.4,34.642]},"properties":{"id":"bml2002002a","t":1019677687000,"year":2002,"m":5.4,"mt":"Mw","d":33.0,"src":"USGS","era":"modern"}},{"type":"Feature","geometry":{"type":"Point","coordinates":[40.945,39.369]},"properties":{"id":"bml200500bb","t":1134173387000,"year":2005,"m":5.4,"mt":"Mw","d":5.1,"src":"ONUR2017","era":"modern"}},{"type":"Feature","geometry":{"type":"Point","coordinates":[47.384,32.377]},"properties":{"id":"bml200801ex","t":1217119959000,"year":2008,"m":5.4,"mt":"ML","d":2.0,"src":"ONUR2017","era":"modern"}},{"type":"Feature","geometry":{"type":"Point","coordinates":[38.16,38.244]},"properties":{"id":"bml202301cw","t":1675697614000,"year":2023,"m":5.4,"mt":"Mw","d":14.7,"src":"ISC","era":"modern"}},{"type":"Feature","geometry":{"type":"Point","coordinates":[43.71,36.433]},"properties":{"id":"bml19070007","t":-1980409512000,"year":1907,"m":5.4,"mt":"Mw","d":15.0,"src":"USGS","era":"early"}},{"type":"Feature","geometry":{"type":"Point","coordinates":[47.735,32.789]},"properties":{"id":"bml2012001v","t":1336039775000,"year":2012,"m":5.4,"mt":"Mw","d":14.2,"src":"ISC","era":"modern"}},{"type":"Feature","geometry":{"type":"Point","coordinates":[45.743,33.752]},"properties":{"id":"bml2018000a","t":1515654855000,"year":2018,"m":5.4,"mt":"Mw","d":16.3,"src":"ISC","era":"modern"}},{"type":"Feature","geometry":{"type":"Point","coordinates":[42.1,38.4]},"properties":{"id":"bml18690001","t":-3163190400000,"year":1869,"m":5.4,"mt":"Mw","d":0.0,"src":"EMME","era":"historical"}},{"type":"Feature","geometry":{"type":"Point","coordinates":[38.3,38.35]},"properties":{"id":"bml18900001","t":-2497737600000,"year":1890,"m":5.4,"mt":"Mw","d":0.0,"src":"EMME","era":"historical"}},{"type":"Feature","geometry":{"type":"Point","coordinates":[46.387,38.521]},"properties":{"id":"bml19070008","t":-1979562144000,"year":1907,"m":5.4,"mt":"Mw","d":15.0,"src":"USGS","era":"early"}},{"type":"Feature","geometry":{"type":"Point","coordinates":[48.546,37.914]},"properties":{"id":"bml19280003","t":-1318251993000,"year":1928,"m":5.4,"mt":"Mw","d":20.0,"src":"USGS","era":"early"}},{"type":"Feature","geometry":{"type":"Point","coordinates":[41.813,39.024]},"properties":{"id":"bml1966001f","t":-106308336000,"year":1966,"m":5.4,"mt":"Mw","d":10.0,"src":"USGS","era":"modern"}},{"type":"Feature","geometry":{"type":"Point","coordinates":[48.0,35.5]},"properties":{"id":"bml19240005","t":-1424672080000,"year":1924,"m":5.4,"mt":"Mw","d":0.0,"src":"EMME","era":"early"}},{"type":"Feature","geometry":{"type":"Point","coordinates":[48.35,32.35]},"properties":{"id":"bml19290005","t":-1267946222000,"year":1929,"m":5.4,"mt":"Mw","d":33.0,"src":"EMME","era":"early"}},{"type":"Feature","geometry":{"type":"Point","coordinates":[44.0,38.67]},"properties":{"id":"bml19330001","t":-1167609600000,"year":1933,"m":5.4,"mt":"Mw","d":25.0,"src":"EMME","era":"early"}},{"type":"Feature","geometry":{"type":"Point","coordinates":[44.17,39.03]},"properties":{"id":"bml1940000a","t":-920764800000,"year":1940,"m":5.4,"mt":"Mw","d":35.0,"src":"EMME","era":"early"}},{"type":"Feature","geometry":{"type":"Point","coordinates":[43.3,38.79]},"properties":{"id":"bml19450005","t":-769910400000,"year":1945,"m":5.4,"mt":"Mw","d":15.0,"src":"EMME","era":"early"}},{"type":"Feature","geometry":{"type":"Point","coordinates":[43.4,39.0]},"properties":{"id":"bml1976001t","t":217692660000,"year":1976,"m":5.4,"mt":"Mw","d":0.0,"src":"EMME","era":"modern"}},{"type":"Feature","geometry":{"type":"Point","coordinates":[38.608,38.125]},"properties":{"id":"bml202301fl","t":1675753874000,"year":2023,"m":5.4,"mt":"Mw","d":7.0,"src":"ISC","era":"modern"}},{"type":"Feature","geometry":{"type":"Point","coordinates":[42.897,38.009]},"properties":{"id":"bml19400001","t":-940171864000,"year":1940,"m":5.4,"mt":"Mw","d":15.0,"src":"ISCGEM","era":"early"}},{"type":"Feature","geometry":{"type":"Point","coordinates":[38.515,38.039]},"properties":{"id":"bml19500005","t":-620059196000,"year":1950,"m":5.4,"mt":"Mw","d":15.0,"src":"ISCGEM","era":"early"}},{"type":"Feature","geometry":{"type":"Point","coordinates":[41.599,39.177]},"properties":{"id":"bml19590007","t":-321436924000,"year":1959,"m":5.4,"mt":"Mw","d":15.0,"src":"ISCGEM","era":"early"}},{"type":"Feature","geometry":{"type":"Point","coordinates":[48.768,32.238]},"properties":{"id":"bml1962000c","t":-236913857000,"year":1962,"m":5.4,"mt":"Mw","d":15.0,"src":"ISCGEM","era":"early"}},{"type":"Feature","geometry":{"type":"Point","coordinates":[47.569,32.674]},"properties":{"id":"bml2014028r","t":1408362694000,"year":2014,"m":5.4,"mt":"Mw","d":15.7,"src":"ISC","era":"modern"}},{"type":"Feature","geometry":{"type":"Point","coordinates":[40.248,39.257]},"properties":{"id":"bml201502sj","t":1449098828000,"year":2015,"m":5.4,"mt":"Mw","d":3.5,"src":"ISC","era":"modern"}},{"type":"Feature","geometry":{"type":"Point","coordinates":[45.779,34.869]},"properties":{"id":"bml19170006","t":-1654847202000,"year":1917,"m":5.5,"mt":"Mw","d":15.0,"src":"USGS","era":"early"}},{"type":"Feature","geometry":{"type":"Point","coordinates":[45.095,38.033]},"properties":{"id":"bml1930000m","t":-1249999897000,"year":1930,"m":5.5,"mt":"Mw","d":15.0,"src":"ISCGEM","era":"early"}},{"type":"Feature","geometry":{"type":"Point","coordinates":[44.294,38.61]},"properties":{"id":"bml1931000h","t":-1199840389000,"year":1931,"m":5.5,"mt":"Mw","d":15.0,"src":"ISCGEM","era":"early"}},{"type":"Feature","geometry":{"type":"Point","coordinates":[43.366,31.941]},"properties":{"id":"bml19300002","t":-1254311493000,"year":1930,"m":5.5,"mt":"Mw","d":15.0,"src":"ISCGEM","era":"early"}},{"type":"Feature","geometry":{"type":"Point","coordinates":[43.0,38.8]},"properties":{"id":"bml19450006","t":-769651200000,"year":1945,"m":5.5,"mt":"Mw","d":15.0,"src":"EMME","era":"early"}},{"type":"Feature","geometry":{"type":"Point","coordinates":[43.0,39.0]},"properties":{"id":"bml19450008","t":-763666325000,"year":1945,"m":5.5,"mt":"Mw","d":15.0,"src":"EMME","era":"early"}},{"type":"Feature","geometry":{"type":"Point","coordinates":[46.19,33.63]},"properties":{"id":"bml1958000c","t":-353146624000,"year":1958,"m":5.5,"mt":"Mw","d":11.0,"src":"EMME","era":"early"}},{"type":"Feature","geometry":{"type":"Point","coordinates":[48.25,34.25]},"properties":{"id":"bml19600005","t":-307589040000,"year":1960,"m":5.5,"mt":"Mw","d":25.0,"src":"EMME","era":"early"}},{"type":"Feature","geometry":{"type":"Point","coordinates":[48.46,34.11]},"properties":{"id":"bml19610008","t":-259261149000,"year":1961,"m":5.5,"mt":"Mw","d":84.0,"src":"EMME","era":"early"}},{"type":"Feature","geometry":{"type":"Point","coordinates":[47.23,33.54]},"properties":{"id":"bml1962000o","t":-225499737000,"year":1962,"m":5.5,"mt":"Mw","d":44.0,"src":"EMME","era":"early"}},{"type":"Feature","geometry":{"type":"Point","coordinates":[49.16,32.72]},"properties":{"id":"bml1964000s","t":-162202327000,"year":1964,"m":5.5,"mt":"Mw","d":55.0,"src":"EMME","era":"modern"}},{"type":"Feature","geometry":{"type":"Point","coordinates":[41.45,39.24]},"properties":{"id":"bml1969000o","t":-9719159000,"year":1969,"m":5.5,"mt":"Mw","d":0.0,"src":"EMME","era":"modern"}},{"type":"Feature","geometry":{"type":"Point","coordinates":[50.35,37.36]},"properties":{"id":"bml19800010","t":333091028000,"year":1980,"m":5.5,"mt":"Mw","d":36.8,"src":"EMME","era":"modern"}},{"type":"Feature","geometry":{"type":"Point","coordinates":[48.72,38.92]},"properties":{"id":"bml19860005","t":507227750000,"year":1986,"m":5.5,"mt":"Mw","d":25.0,"src":"EMME","era":"modern"}},{"type":"Feature","geometry":{"type":"Point","coordinates":[43.07,38.5]},"properties":{"id":"bml1988002s","t":583258538000,"year":1988,"m":5.5,"mt":"Mw","d":49.2,"src":"EMME","era":"modern"}},{"type":"Feature","geometry":{"type":"Point","coordinates":[48.21,32.83]},"properties":{"id":"bml1990003o","t":648842392000,"year":1990,"m":5.5,"mt":"Mw","d":20.0,"src":"EMME","era":"modern"}},{"type":"Feature","geometry":{"type":"Point","coordinates":[43.495,35.103]},"properties":{"id":"bml2001002v","t":993428964000,"year":2001,"m":5.5,"mt":"Mw","d":33.0,"src":"ONUR2017","era":"modern"}},{"type":"Feature","geometry":{"type":"Point","coordinates":[49.554,36.874]},"properties":{"id":"bml19170003","t":-1659396715000,"year":1917,"m":5.5,"mt":"Mw","d":15.0,"src":"USGS","era":"early"}},{"type":"Feature","geometry":{"type":"Point","coordinates":[44.797,38.252]},"properties":{"id":"bml19300005","t":-1251478593000,"year":1930,"m":5.5,"mt":"Mw","d":15.0,"src":"ISCGEM","era":"early"}},{"type":"Feature","geometry":{"type":"Point","coordinates":[49.665,32.31]},"properties":{"id":"bml1931000f","t":-1209986951000,"year":1931,"m":5.5,"mt":"Mw","d":15.0,"src":"ISCGEM","era":"early"}},{"type":"Feature","geometry":{"type":"Point","coordinates":[47.932,33.887]},"properties":{"id":"bml19320003","t":-1192801315000,"year":1932,"m":5.5,"mt":"Mw","d":15.0,"src":"ISCGEM","era":"early"}},{"type":"Feature","geometry":{"type":"Point","coordinates":[48.017,32.68]},"properties":{"id":"bml19170005","t":-1655606270000,"year":1917,"m":5.5,"mt":"Mw","d":15.0,"src":"USGS","era":"early"}},{"type":"Feature","geometry":{"type":"Point","coordinates":[50.299,37.465]},"properties":{"id":"bml19560003","t":-432955509000,"year":1956,"m":5.5,"mt":"Mw","d":15.0,"src":"ISCGEM","era":"early"}},{"type":"Feature","geometry":{"type":"Point","coordinates":[40.582,39.11]},"properties":{"id":"bml19350003","t":-1079843261000,"year":1935,"m":5.5,"mt":"Mw","d":15.0,"src":"ISCGEM","era":"early"}},{"type":"Feature","geometry":{"type":"Point","coordinates":[39.237,38.432]},"properties":{"id":"bml2007009h","t":1172016329000,"year":2007,"m":5.5,"mt":"Mw","d":5.0,"src":"ONUR2017","era":"modern"}},{"type":"Feature","geometry":{"type":"Point","coordinates":[45.823,35.022]},"properties":{"id":"bml2017002h","t":1513001397000,"year":2017,"m":5.5,"mt":"Mw","d":19.3,"src":"ISC","era":"modern"}},{"type":"Feature","geometry":{"type":"Point","coordinates":[50.3,32.6]},"properties":{"id":"bml18530001","t":-3678220800000,"year":1853,"m":5.5,"mt":"Mw","d":0.0,"src":"EMME","era":"historical"}},{"type":"Feature","geometry":{"type":"Point","coordinates":[40.0,39.0]},"properties":{"id":"bml19090003","t":-1919504640000,"year":1909,"m":5.5,"mt":"Mw","d":0.0,"src":"EMME","era":"early"}},{"type":"Feature","geometry":{"type":"Point","coordinates":[48.0,39.3]},"properties":{"id":"bml19100001","t":-1864288680000,"year":1910,"m":5.5,"mt":"Mw","d":37.0,"src":"EMME","era":"early"}},{"type":"Feature","geometry":{"type":"Point","coordinates":[42.23,38.38]},"properties":{"id":"bml19130001","t":-1796444484000,"year":1913,"m":5.5,"mt":"Mw","d":10.0,"src":"EMME","era":"early"}},{"type":"Feature","geometry":{"type":"Point","coordinates":[48.6,39.1]},"properties":{"id":"bml19130002","t":-1789668000000,"year":1913,"m":5.5,"mt":"Mw","d":12.0,"src":"EMME","era":"early"}},{"type":"Feature","geometry":{"type":"Point","coordinates":[43.1,37.7]},"properties":{"id":"bml19150002","t":-1730632356000,"year":1915,"m":5.5,"mt":"Mw","d":0.0,"src":"EMME","era":"early"}},{"type":"Feature","geometry":{"type":"Point","coordinates":[39.47,37.62]},"properties":{"id":"bml19150003","t":-1723749096000,"year":1915,"m":5.5,"mt":"Mw","d":10.0,"src":"EMME","era":"early"}},{"type":"Feature","geometry":{"type":"Point","coordinates":[41.8,34.5]},"properties":{"id":"bml19190002","t":-1588541232000,"year":1919,"m":5.5,"mt":"Mw","d":0.0,"src":"EMME","era":"early"}},{"type":"Feature","geometry":{"type":"Point","coordinates":[47.8,39.3]},"properties":{"id":"bml1931000c","t":-1214719371000,"year":1931,"m":5.5,"mt":"Mw","d":60.0,"src":"EMME","era":"early"}},{"type":"Feature","geometry":{"type":"Point","coordinates":[39.963,39.311]},"properties":{"id":"bml19400002","t":-937049956000,"year":1940,"m":5.5,"mt":"Mw","d":15.0,"src":"ISCGEM","era":"early"}},{"type":"Feature","geometry":{"type":"Point","coordinates":[40.562,39.04]},"properties":{"id":"bml19400003","t":-933842114000,"year":1940,"m":5.5,"mt":"Mw","d":15.0,"src":"ISCGEM","era":"early"}},{"type":"Feature","geometry":{"type":"Point","coordinates":[49.052,31.338]},"properties":{"id":"bml19480006","t":-676067387000,"year":1948,"m":5.5,"mt":"Mw","d":15.0,"src":"ISCGEM","era":"early"}},{"type":"Feature","geometry":{"type":"Point","coordinates":[39.234,37.915]},"properties":{"id":"bml19490002","t":-652755047000,"year":1949,"m":5.5,"mt":"Mw","d":15.0,"src":"ISCGEM","era":"early"}},{"type":"Feature","geometry":{"type":"Point","coordinates":[40.97,39.03]},"properties":{"id":"bml19540003","t":-497473927000,"year":1954,"m":5.5,"mt":"Mw","d":10.0,"src":"EMME","era":"early"}},{"type":"Feature","geometry":{"type":"Point","coordinates":[42.0,38.0]},"properties":{"id":"bml19600001","t":-311211045000,"year":1960,"m":5.5,"mt":"M","d":null,"src":"ONUR2017","era":"early"}},{"type":"Feature","geometry":{"type":"Point","coordinates":[49.2,33.6]},"properties":{"id":"bml1963000i","t":-205370330000,"year":1963,"m":5.5,"mt":"M","d":null,"src":"ONUR2017","era":"early"}},{"type":"Feature","geometry":{"type":"Point","coordinates":[44.23,39.24]},"properties":{"id":"bml1968000f","t":-52815500000,"year":1968,"m":5.5,"mt":"Mw","d":17.0,"src":"EMME","era":"modern"}},{"type":"Feature","geometry":{"type":"Point","coordinates":[45.129,36.769]},"properties":{"id":"bml1970001b","t":25701740000,"year":1970,"m":5.5,"mt":"Mw","d":19.0,"src":"EMME","era":"modern"}},{"type":"Feature","geometry":{"type":"Point","coordinates":[48.922,32.662]},"properties":{"id":"bml19770033","t":230862329000,"year":1977,"m":5.5,"mt":"Mw","d":51.6,"src":"ONUR2017","era":"modern"}},{"type":"Feature","geometry":{"type":"Point","coordinates":[50.35,37.358]},"properties":{"id":"bml1980000z","t":333073028000,"year":1980,"m":5.5,"mt":"Mw","d":36.8,"src":"ONUR2017","era":"modern"}},{"type":"Feature","geometry":{"type":"Point","coordinates":[48.562,32.606]},"properties":{"id":"bml1983000y","t":422930155000,"year":1983,"m":5.5,"mt":"Mw","d":42.9,"src":"ONUR2017","era":"modern"}},{"type":"Feature","geometry":{"type":"Point","coordinates":[47.08,32.74]},"properties":{"id":"bml1988000f","t":570155689000,"year":1988,"m":5.5,"mt":"Mw","d":40.1,"src":"ONUR2017","era":"modern"}},{"type":"Feature","geometry":{"type":"Point","coordinates":[44.122,39.107]},"properties":{"id":"bml1988001t","t":577500607000,"year":1988,"m":5.5,"mt":"Mw","d":48.1,"src":"ONUR2017","era":"modern"}},{"type":"Feature","geometry":{"type":"Point","coordinates":[43.073,38.503]},"properties":{"id":"bml1988002r","t":583200938000,"year":1988,"m":5.5,"mt":"Mw","d":49.2,"src":"ONUR2017","era":"modern"}},{"type":"Feature","geometry":{"type":"Point","coordinates":[44.039,36.523]},"properties":{"id":"bml19910013","t":680316344000,"year":1991,"m":5.5,"mt":"Mw","d":46.2,"src":"ONUR2017","era":"modern"}},{"type":"Feature","geometry":{"type":"Point","coordinates":[44.06,36.6]},"properties":{"id":"bml19910014","t":680348744000,"year":1991,"m":5.5,"mt":"Mw","d":20.0,"src":"EMME","era":"modern"}},{"type":"Feature","geometry":{"type":"Point","coordinates":[48.365,32.578]},"properties":{"id":"bml1994001b","t":775613740000,"year":1994,"m":5.5,"mt":"Mw","d":46.9,"src":"ONUR2017","era":"modern"}},{"type":"Feature","geometry":{"type":"Point","coordinates":[38.579,34.294]},"properties":{"id":"bml1996004h","t":851386589000,"year":1996,"m":5.5,"mt":"Mw","d":43.6,"src":"ONUR2017","era":"modern"}},{"type":"Feature","geometry":{"type":"Point","coordinates":[38.58,34.3]},"properties":{"id":"bml1996004i","t":851465789000,"year":1996,"m":5.5,"mt":"Mw","d":29.6,"src":"EMME","era":"modern"}},{"type":"Feature","geometry":{"type":"Point","coordinates":[42.953,38.407]},"properties":{"id":"bml2000004i","t":974246736000,"year":2000,"m":5.5,"mt":"Mw","d":48.4,"src":"ONUR2017","era":"modern"}},{"type":"Feature","geometry":{"type":"Point","coordinates":[46.62,32.95]},"properties":{"id":"bml20010019","t":985325051000,"year":2001,"m":5.5,"mt":"Mw","d":33.0,"src":"EMME","era":"modern"}},{"type":"Feature","geometry":{"type":"Point","coordinates":[38.976,38.272]},"properties":{"id":"bml20030080","t":1058057302000,"year":2003,"m":5.5,"mt":"Mw","d":12.9,"src":"ONUR2017","era":"modern"}},{"type":"Feature","geometry":{"type":"Point","coordinates":[38.95,38.28]},"properties":{"id":"bml20030081","t":1058060904000,"year":2003,"m":5.5,"mt":"Mw","d":13.4,"src":"EMME","era":"modern"}},{"type":"Feature","geometry":{"type":"Point","coordinates":[39.119,38.343]},"properties":{"id":"bml20070068","t":1170980577000,"year":2007,"m":5.5,"mt":"Mw","d":0.2,"src":"ONUR2017","era":"modern"}},{"type":"Feature","geometry":{"type":"Point","coordinates":[39.043,38.39]},"properties":{"id":"bml2007006z","t":1170987775000,"year":2007,"m":5.5,"mt":"Mw","d":2.6,"src":"USGS","era":"modern"}},{"type":"Feature","geometry":{"type":"Point","coordinates":[38.545,38.266]},"properties":{"id":"bml202601xw","t":1779256816000,"year":2026,"m":5.5,"mt":"Mw","d":3.8,"src":"ISC","era":"modern"}},{"type":"Feature","geometry":{"type":"Point","coordinates":[45.82,38.508]},"properties":{"id":"bml1931000a","t":-1219412086000,"year":1931,"m":5.5,"mt":"Mw","d":15.0,"src":"ISCGEM","era":"early"}},{"type":"Feature","geometry":{"type":"Point","coordinates":[48.329,32.689]},"properties":{"id":"bml19360002","t":-1068276636000,"year":1936,"m":5.5,"mt":"Mw","d":15.0,"src":"ISCGEM","era":"early"}},{"type":"Feature","geometry":{"type":"Point","coordinates":[40.717,39.218]},"properties":{"id":"bml19490006","t":-642914073000,"year":1949,"m":5.5,"mt":"Mw","d":15.0,"src":"ISCGEM","era":"early"}},{"type":"Feature","geometry":{"type":"Point","coordinates":[45.635,34.129]},"properties":{"id":"bml201303xq","t":1385316342000,"year":2013,"m":5.5,"mt":"Mw","d":18.7,"src":"ISCGEM","era":"modern"}},{"type":"Feature","geometry":{"type":"Point","coordinates":[40.41,39.067]},"properties":{"id":"bml19570005","t":-394048867000,"year":1957,"m":5.5,"mt":"Mw","d":15.0,"src":"ISCGEM","era":"early"}},{"type":"Feature","geometry":{"type":"Point","coordinates":[40.727,39.384]},"properties":{"id":"bml202007ob","t":1592203891000,"year":2020,"m":5.5,"mt":"Mw","d":9.6,"src":"ISC","era":"modern"}},{"type":"Feature","geometry":{"type":"Point","coordinates":[44.668,35.644]},"properties":{"id":"bml19580003","t":-367958305000,"year":1958,"m":5.5,"mt":"Mw","d":15.0,"src":"ISCGEM","era":"early"}},{"type":"Feature","geometry":{"type":"Point","coordinates":[45.968,35.598]},"properties":{"id":"bml19460005","t":-739438454000,"year":1946,"m":5.5,"mt":"Mw","d":15.0,"src":"ISCGEM","era":"early"}},{"type":"Feature","geometry":{"type":"Point","coordinates":[47.51,32.8]},"properties":{"id":"bml19610006","t":-261849409000,"year":1961,"m":5.5,"mt":"Mw","d":78.0,"src":"EMME","era":"early"}},{"type":"Feature","geometry":{"type":"Point","coordinates":[50.13,30.27]},"properties":{"id":"bml1962000k","t":-229883470000,"year":1962,"m":5.5,"mt":"Mw","d":114.0,"src":"EMME","era":"early"}},{"type":"Feature","geometry":{"type":"Point","coordinates":[50.1,35.701]},"properties":{"id":"bml1962000l","t":-227799381000,"year":1962,"m":5.5,"mt":"Mw","d":20.0,"src":"ISCGEM","era":"early"}},{"type":"Feature","geometry":{"type":"Point","coordinates":[40.76,39.17]},"properties":{"id":"bml1966001p","t":-106228696000,"year":1966,"m":5.5,"mt":"Mw","d":18.7,"src":"EMME","era":"modern"}},{"type":"Feature","geometry":{"type":"Point","coordinates":[48.92,32.66]},"properties":{"id":"bml19770038","t":230919929000,"year":1977,"m":5.5,"mt":"Mw","d":51.6,"src":"EMME","era":"modern"}},{"type":"Feature","geometry":{"type":"Point","coordinates":[41.9,39.23]},"properties":{"id":"bml1982000o","t":386107044000,"year":1982,"m":5.5,"mt":"Mw","d":37.8,"src":"EMME","era":"modern"}},{"type":"Feature","geometry":{"type":"Point","coordinates":[49.76,36.79]},"properties":{"id":"bml1990001m","t":645934134000,"year":1990,"m":5.5,"mt":"Mw","d":14.2,"src":"EMME","era":"modern"}},{"type":"Feature","geometry":{"type":"Point","coordinates":[45.75,33.739]},"properties":{"id":"bml20180008","t":1515653971000,"year":2018,"m":5.5,"mt":"Mw","d":19.4,"src":"ISC","era":"modern"}},{"type":"Feature","geometry":{"type":"Point","coordinates":[38.83,37.216]},"properties":{"id":"bml19050006","t":-2022061192000,"year":1905,"m":5.6,"mt":"Mw","d":15.0,"src":"ISCGEM","era":"early"}},{"type":"Feature","geometry":{"type":"Point","coordinates":[43.27,39.388]},"properties":{"id":"bml19330006","t":-1140886361000,"year":1933,"m":5.6,"mt":"Mw","d":15.0,"src":"ISCGEM","era":"early"}},{"type":"Feature","geometry":{"type":"Point","coordinates":[48.746,33.408]},"properties":{"id":"bml19550005","t":-444218271000,"year":1955,"m":5.6,"mt":"Mw","d":15.0,"src":"ISCGEM","era":"early"}},{"type":"Feature","geometry":{"type":"Point","coordinates":[40.101,38.719]},"properties":{"id":"bml2010008u","t":1268034461000,"year":2010,"m":5.6,"mt":"Mw","d":10.0,"src":"ISCGEM","era":"modern"}},{"type":"Feature","geometry":{"type":"Point","coordinates":[46.612,38.458]},"properties":{"id":"bml2012003x","t":1352269592000,"year":2012,"m":5.6,"mt":"Mw","d":10.0,"src":"ISCGEM","era":"modern"}},{"type":"Feature","geometry":{"type":"Point","coordinates":[38.724,38.196]},"properties":{"id":"bml2020002x","t":1596533856000,"year":2020,"m":5.6,"mt":"Mw","d":5.6,"src":"ISC","era":"modern"}},{"type":"Feature","geometry":{"type":"Point","coordinates":[49.715,32.335]},"properties":{"id":"bml20210016","t":1633315169000,"year":2021,"m":5.6,"mt":"Mw","d":20.6,"src":"ISC","era":"modern"}},{"type":"Feature","geometry":{"type":"Point","coordinates":[38.432,37.619]},"properties":{"id":"bml20170004","t":1488452847000,"year":2017,"m":5.6,"mt":"Mw","d":12.1,"src":"ISC","era":"modern"}},{"type":"Feature","geometry":{"type":"Point","coordinates":[39.221,38.488]},"properties":{"id":"bml2020003q","t":1609051053000,"year":2020,"m":5.6,"mt":"Mw","d":9.6,"src":"ISC","era":"modern"}},{"type":"Feature","geometry":{"type":"Point","coordinates":[46.184,33.023]},"properties":{"id":"bml1972000l","t":77204039000,"year":1972,"m":5.6,"mt":"Mw","d":15.0,"src":"ISCGEM","era":"modern"}},{"type":"Feature","geometry":{"type":"Point","coordinates":[49.398,38.197]},"properties":{"id":"bml1981001s","t":365798144000,"year":1981,"m":5.6,"mt":"Mw","d":26.6,"src":"ISCGEM","era":"modern"}},{"type":"Feature","geometry":{"type":"Point","coordinates":[44.9,38.336]},"properties":{"id":"bml2023002t","t":1679627816000,"year":2023,"m":5.6,"mt":"Mw","d":14.2,"src":"ISC","era":"modern"}},{"type":"Feature","geometry":{"type":"Point","coordinates":[47.909,33.144]},"properties":{"id":"bml1976001c","t":216212875000,"year":1976,"m":5.6,"mt":"Mw","d":20.0,"src":"ISCGEM","era":"modern"}},{"type":"Feature","geometry":{"type":"Point","coordinates":[49.258,31.953]},"properties":{"id":"bml2002005p","t":1032992894000,"year":2002,"m":5.6,"mt":"Mw","d":15.0,"src":"ISCGEM","era":"modern"}},{"type":"Feature","geometry":{"type":"Point","coordinates":[47.5,36.5]},"properties":{"id":"bml18800001","t":-2824156800000,"year":1880,"m":5.6,"mt":"Mw","d":0.0,"src":"EMME","era":"historical"}},{"type":"Feature","geometry":{"type":"Point","coordinates":[46.5,33.5]},"properties":{"id":"bml19170002","t":-1655618520000,"year":1917,"m":5.6,"mt":"Mw","d":0.0,"src":"EMME","era":"early"}},{"type":"Feature","geometry":{"type":"Point","coordinates":[44.57,37.21]},"properties":{"id":"bml19300004","t":-1251478600000,"year":1930,"m":5.6,"mt":"Mw","d":10.0,"src":"EMME","era":"early"}},{"type":"Feature","geometry":{"type":"Point","coordinates":[47.0,33.0]},"properties":{"id":"bml19320001","t":-1197414664000,"year":1932,"m":5.6,"mt":"MS","d":35.0,"src":"ONUR2017","era":"early"}},{"type":"Feature","geometry":{"type":"Point","coordinates":[45.0,36.25]},"properties":{"id":"bml19320004","t":-1188255951000,"year":1932,"m":5.6,"mt":"MS","d":35.0,"src":"ONUR2017","era":"early"}},{"type":"Feature","geometry":{"type":"Point","coordinates":[46.5,33.5]},"properties":{"id":"bml19400004","t":-930611688000,"year":1940,"m":5.6,"mt":"MS","d":35.0,"src":"ONUR2017","era":"early"}},{"type":"Feature","geometry":{"type":"Point","coordinates":[46.4,33.2]},"properties":{"id":"bml1940000b","t":-930550489000,"year":1940,"m":5.6,"mt":"Mw","d":0.0,"src":"EMME","era":"early"}},{"type":"Feature","geometry":{"type":"Point","coordinates":[45.8,35.6]},"properties":{"id":"bml19460007","t":-737647890000,"year":1946,"m":5.6,"mt":"Mw","d":0.0,"src":"EMME","era":"early"}},{"type":"Feature","geometry":{"type":"Point","coordinates":[49.44,36.59]},"properties":{"id":"bml19480003","t":-679744289000,"year":1948,"m":5.6,"mt":"Mw","d":0.0,"src":"EMME","era":"early"}},{"type":"Feature","geometry":{"type":"Point","coordinates":[50.26,37.33]},"properties":{"id":"bml19560002","t":-432955550000,"year":1956,"m":5.6,"mt":"Mw","d":30.0,"src":"EMME","era":"early"}},{"type":"Feature","geometry":{"type":"Point","coordinates":[45.5,36.5]},"properties":{"id":"bml19580004","t":-367958294000,"year":1958,"m":5.6,"mt":"Mw","d":0.0,"src":"EMME","era":"early"}},{"type":"Feature","geometry":{"type":"Point","coordinates":[44.5,37.35]},"properties":{"id":"bml1958000d","t":-352941569000,"year":1958,"m":5.6,"mt":"M","d":null,"src":"ONUR2017","era":"early"}},{"type":"Feature","geometry":{"type":"Point","coordinates":[49.74,35.59]},"properties":{"id":"bml1962000i","t":-231204586000,"year":1962,"m":5.6,"mt":"M","d":43.0,"src":"ONUR2017","era":"early"}},{"type":"Feature","geometry":{"type":"Point","coordinates":[49.9,35.7]},"properties":{"id":"bml19630001","t":-220774920000,"year":1963,"m":5.6,"mt":"Mw","d":20.0,"src":"EMME","era":"early"}},{"type":"Feature","geometry":{"type":"Point","coordinates":[49.226,36.978]},"properties":{"id":"bml1983001c","t":427682461000,"year":1983,"m":5.6,"mt":"mb","d":43.0,"src":"ONUR2017","era":"modern"}},{"type":"Feature","geometry":{"type":"Point","coordinates":[49.18,36.948]},"properties":{"id":"bml1983001d","t":427689660000,"year":1983,"m":5.6,"mt":"Mw","d":41.0,"src":"EMME","era":"modern"}},{"type":"Feature","geometry":{"type":"Point","coordinates":[50.252,30.773]},"properties":{"id":"bml1991001u","t":689219430000,"year":1991,"m":5.6,"mt":"Mw","d":15.0,"src":"ISCGEM","era":"modern"}},{"type":"Feature","geometry":{"type":"Point","coordinates":[48.369,32.557]},"properties":{"id":"bml1994001e","t":775631739000,"year":1994,"m":5.6,"mt":"Mw","d":43.0,"src":"EMME","era":"modern"}},{"type":"Feature","geometry":{"type":"Point","coordinates":[42.93,38.42]},"properties":{"id":"bml2000004u","t":974300739000,"year":2000,"m":5.6,"mt":"Mw","d":63.4,"src":"EMME","era":"modern"}},{"type":"Feature","geometry":{"type":"Point","coordinates":[40.803,39.389]},"properties":{"id":"bml2005005n","t":1111614293000,"year":2005,"m":5.6,"mt":"Mw","d":10.0,"src":"ISCGEM","era":"modern"}},{"type":"Feature","geometry":{"type":"Point","coordinates":[43.621,38.805]},"properties":{"id":"bml2011045n","t":1319554508000,"year":2011,"m":5.6,"mt":"Mw","d":15.0,"src":"ISCGEM","era":"modern"}},{"type":"Feature","geometry":{"type":"Point","coordinates":[47.823,32.62]},"properties":{"id":"bml2014002m","t":1408529656000,"year":2014,"m":5.6,"mt":"Mw","d":15.4,"src":"ISC","era":"modern"}},{"type":"Feature","geometry":{"type":"Point","coordinates":[45.158,38.336]},"properties":{"id":"bml1930000o","t":-1248971511000,"year":1930,"m":5.6,"mt":"Mw","d":15.0,"src":"ISCGEM","era":"early"}},{"type":"Feature","geometry":{"type":"Point","coordinates":[49.667,36.834]},"properties":{"id":"bml1991002b","t":691348798000,"year":1991,"m":5.6,"mt":"Mw","d":25.5,"src":"ISCGEM","era":"modern"}},{"type":"Feature","geometry":{"type":"Point","coordinates":[46.251,33.081]},"properties":{"id":"bml1998002q","t":902327221000,"year":1998,"m":5.6,"mt":"Mw","d":25.0,"src":"ISCGEM","era":"modern"}},{"type":"Feature","geometry":{"type":"Point","coordinates":[47.217,33.057]},"properties":{"id":"bml19410003","t":-894498081000,"year":1941,"m":5.6,"mt":"Mw","d":15.0,"src":"ISCGEM","era":"early"}},{"type":"Feature","geometry":{"type":"Point","coordinates":[43.3,39.0]},"properties":{"id":"bml19450007","t":-767923200000,"year":1945,"m":5.6,"mt":"Mw","d":15.0,"src":"EMME","era":"early"}},{"type":"Feature","geometry":{"type":"Point","coordinates":[43.865,38.426]},"properties":{"id":"bml19450001","t":-787688988000,"year":1945,"m":5.6,"mt":"Mw","d":15.0,"src":"ISCGEM","era":"early"}},{"type":"Feature","geometry":{"type":"Point","coordinates":[49.499,31.824]},"properties":{"id":"bml19510004","t":-585837477000,"year":1951,"m":5.6,"mt":"Mw","d":15.0,"src":"ISCGEM","era":"early"}},{"type":"Feature","geometry":{"type":"Point","coordinates":[44.167,39.153]},"properties":{"id":"bml1976001q","t":217687004000,"year":1976,"m":5.6,"mt":"Mw","d":10.0,"src":"ISCGEM","era":"modern"}},{"type":"Feature","geometry":{"type":"Point","coordinates":[47.77,32.6]},"properties":{"id":"bml1989000g","t":607555477000,"year":1989,"m":5.6,"mt":"Mw","d":33.0,"src":"EMME","era":"modern"}},{"type":"Feature","geometry":{"type":"Point","coordinates":[43.377,37.365]},"properties":{"id":"bml19470001","t":-716451649000,"year":1947,"m":5.6,"mt":"Mw","d":15.0,"src":"ISCGEM","era":"early"}},{"type":"Feature","geometry":{"type":"Point","coordinates":[49.33,32.455]},"properties":{"id":"bml1983000g","t":415722156000,"year":1983,"m":5.6,"mt":"Mw","d":20.0,"src":"ISCGEM","era":"modern"}},{"type":"Feature","geometry":{"type":"Point","coordinates":[39.226,38.377]},"properties":{"id":"bml2004005c","t":1092239307000,"year":2004,"m":5.6,"mt":"Mw","d":10.0,"src":"ISCGEM","era":"modern"}},{"type":"Feature","geometry":{"type":"Point","coordinates":[40.912,39.376]},"properties":{"id":"bml2005004j","t":1110612973000,"year":2005,"m":5.6,"mt":"Mw","d":15.0,"src":"ISCGEM","era":"modern"}},{"type":"Feature","geometry":{"type":"Point","coordinates":[50.461,30.437]},"properties":{"id":"bml19390001","t":-976193856000,"year":1939,"m":5.7,"mt":"Mw","d":15.0,"src":"ISCGEM","era":"early"}},{"type":"Feature","geometry":{"type":"Point","coordinates":[49.563,31.991]},"properties":{"id":"bml19390004","t":-949657066000,"year":1939,"m":5.7,"mt":"Mw","d":15.0,"src":"ISCGEM","era":"early"}},{"type":"Feature","geometry":{"type":"Point","coordinates":[44.393,38.852]},"properties":{"id":"bml1977003v","t":233458513000,"year":1977,"m":5.7,"mt":"Mw","d":15.0,"src":"ISCGEM","era":"modern"}},{"type":"Feature","geometry":{"type":"Point","coordinates":[44.2,38.8]},"properties":{"id":"bml19770041","t":233576455000,"year":1977,"m":5.7,"mt":"Mw","d":33.0,"src":"EMME","era":"modern"}},{"type":"Feature","geometry":{"type":"Point","coordinates":[40.978,39.352]},"properties":{"id":"bml2005007i","t":1118043691000,"year":2005,"m":5.7,"mt":"Mw","d":15.0,"src":"ISCGEM","era":"modern"}},{"type":"Feature","geometry":{"type":"Point","coordinates":[48.043,34.429]},"properties":{"id":"bml19580009","t":-359195615000,"year":1958,"m":5.7,"mt":"Mw","d":15.0,"src":"ISCGEM","era":"early"}},{"type":"Feature","geometry":{"type":"Point","coordinates":[44.212,39.244]},"properties":{"id":"bml1968000h","t":-52815482000,"year":1968,"m":5.7,"mt":"Mw","d":15.0,"src":"USGS","era":"modern"}},{"type":"Feature","geometry":{"type":"Point","coordinates":[43.337,38.748]},"properties":{"id":"bml201101op","t":1319367409000,"year":2011,"m":5.7,"mt":"Mw","d":15.0,"src":"ISCGEM","era":"modern"}},{"type":"Feature","geometry":{"type":"Point","coordinates":[45.533,34.423]},"properties":{"id":"bml2013001d","t":1385103086000,"year":2013,"m":5.7,"mt":"Mw","d":18.1,"src":"ISCGEM","era":"modern"}},{"type":"Feature","geometry":{"type":"Point","coordinates":[43.33,38.419]},"properties":{"id":"bml201101s7","t":1320866616000,"year":2011,"m":5.7,"mt":"Mw","d":10.0,"src":"ISCGEM","era":"modern"}},{"type":"Feature","geometry":{"type":"Point","coordinates":[50.5,30.5]},"properties":{"id":"bml18750001","t":-2991081600000,"year":1875,"m":5.7,"mt":"Mw","d":0.0,"src":"EMME","era":"historical"}},{"type":"Feature","geometry":{"type":"Point","coordinates":[49.8,35.8]},"properties":{"id":"bml18760002","t":-2941056000000,"year":1876,"m":5.7,"mt":"Mw","d":0.0,"src":"EMME","era":"historical"}},{"type":"Feature","geometry":{"type":"Point","coordinates":[45.0,36.0]},"properties":{"id":"bml19090004","t":-1916337480000,"year":1909,"m":5.7,"mt":"Mw","d":0.0,"src":"EMME","era":"early"}},{"type":"Feature","geometry":{"type":"Point","coordinates":[42.5,38.8]},"properties":{"id":"bml19150001","t":-1731857994000,"year":1915,"m":5.7,"mt":"Mw","d":0.0,"src":"EMME","era":"early"}},{"type":"Feature","geometry":{"type":"Point","coordinates":[47.267,33.087]},"properties":{"id":"bml19410002","t":-901250475000,"year":1941,"m":5.7,"mt":"Mw","d":15.0,"src":"ISCGEM","era":"early"}},{"type":"Feature","geometry":{"type":"Point","coordinates":[47.75,33.75]},"properties":{"id":"bml19520003","t":-548587765000,"year":1952,"m":5.7,"mt":"Mw","d":81.0,"src":"EMME","era":"early"}},{"type":"Feature","geometry":{"type":"Point","coordinates":[47.42,34.52]},"properties":{"id":"bml1958000b","t":-355909280000,"year":1958,"m":5.7,"mt":"Mw","d":71.0,"src":"EMME","era":"early"}},{"type":"Feature","geometry":{"type":"Point","coordinates":[48.581,32.594]},"properties":{"id":"bml1983000z","t":422969760000,"year":1983,"m":5.7,"mt":"Mw","d":18.0,"src":"EMME","era":"modern"}},{"type":"Feature","geometry":{"type":"Point","coordinates":[45.68,34.344]},"properties":{"id":"bml2013001g","t":1385145058000,"year":2013,"m":5.7,"mt":"Mw","d":13.9,"src":"ISCGEM","era":"modern"}},{"type":"Feature","geometry":{"type":"Point","coordinates":[45.099,38.467]},"properties":{"id":"bml20220015","t":1664929289000,"year":2022,"m":5.7,"mt":"Mw","d":10.8,"src":"ISC","era":"modern"}},{"type":"Feature","geometry":{"type":"Point","coordinates":[38.155,38.292]},"properties":{"id":"bml202301c1","t":1675680691000,"year":2023,"m":5.7,"mt":"Mw","d":8.5,"src":"ISC","era":"modern"}},{"type":"Feature","geometry":{"type":"Point","coordinates":[49.511,38.86]},"properties":{"id":"bml202601ij","t":1775639139000,"year":2026,"m":5.7,"mt":"Mw","d":23.6,"src":"ISC","era":"modern"}},{"type":"Feature","geometry":{"type":"Point","coordinates":[44.664,38.335]},"properties":{"id":"bml1930000n","t":-1249454700000,"year":1930,"m":5.7,"mt":"Mw","d":15.0,"src":"ISCGEM","era":"early"}},{"type":"Feature","geometry":{"type":"Point","coordinates":[45.711,33.227]},"properties":{"id":"bml19380002","t":-1007669992000,"year":1938,"m":5.7,"mt":"Mw","d":15.0,"src":"ISCGEM","era":"early"}},{"type":"Feature","geometry":{"type":"Point","coordinates":[43.576,38.534]},"properties":{"id":"bml19450009","t":-760987921000,"year":1945,"m":5.7,"mt":"Mw","d":15.0,"src":"ISCGEM","era":"early"}},{"type":"Feature","geometry":{"type":"Point","coordinates":[39.296,38.368]},"properties":{"id":"bml200700ag","t":1172055929000,"year":2007,"m":5.7,"mt":"Mw","d":10.0,"src":"ISCGEM","era":"modern"}},{"type":"Feature","geometry":{"type":"Point","coordinates":[44.204,38.594]},"properties":{"id":"bml19400009","t":-921584045000,"year":1940,"m":5.7,"mt":"Mw","d":15.0,"src":"ISCGEM","era":"early"}},{"type":"Feature","geometry":{"type":"Point","coordinates":[45.693,34.115]},"properties":{"id":"bml20190004","t":1546782119000,"year":2019,"m":5.7,"mt":"mb","d":18.3,"src":"ISC","era":"modern"}},{"type":"Feature","geometry":{"type":"Point","coordinates":[44.001,38.118]},"properties":{"id":"bml19180002","t":-1631137022000,"year":1918,"m":5.7,"mt":"Mw","d":15.0,"src":"USGS","era":"early"}},{"type":"Feature","geometry":{"type":"Point","coordinates":[45.008,38.29]},"properties":{"id":"bml19340002","t":-1131551561000,"year":1934,"m":5.7,"mt":"Mw","d":15.0,"src":"ISCGEM","era":"early"}},{"type":"Feature","geometry":{"type":"Point","coordinates":[49.765,36.661]},"properties":{"id":"bml1990001s","t":645958936000,"year":1990,"m":5.7,"mt":"Mw","d":13.5,"src":"ISCGEM","era":"modern"}},{"type":"Feature","geometry":{"type":"Point","coordinates":[43.449,38.756]},"properties":{"id":"bml201101ov","t":1319369560000,"year":2011,"m":5.7,"mt":"Mw","d":15.0,"src":"ISCGEM","era":"modern"}},{"type":"Feature","geometry":{"type":"Point","coordinates":[44.913,38.534]},"properties":{"id":"bml20230002","t":1674036493000,"year":2023,"m":5.7,"mt":"Mw","d":8.4,"src":"ISC","era":"modern"}},{"type":"Feature","geometry":{"type":"Point","coordinates":[46.107,35.666]},"properties":{"id":"bml19460008","t":-737598139000,"year":1946,"m":5.8,"mt":"Mw","d":15.0,"src":"ISCGEM","era":"early"}},{"type":"Feature","geometry":{"type":"Point","coordinates":[46.606,32.991]},"properties":{"id":"bml19560001","t":-438950634000,"year":1956,"m":5.8,"mt":"Mw","d":15.0,"src":"ISCGEM","era":"early"}},{"type":"Feature","geometry":{"type":"Point","coordinates":[43.85,38.68]},"properties":{"id":"bml19330004","t":-1140912000000,"year":1933,"m":5.8,"mt":"Mw","d":10.0,"src":"EMME","era":"early"}},{"type":"Feature","geometry":{"type":"Point","coordinates":[44.3,38.57]},"properties":{"id":"bml19400008","t":-921628800000,"year":1940,"m":5.8,"mt":"Mw","d":20.0,"src":"EMME","era":"early"}},{"type":"Feature","geometry":{"type":"Point","coordinates":[45.988,35.824]},"properties":{"id":"bml19460006","t":-737647912000,"year":1946,"m":5.8,"mt":"Mw","d":15.0,"src":"ISCGEM","era":"early"}},{"type":"Feature","geometry":{"type":"Point","coordinates":[41.53,38.49]},"properties":{"id":"bml19600002","t":-311178636000,"year":1960,"m":5.8,"mt":"Mw","d":0.0,"src":"EMME","era":"early"}},{"type":"Feature","geometry":{"type":"Point","coordinates":[48.49,33.54]},"properties":{"id":"bml19610009","t":-258038000000,"year":1961,"m":5.8,"mt":"Mw","d":15.0,"src":"EMME","era":"early"}},{"type":"Feature","geometry":{"type":"Point","coordinates":[40.735,39.375]},"properties":{"id":"bml202007dl","t":1592144668000,"year":2020,"m":5.8,"mt":"MS","d":1.0,"src":"ISC","era":"modern"}},{"type":"Feature","geometry":{"type":"Point","coordinates":[48.543,32.686]},"properties":{"id":"bml1980001i","t":340824248000,"year":1980,"m":5.8,"mt":"Mw","d":15.0,"src":"ISCGEM","era":"modern"}},{"type":"Feature","geometry":{"type":"Point","coordinates":[39.999,39.491]},"properties":{"id":"bml19950024","t":818189373000,"year":1995,"m":5.8,"mt":"Mw","d":20.0,"src":"ISCGEM","era":"modern"}},{"type":"Feature","geometry":{"type":"Point","coordinates":[46.243,34.538]},"properties":{"id":"bml2018002j","t":1532254046000,"year":2018,"m":5.8,"mt":"Mw","d":10.8,"src":"ISC","era":"modern"}},{"type":"Feature","geometry":{"type":"Point","coordinates":[47.394,32.335]},"properties":{"id":"bml200801k9","t":1219873958000,"year":2008,"m":5.8,"mt":"Mw","d":15.0,"src":"ISCGEM","era":"modern"}},{"type":"Feature","geometry":{"type":"Point","coordinates":[47.778,32.684]},"properties":{"id":"bml2014001h","t":1408339551000,"year":2014,"m":5.8,"mt":"Mw","d":12.6,"src":"ISC","era":"modern"}},{"type":"Feature","geometry":{"type":"Point","coordinates":[41.475,38.54]},"properties":{"id":"bml19430001","t":-823324461000,"year":1943,"m":5.8,"mt":"Mw","d":15.0,"src":"ISCGEM","era":"early"}},{"type":"Feature","geometry":{"type":"Point","coordinates":[43.716,37.567]},"properties":{"id":"bml2005001c","t":1106613672000,"year":2005,"m":5.8,"mt":"Mw","d":18.4,"src":"ONUR2017","era":"modern"}},{"type":"Feature","geometry":{"type":"Point","coordinates":[49.517,31.801]},"properties":{"id":"bml20190017","t":1562569232000,"year":2019,"m":5.8,"mt":"Mw","d":22.5,"src":"ISC","era":"modern"}},{"type":"Feature","geometry":{"type":"Point","coordinates":[44.496,38.409]},"properties":{"id":"bml20200019","t":1582437180000,"year":2020,"m":5.8,"mt":"Mw","d":5.9,"src":"ISC","era":"modern"}},{"type":"Feature","geometry":{"type":"Point","coordinates":[49.7,33.1]},"properties":{"id":"bml18760001","t":-2942956800000,"year":1876,"m":5.8,"mt":"Mw","d":0.0,"src":"EMME","era":"historical"}},{"type":"Feature","geometry":{"type":"Point","coordinates":[39.0,39.0]},"properties":{"id":"bml19050005","t":-2022070800000,"year":1905,"m":5.8,"mt":"Mw","d":0.0,"src":"EMME","era":"early"}},{"type":"Feature","geometry":{"type":"Point","coordinates":[41.8,34.5]},"properties":{"id":"bml19180001","t":-1631137045000,"year":1918,"m":5.8,"mt":"Mw","d":0.0,"src":"EMME","era":"early"}},{"type":"Feature","geometry":{"type":"Point","coordinates":[47.477,35.647]},"properties":{"id":"bml19240004","t":-1424703292000,"year":1924,"m":5.8,"mt":"Mw","d":15.0,"src":"ISCGEM","era":"early"}},{"type":"Feature","geometry":{"type":"Point","coordinates":[49.93,31.66]},"properties":{"id":"bml19520002","t":-549411016000,"year":1952,"m":5.8,"mt":"Mw","d":69.0,"src":"EMME","era":"early"}},{"type":"Feature","geometry":{"type":"Point","coordinates":[49.0,33.5]},"properties":{"id":"bml19550006","t":-443145198000,"year":1955,"m":5.8,"mt":"M","d":null,"src":"ONUR2017","era":"early"}},{"type":"Feature","geometry":{"type":"Point","coordinates":[49.0,33.5]},"properties":{"id":"bml19550007","t":-443116410000,"year":1955,"m":5.8,"mt":"Mw","d":0.0,"src":"EMME","era":"early"}},{"type":"Feature","geometry":{"type":"Point","coordinates":[47.827,34.225]},"properties":{"id":"bml19580008","t":-359209975000,"year":1958,"m":5.8,"mt":"Mw","d":15.0,"src":"ISCGEM","era":"early"}},{"type":"Feature","geometry":{"type":"Point","coordinates":[49.1,37.8]},"properties":{"id":"bml1978002e","t":279004935000,"year":1978,"m":5.8,"mt":"Mw","d":0.0,"src":"EMME","era":"modern"}},{"type":"Feature","geometry":{"type":"Point","coordinates":[40.862,39.353]},"properties":{"id":"bml2005004x","t":1110765359000,"year":2005,"m":5.8,"mt":"Mw","d":15.0,"src":"ISCGEM","era":"modern"}},{"type":"Feature","geometry":{"type":"Point","coordinates":[47.856,32.546]},"properties":{"id":"bml2014003s","t":1413380154000,"year":2014,"m":5.8,"mt":"Mw","d":8.1,"src":"ISC","era":"modern"}},{"type":"Feature","geometry":{"type":"Point","coordinates":[45.87,33.12]},"properties":{"id":"bml19380001","t":-1007670040000,"year":1938,"m":5.8,"mt":"Mw","d":0.0,"src":"EMME","era":"early"}},{"type":"Feature","geometry":{"type":"Point","coordinates":[41.57,39.21]},"properties":{"id":"bml19590006","t":-325332048000,"year":1959,"m":5.8,"mt":"Mw","d":0.0,"src":"EMME","era":"early"}},{"type":"Feature","geometry":{"type":"Point","coordinates":[38.8,37.1]},"properties":{"id":"bml10370001","t":-29412273600000,"year":1037,"m":5.8,"mt":"Mw","d":0.0,"src":"EMME","era":"historical"}},{"type":"Feature","geometry":{"type":"Point","coordinates":[44.1,39.5]},"properties":{"id":"bml18410001","t":-4047955200000,"year":1841,"m":5.8,"mt":"Mw","d":0.0,"src":"EMME","era":"historical"}},{"type":"Feature","geometry":{"type":"Point","coordinates":[47.65,36.58]},"properties":{"id":"bml19030001","t":-2110992120000,"year":1903,"m":5.8,"mt":"Mw","d":0.0,"src":"EMME","era":"early"}},{"type":"Feature","geometry":{"type":"Point","coordinates":[49.73,35.56]},"properties":{"id":"bml1962000j","t":-231157788000,"year":1962,"m":5.8,"mt":"Mw","d":15.0,"src":"EMME","era":"early"}},{"type":"Feature","geometry":{"type":"Point","coordinates":[38.622,38.205]},"properties":{"id":"bml1964000d","t":-175088665000,"year":1964,"m":5.8,"mt":"Mw","d":10.0,"src":"ISCGEM","era":"modern"}},{"type":"Feature","geometry":{"type":"Point","coordinates":[45.246,37.082]},"properties":{"id":"bml1981001k","t":364694730000,"year":1981,"m":5.8,"mt":"Mw","d":15.0,"src":"ISCGEM","era":"modern"}},{"type":"Feature","geometry":{"type":"Point","coordinates":[50.184,30.783]},"properties":{"id":"bml1988001f","t":575691162000,"year":1988,"m":5.8,"mt":"Mw","d":20.0,"src":"ISCGEM","era":"modern"}},{"type":"Feature","geometry":{"type":"Point","coordinates":[47.765,32.463]},"properties":{"id":"bml19170004","t":-1655618474000,"year":1917,"m":5.9,"mt":"Mw","d":15.0,"src":"USGS","era":"early"}},{"type":"Feature","geometry":{"type":"Point","coordinates":[43.757,37.7]},"properties":{"id":"bml2005001r","t":1106671452000,"year":2005,"m":5.9,"mt":"Mw","d":10.0,"src":"ISCGEM","era":"modern"}},{"type":"Feature","geometry":{"type":"Point","coordinates":[46.6,39.3]},"properties":{"id":"bml19330003","t":-1146156764000,"year":1933,"m":5.9,"mt":"Mw","d":33.0,"src":"EMME","era":"early"}},{"type":"Feature","geometry":{"type":"Point","coordinates":[46.947,32.755]},"properties":{"id":"bml19270003","t":-1329729245000,"year":1927,"m":5.9,"mt":"Mw","d":15.0,"src":"ISCGEM","era":"early"}},{"type":"Feature","geometry":{"type":"Point","coordinates":[46.0,33.0]},"properties":{"id":"bml11180001","t":-26878608000000,"year":1118,"m":5.9,"mt":"Mw","d":0.0,"src":"EMME","era":"historical"}},{"type":"Feature","geometry":{"type":"Point","coordinates":[45.9,34.5]},"properties":{"id":"bml11500001","t":-25868937600000,"year":1150,"m":5.9,"mt":"Mw","d":0.0,"src":"EMME","era":"historical"}},{"type":"Feature","geometry":{"type":"Point","coordinates":[42.35,38.72]},"properties":{"id":"bml17030001","t":-8419420800000,"year":1703,"m":5.9,"mt":"Mw","d":0.0,"src":"EMME","era":"historical"}},{"type":"Feature","geometry":{"type":"Point","coordinates":[46.3,38.1]},"properties":{"id":"bml17170001","t":-7977830400000,"year":1717,"m":5.9,"mt":"Mw","d":0.0,"src":"EMME","era":"historical"}},{"type":"Feature","geometry":{"type":"Point","coordinates":[50.3,36.4]},"properties":{"id":"bml18080001","t":-5082048000000,"year":1808,"m":5.9,"mt":"Mw","d":0.0,"src":"EMME","era":"historical"}},{"type":"Feature","geometry":{"type":"Point","coordinates":[44.9,38.7]},"properties":{"id":"bml18430001","t":-3998505600000,"year":1843,"m":5.9,"mt":"Mw","d":0.0,"src":"EMME","era":"historical"}},{"type":"Feature","geometry":{"type":"Point","coordinates":[50.0,38.0]},"properties":{"id":"bml18540001","t":-3637008000000,"year":1854,"m":5.9,"mt":"Mw","d":0.0,"src":"EMME","era":"historical"}},{"type":"Feature","geometry":{"type":"Point","coordinates":[49.0,39.0]},"properties":{"id":"bml19030005","t":-2099286240000,"year":1903,"m":5.9,"mt":"Mw","d":0.0,"src":"EMME","era":"early"}},{"type":"Feature","geometry":{"type":"Point","coordinates":[44.01,36.19]},"properties":{"id":"bml19190001","t":-1598059800000,"year":1919,"m":5.9,"mt":"Mw","d":0.0,"src":"EMME","era":"early"}},{"type":"Feature","geometry":{"type":"Point","coordinates":[44.501,38.422]},"properties":{"id":"bml2020001e","t":1582473631000,"year":2020,"m":5.9,"mt":"MS","d":5.6,"src":"ISC","era":"modern"}},{"type":"Feature","geometry":{"type":"Point","coordinates":[44.943,38.484]},"properties":{"id":"bml20230007","t":1674929685000,"year":2023,"m":5.9,"mt":"Mw","d":8.5,"src":"ISC","era":"modern"}},{"type":"Feature","geometry":{"type":"Point","coordinates":[41.374,39.23]},"properties":{"id":"bml19460003","t":-744410833000,"year":1946,"m":5.9,"mt":"Mw","d":15.0,"src":"ISCGEM","era":"early"}},{"type":"Feature","geometry":{"type":"Point","coordinates":[48.578,38.653]},"properties":{"id":"bml1998002d","t":899993960000,"year":1998,"m":6.0,"mt":"Mw","d":30.0,"src":"ISCGEM","era":"modern"}},{"type":"Feature","geometry":{"type":"Point","coordinates":[47.739,32.627]},"properties":{"id":"bml201402ad","t":1408385304000,"year":2014,"m":6.0,"mt":"Mw","d":14.4,"src":"ISC","era":"modern"}},{"type":"Feature","geometry":{"type":"Point","coordinates":[42.42,39.5]},"properties":{"id":"bml19030006","t":-2095621200000,"year":1903,"m":6.0,"mt":"Mw","d":0.0,"src":"EMME","era":"early"}},{"type":"Feature","geometry":{"type":"Point","coordinates":[43.161,38.544]},"properties":{"id":"bml201103r1","t":1319402737000,"year":2011,"m":6.0,"mt":"Mw","d":15.0,"src":"ISCGEM","era":"modern"}},{"type":"Feature","geometry":{"type":"Point","coordinates":[43.444,39.196]},"properties":{"id":"bml19410005","t":-893297164000,"year":1941,"m":6.0,"mt":"Mw","d":15.0,"src":"ISCGEM","era":"early"}},{"type":"Feature","geometry":{"type":"Point","coordinates":[47.882,34.438]},"properties":{"id":"bml1963000a","t":-213794154000,"year":1963,"m":6.0,"mt":"Mw","d":20.0,"src":"ISCGEM","era":"early"}},{"type":"Feature","geometry":{"type":"Point","coordinates":[43.291,36.024]},"properties":{"id":"bml19440002","t":-803394370000,"year":1944,"m":6.0,"mt":"Mw","d":15.0,"src":"ISCGEM","era":"early"}},{"type":"Feature","geometry":{"type":"Point","coordinates":[47.473,37.733]},"properties":{"id":"bml2019001y","t":1573166825000,"year":2019,"m":6.0,"mt":"Mw","d":13.4,"src":"ISC","era":"modern"}},{"type":"Feature","geometry":{"type":"Point","coordinates":[38.241,38.296]},"properties":{"id":"bml202301bz","t":1675679206000,"year":2023,"m":6.0,"mt":"mb","d":5.4,"src":"ISC","era":"modern"}},{"type":"Feature","geometry":{"type":"Point","coordinates":[47.5,39.4]},"properties":{"id":"bml18610001","t":-3427315200000,"year":1861,"m":6.0,"mt":"Mw","d":0.0,"src":"EMME","era":"historical"}},{"type":"Feature","geometry":{"type":"Point","coordinates":[40.934,38.302]},"properties":{"id":"bml19340003","t":-1108831245000,"year":1934,"m":6.0,"mt":"Mw","d":15.0,"src":"ISCGEM","era":"early"}},{"type":"Feature","geometry":{"type":"Point","coordinates":[43.0,39.5]},"properties":{"id":"bml19350002","t":-1094168125000,"year":1935,"m":6.0,"mt":"MS","d":35.0,"src":"ONUR2017","era":"early"}},{"type":"Feature","geometry":{"type":"Point","coordinates":[46.264,34.583]},"properties":{"id":"bml2018002s","t":1535235205000,"year":2018,"m":6.0,"mt":"Mw","d":11.1,"src":"ISC","era":"modern"}},{"type":"Feature","geometry":{"type":"Point","coordinates":[38.806,38.312]},"properties":{"id":"bml202405li","t":1729064792000,"year":2024,"m":6.0,"mt":"Mw","d":10.0,"src":"ISC","era":"modern"}},{"type":"Feature","geometry":{"type":"Point","coordinates":[48.741,39.205]},"properties":{"id":"bml19240001","t":-1447434003000,"year":1924,"m":6.0,"mt":"Mw","d":35.0,"src":"ISCGEM","era":"early"}},{"type":"Feature","geometry":{"type":"Point","coordinates":[48.5,38.59]},"properties":{"id":"bml19240002","t":-1446569940000,"year":1924,"m":6.0,"mt":"Mw","d":0.0,"src":"EMME","era":"early"}},{"type":"Feature","geometry":{"type":"Point","coordinates":[49.042,32.587]},"properties":{"id":"bml19390003","t":-951745476000,"year":1939,"m":6.0,"mt":"Mw","d":15.0,"src":"ISCGEM","era":"early"}},{"type":"Feature","geometry":{"type":"Point","coordinates":[39.732,39.447]},"properties":{"id":"bml2003000u","t":1043645185000,"year":2003,"m":6.0,"mt":"Mw","d":14.8,"src":"ISCGEM","era":"modern"}},{"type":"Feature","geometry":{"type":"Point","coordinates":[41.043,37.898]},"properties":{"id":"bml20030032","t":1051748836000,"year":2003,"m":6.0,"mt":"Mw","d":0.0,"src":"ONUR2017","era":"modern"}},{"type":"Feature","geometry":{"type":"Point","coordinates":[40.033,38.787]},"properties":{"id":"bml2010008o","t":1268015554000,"year":2010,"m":6.1,"mt":"Mw","d":10.0,"src":"ISCGEM","era":"modern"}},{"type":"Feature","geometry":{"type":"Point","coordinates":[48.08,32.505]},"properties":{"id":"bml1977004m","t":234333907000,"year":1977,"m":6.1,"mt":"Mw","d":20.0,"src":"ISCGEM","era":"modern"}},{"type":"Feature","geometry":{"type":"Point","coordinates":[44.0,38.0]},"properties":{"id":"bml19080001","t":-1933176720000,"year":1908,"m":6.1,"mt":"Mw","d":0.0,"src":"EMME","era":"early"}},{"type":"Feature","geometry":{"type":"Point","coordinates":[45.9,36.1]},"properties":{"id":"bml11350001","t":-26332387200000,"year":1135,"m":6.1,"mt":"Mw","d":0.0,"src":"EMME","era":"historical"}},{"type":"Feature","geometry":{"type":"Point","coordinates":[47.8,39.3]},"properties":{"id":"bml18620001","t":-3377721600000,"year":1862,"m":6.1,"mt":"Mw","d":0.0,"src":"EMME","era":"historical"}},{"type":"Feature","geometry":{"type":"Point","coordinates":[48.6,38.2]},"properties":{"id":"bml18630001","t":-3345235200000,"year":1863,"m":6.1,"mt":"Mw","d":0.0,"src":"EMME","era":"historical"}},{"type":"Feature","geometry":{"type":"Point","coordinates":[45.738,33.989]},"properties":{"id":"bml19670004","t":-93789551000,"year":1967,"m":6.1,"mt":"Mw","d":35.0,"src":"ISCGEM","era":"modern"}},{"type":"Feature","geometry":{"type":"Point","coordinates":[40.3,39.5]},"properties":{"id":"bml1967000w","t":-76828020000,"year":1967,"m":6.1,"mt":"Mw","d":0.0,"src":"EMME","era":"modern"}},{"type":"Feature","geometry":{"type":"Point","coordinates":[47.974,38.144]},"properties":{"id":"bml1997000j","t":857134643000,"year":1997,"m":6.1,"mt":"Mw","d":30.0,"src":"ISCGEM","era":"modern"}},{"type":"Feature","geometry":{"type":"Point","coordinates":[48.773,33.564]},"properties":{"id":"bml200600av","t":1143767821000,"year":2006,"m":6.1,"mt":"Mw","d":10.0,"src":"ISCGEM","era":"modern"}},{"type":"Feature","geometry":{"type":"Point","coordinates":[49.68,32.112]},"properties":{"id":"bml1978002y","t":282467121000,"year":1978,"m":6.1,"mt":"Mw","d":20.0,"src":"ISCGEM","era":"modern"}},{"type":"Feature","geometry":{"type":"Point","coordinates":[44.657,35.955]},"properties":{"id":"bml19800027","t":345990856000,"year":1980,"m":6.1,"mt":"Mw","d":20.0,"src":"ISCGEM","era":"modern"}},{"type":"Feature","geometry":{"type":"Point","coordinates":[42.2,38.5]},"properties":{"id":"bml19140001","t":-1761541200000,"year":1914,"m":6.2,"mt":"Mw","d":0.0,"src":"EMME","era":"early"}},{"type":"Feature","geometry":{"type":"Point","coordinates":[49.701,32.214]},"properties":{"id":"bml19290001","t":-1276964147000,"year":1929,"m":6.2,"mt":"Mw","d":15.0,"src":"ISCGEM","era":"early"}},{"type":"Feature","geometry":{"type":"Point","coordinates":[49.4,33.5]},"properties":{"id":"bml13160001","t":-20637936000000,"year":1316,"m":6.2,"mt":"Mw","d":0.0,"src":"EMME","era":"historical"}},{"type":"Feature","geometry":{"type":"Point","coordinates":[42.35,38.72]},"properties":{"id":"bml16690001","t":-9498297600000,"year":1669,"m":6.2,"mt":"Mw","d":0.0,"src":"EMME","era":"historical"}},{"type":"Feature","geometry":{"type":"Point","coordinates":[42.35,38.72]},"properties":{"id":"bml16820001","t":-9076406400000,"year":1682,"m":6.2,"mt":"Mw","d":0.0,"src":"EMME","era":"historical"}},{"type":"Feature","geometry":{"type":"Point","coordinates":[47.2,37.9]},"properties":{"id":"bml18830001","t":-2734905600000,"year":1883,"m":6.2,"mt":"Mw","d":0.0,"src":"EMME","era":"historical"}},{"type":"Feature","geometry":{"type":"Point","coordinates":[42.5,39.1]},"properties":{"id":"bml18910001","t":-2485036800000,"year":1891,"m":6.2,"mt":"Mw","d":0.0,"src":"EMME","era":"historical"}},{"type":"Feature","geometry":{"type":"Point","coordinates":[42.5,39.1]},"properties":{"id":"bml19030003","t":-2104186440000,"year":1903,"m":6.2,"mt":"Mw","d":0.0,"src":"EMME","era":"early"}},{"type":"Feature","geometry":{"type":"Point","coordinates":[46.0,38.0]},"properties":{"id":"bml19050001","t":-2050508580000,"year":1905,"m":6.2,"mt":"Mw","d":0.0,"src":"EMME","era":"early"}},{"type":"Feature","geometry":{"type":"Point","coordinates":[44.5,38.4]},"properties":{"id":"bml1930000b","t":-1251329100000,"year":1930,"m":6.2,"mt":"Mw","d":0.0,"src":"ONUR2017","era":"early"}},{"type":"Feature","geometry":{"type":"Point","coordinates":[38.8,37.1]},"properties":{"id":"bml10030001","t":-30508790400000,"year":1003,"m":6.2,"mt":"Mw","d":0.0,"src":"EMME","era":"historical"}},{"type":"Feature","geometry":{"type":"Point","coordinates":[43.4,38.5]},"properties":{"id":"bml17010001","t":-8483184000000,"year":1701,"m":6.2,"mt":"Mw","d":0.0,"src":"EMME","era":"historical"}},{"type":"Feature","geometry":{"type":"Point","coordinates":[39.2,38.65]},"properties":{"id":"bml18740001","t":-3018902400000,"year":1874,"m":6.2,"mt":"Mw","d":0.0,"src":"EMME","era":"historical"}},{"type":"Feature","geometry":{"type":"Point","coordinates":[39.5,38.5]},"properties":{"id":"bml18750002","t":-2990563200000,"year":1875,"m":6.2,"mt":"Mw","d":0.0,"src":"EMME","era":"historical"}},{"type":"Feature","geometry":{"type":"Point","coordinates":[42.6,37.8]},"properties":{"id":"bml18840001","t":-2710454400000,"year":1884,"m":6.2,"mt":"Mw","d":0.0,"src":"EMME","era":"historical"}},{"type":"Feature","geometry":{"type":"Point","coordinates":[45.059,38.444]},"properties":{"id":"bml1930000e","t":-1251275072000,"year":1930,"m":6.2,"mt":"Mw","d":15.0,"src":"ISCGEM","era":"early"}},{"type":"Feature","geometry":{"type":"Point","coordinates":[47.712,32.705]},"properties":{"id":"bml2014000x","t":1408329125000,"year":2014,"m":6.2,"mt":"Mw","d":12.9,"src":"ISC","era":"modern"}},{"type":"Feature","geometry":{"type":"Point","coordinates":[41.094,39.438]},"properties":{"id":"bml1966001o","t":-106228846000,"year":1966,"m":6.2,"mt":"Mw","d":25.0,"src":"ISCGEM","era":"modern"}},{"type":"Feature","geometry":{"type":"Point","coordinates":[40.7,39.16]},"properties":{"id":"bml1966001i","t":-106271897000,"year":1966,"m":6.3,"mt":"Mw","d":33.0,"src":"ONUR2017","era":"modern"}},{"type":"Feature","geometry":{"type":"Point","coordinates":[45.756,34.378]},"properties":{"id":"bml2018003o","t":1543163852000,"year":2018,"m":6.3,"mt":"Mw","d":17.3,"src":"ISC","era":"modern"}},{"type":"Feature","geometry":{"type":"Point","coordinates":[48.996,37.684]},"properties":{"id":"bml1978002f","t":279040939000,"year":1978,"m":6.3,"mt":"Mw","d":20.0,"src":"ISCGEM","era":"modern"}},{"type":"Feature","geometry":{"type":"Point","coordinates":[40.395,38.952]},"properties":{"id":"bml20030031","t":1051748827000,"year":2003,"m":6.3,"mt":"Mw","d":15.0,"src":"ISCGEM","era":"modern"}},{"type":"Feature","geometry":{"type":"Point","coordinates":[46.769,38.387]},"properties":{"id":"bml2012002l","t":1344688475000,"year":2012,"m":6.3,"mt":"Mw","d":10.0,"src":"ISCGEM","era":"modern"}},{"type":"Feature","geometry":{"type":"Point","coordinates":[44.7,34.3]},"properties":{"id":"bml10580001","t":-28750399200000,"year":1058,"m":6.4,"mt":"Mw","d":0.0,"src":"EMME","era":"historical"}},{"type":"Feature","geometry":{"type":"Point","coordinates":[45.9,36.1]},"properties":{"id":"bml11350002","t":-26330659200000,"year":1135,"m":6.4,"mt":"Mw","d":0.0,"src":"EMME","era":"historical"}},{"type":"Feature","geometry":{"type":"Point","coordinates":[45.9,33.2]},"properties":{"id":"bml18640001","t":-3315600000000,"year":1864,"m":6.4,"mt":"Mw","d":0.0,"src":"EMME","era":"historical"}},{"type":"Feature","geometry":{"type":"Point","coordinates":[45.923,39.389]},"properties":{"id":"bml19310006","t":-1220684954000,"year":1931,"m":6.4,"mt":"Mw","d":15.0,"src":"ISCGEM","era":"early"}},{"type":"Feature","geometry":{"type":"Point","coordinates":[46.835,38.363]},"properties":{"id":"bml2012002j","t":1344687797000,"year":2012,"m":6.5,"mt":"Mw","d":10.0,"src":"ISCGEM","era":"modern"}},{"type":"Feature","geometry":{"type":"Point","coordinates":[47.748,34.388]},"properties":{"id":"bml19570009","t":-380326495000,"year":1957,"m":6.5,"mt":"Mw","d":15.0,"src":"ISCGEM","era":"early"}},{"type":"Feature","geometry":{"type":"Point","coordinates":[49.9,35.7]},"properties":{"id":"bml11190001","t":-26825385600000,"year":1119,"m":6.5,"mt":"Mw","d":0.0,"src":"EMME","era":"historical"}},{"type":"Feature","geometry":{"type":"Point","coordinates":[46.0,35.3]},"properties":{"id":"bml12260001","t":-23450580000000,"year":1226,"m":6.5,"mt":"Mw","d":0.0,"src":"EMME","era":"historical"}},{"type":"Feature","geometry":{"type":"Point","coordinates":[50.0,37.2]},"properties":{"id":"bml16780001","t":-9211708800000,"year":1678,"m":6.5,"mt":"Mw","d":0.0,"src":"EMME","era":"historical"}},{"type":"Feature","geometry":{"type":"Point","coordinates":[46.0,39.2]},"properties":{"id":"bml19310004","t":-1220745600000,"year":1931,"m":6.5,"mt":"Mw","d":22.0,"src":"EMME","era":"early"}},{"type":"Feature","geometry":{"type":"Point","coordinates":[48.952,35.561]},"properties":{"id":"bml2002003q","t":1024714703000,"year":2002,"m":6.5,"mt":"Mw","d":10.0,"src":"ISCGEM","era":"modern"}},{"type":"Feature","geometry":{"type":"Point","coordinates":[49.022,38.063]},"properties":{"id":"bml1980000p","t":326313321000,"year":1980,"m":6.5,"mt":"Mw","d":30.0,"src":"ISCGEM","era":"modern"}},{"type":"Feature","geometry":{"type":"Point","coordinates":[44.1,36.5]},"properties":{"id":"bml11790001","t":-24951304800000,"year":1179,"m":6.6,"mt":"Mw","d":0.0,"src":"EMME","era":"historical"}},{"type":"Feature","geometry":{"type":"Point","coordinates":[43.5,38.3]},"properties":{"id":"bml16480001","t":-10153537200000,"year":1648,"m":6.6,"mt":"Mw","d":0.0,"src":"EMME","era":"historical"}},{"type":"Feature","geometry":{"type":"Point","coordinates":[42.11,38.4]},"properties":{"id":"bml16960002","t":-8632656000000,"year":1696,"m":6.6,"mt":"Mw","d":0.0,"src":"EMME","era":"historical"}},{"type":"Feature","geometry":{"type":"Point","coordinates":[43.5,38.4]},"properties":{"id":"bml17150001","t":-8041312800000,"year":1715,"m":6.6,"mt":"Mw","d":0.0,"src":"EMME","era":"historical"}},{"type":"Feature","geometry":{"type":"Point","coordinates":[40.694,38.503]},"properties":{"id":"bml1975000u","t":179227213000,"year":1975,"m":6.6,"mt":"Mw","d":30.0,"src":"ISCGEM","era":"modern"}},{"type":"Feature","geometry":{"type":"Point","coordinates":[39.148,38.299]},"properties":{"id":"bml20200006","t":1579888515000,"year":2020,"m":6.7,"mt":"MS","d":12.3,"src":"ISC","era":"modern"}},{"type":"Feature","geometry":{"type":"Point","coordinates":[45.5,38.5]},"properties":{"id":"bml13040001","t":-20990102400000,"year":1304,"m":6.7,"mt":"Mw","d":0.0,"src":"EMME","era":"historical"}},{"type":"Feature","geometry":{"type":"Point","coordinates":[47.9,37.8]},"properties":{"id":"bml18790001","t":-2864764800000,"year":1879,"m":6.7,"mt":"Mw","d":0.0,"src":"EMME","era":"historical"}},{"type":"Feature","geometry":{"type":"Point","coordinates":[48.4,37.8]},"properties":{"id":"bml18960001","t":-2334960000000,"year":1896,"m":6.7,"mt":"Mw","d":0.0,"src":"EMME","era":"historical"}},{"type":"Feature","geometry":{"type":"Point","coordinates":[47.867,34.29]},"properties":{"id":"bml1958000a","t":-359009171000,"year":1958,"m":6.7,"mt":"Mw","d":15.0,"src":"ISCGEM","era":"early"}},{"type":"Feature","geometry":{"type":"Point","coordinates":[38.7,38.4]},"properties":{"id":"bml18930001","t":-2424643200000,"year":1893,"m":6.8,"mt":"Mw","d":0.0,"src":"EMME","era":"historical"}},{"type":"Feature","geometry":{"type":"Point","coordinates":[38.6,38.1]},"properties":{"id":"bml19050003","t":-2022080160000,"year":1905,"m":6.8,"mt":"Mw","d":0.0,"src":"EMME","era":"early"}},{"type":"Feature","geometry":{"type":"Point","coordinates":[47.2,33.2]},"properties":{"id":"bml08720001","t":-34634563200000,"year":872,"m":6.8,"mt":"Mw","d":0.0,"src":"EMME","era":"historical"}},{"type":"Feature","geometry":{"type":"Point","coordinates":[45.7,33.6]},"properties":{"id":"bml11300001","t":-26502876000000,"year":1130,"m":6.8,"mt":"Mw","d":0.0,"src":"EMME","era":"historical"}},{"type":"Feature","geometry":{"type":"Point","coordinates":[42.5,38.7]},"properties":{"id":"bml12080001","t":-24042614400000,"year":1208,"m":6.8,"mt":"Mw","d":0.0,"src":"EMME","era":"historical"}},{"type":"Feature","geometry":{"type":"Point","coordinates":[46.1,37.9]},"properties":{"id":"bml16410001","t":-10379145600000,"year":1641,"m":6.8,"mt":"Mw","d":0.0,"src":"EMME","era":"historical"}},{"type":"Feature","geometry":{"type":"Point","coordinates":[41.7,38.7]},"properties":{"id":"bml17050001","t":-8360323200000,"year":1705,"m":6.8,"mt":"Mw","d":0.0,"src":"EMME","era":"historical"}},{"type":"Feature","geometry":{"type":"Point","coordinates":[42.1,38.4]},"properties":{"id":"bml18570001","t":-3557433600000,"year":1857,"m":6.8,"mt":"Mw","d":0.0,"src":"EMME","era":"historical"}},{"type":"Feature","geometry":{"type":"Point","coordinates":[38.6,38.3]},"properties":{"id":"bml19050002","t":-2022104375000,"year":1905,"m":6.8,"mt":"Mw","d":60.0,"src":"ONUR2017","era":"early"}},{"type":"Feature","geometry":{"type":"Point","coordinates":[38.645,38.153]},"properties":{"id":"bml19050004","t":-2022080069000,"year":1905,"m":6.8,"mt":"Mw","d":10.0,"src":"USGS","era":"early"}},{"type":"Feature","geometry":{"type":"Point","coordinates":[41.0,39.1]},"properties":{"id":"bml19540002","t":-497488327000,"year":1954,"m":6.8,"mt":"M","d":null,"src":"ONUR2017","era":"early"}},{"type":"Feature","geometry":{"type":"Point","coordinates":[41.572,39.235]},"properties":{"id":"bml1966001c","t":-106313867000,"year":1966,"m":6.8,"mt":"Mw","d":24.7,"src":"ISCGEM","era":"modern"}},{"type":"Feature","geometry":{"type":"Point","coordinates":[40.653,38.934]},"properties":{"id":"bml1971000g","t":43778642000,"year":1971,"m":6.9,"mt":"Mw","d":10.0,"src":"ISCGEM","era":"modern"}},{"type":"Feature","geometry":{"type":"Point","coordinates":[47.4,34.6]},"properties":{"id":"bml10080001","t":-30347676000000,"year":1008,"m":6.9,"mt":"Mw","d":0.0,"src":"EMME","era":"historical"}},{"type":"Feature","geometry":{"type":"Point","coordinates":[48.0,37.4]},"properties":{"id":"bml18440001","t":-3964723200000,"year":1844,"m":6.9,"mt":"Mw","d":0.0,"src":"EMME","era":"historical"}},{"type":"Feature","geometry":{"type":"Point","coordinates":[43.0,38.0]},"properties":{"id":"bml18710001","t":-3117657600000,"year":1871,"m":6.9,"mt":"Mw","d":0.0,"src":"EMME","era":"historical"}},{"type":"Feature","geometry":{"type":"Point","coordinates":[43.3,38.5]},"properties":{"id":"bml18810001","t":-2795644800000,"year":1881,"m":6.9,"mt":"Mw","d":0.0,"src":"EMME","era":"historical"}},{"type":"Feature","geometry":{"type":"Point","coordinates":[40.6,39.5]},"properties":{"id":"bml19490004","t":-642986147000,"year":1949,"m":6.9,"mt":"Mw","d":null,"src":"ONUR2017","era":"early"}},{"type":"Feature","geometry":{"type":"Point","coordinates":[40.8,39.4]},"properties":{"id":"bml19490005","t":-642921340000,"year":1949,"m":6.9,"mt":"Mw","d":0.0,"src":"EMME","era":"early"}},{"type":"Feature","geometry":{"type":"Point","coordinates":[42.6,39.1]},"properties":{"id":"bml19030002","t":-2104269660000,"year":1903,"m":7.0,"mt":"Mw","d":0.0,"src":"ONUR2017","era":"early"}},{"type":"Feature","geometry":{"type":"Point","coordinates":[49.88,35.58]},"properties":{"id":"bml1962000g","t":-231464360000,"year":1962,"m":7.0,"mt":"Mw","d":29.0,"src":"ONUR2017","era":"early"}},{"type":"Feature","geometry":{"type":"Point","coordinates":[49.843,35.656]},"properties":{"id":"bml1962000h","t":-231395958000,"year":1962,"m":7.0,"mt":"Mw","d":15.0,"src":"ISCGEM","era":"early"}},{"type":"Feature","geometry":{"type":"Point","coordinates":[44.03,39.058]},"properties":{"id":"bml1976001p","t":217686137000,"year":1976,"m":7.0,"mt":"Mw","d":10.0,"src":"ISCGEM","era":"modern"}},{"type":"Feature","geometry":{"type":"Point","coordinates":[42.63,38.82]},"properties":{"id":"bml12750001","t":-21908275200000,"year":1275,"m":7.1,"mt":"Mw","d":0.0,"src":"EMME","era":"historical"}},{"type":"Feature","geometry":{"type":"Point","coordinates":[43.9,39.1]},"properties":{"id":"bml16960001","t":-8637580800000,"year":1696,"m":7.1,"mt":"Mw","d":0.0,"src":"EMME","era":"historical"}},{"type":"Feature","geometry":{"type":"Point","coordinates":[44.797,38.094]},"properties":{"id":"bml19300007","t":-1251422733000,"year":1930,"m":7.1,"mt":"Mw","d":15.0,"src":"ISCGEM","era":"early"}},{"type":"Feature","geometry":{"type":"Point","coordinates":[43.475,38.712]},"properties":{"id":"bml201101ol","t":1319366483000,"year":2011,"m":7.1,"mt":"Mw","d":15.0,"src":"ISCGEM","era":"modern"}},{"type":"Feature","geometry":{"type":"Point","coordinates":[41.0,39.2]},"properties":{"id":"bml18660001","t":-3270585600000,"year":1866,"m":7.2,"mt":"Mw","d":0.0,"src":"EMME","era":"historical"}},{"type":"Feature","geometry":{"type":"Point","coordinates":[50.5,36.7]},"properties":{"id":"bml14850001","t":-15285542400000,"year":1485,"m":7.2,"mt":"Mw","d":0.0,"src":"EMME","era":"historical"}},{"type":"Feature","geometry":{"type":"Point","coordinates":[50.396,34.306]},"properties":{"id":"bml19090006","t":-1923081090000,"year":1909,"m":7.3,"mt":"Mw","d":15.0,"src":"USGS","era":"early"}},{"type":"Feature","geometry":{"type":"Point","coordinates":[49.282,37.074]},"properties":{"id":"bml1990000z","t":645915614000,"year":1990,"m":7.4,"mt":"Mw","d":15.0,"src":"ISCGEM","era":"modern"}},{"type":"Feature","geometry":{"type":"Point","coordinates":[49.13,33.41]},"properties":{"id":"bml19090001","t":-1923088320000,"year":1909,"m":7.4,"mt":"Mw","d":0.0,"src":"ONUR2017","era":"early"}},{"type":"Feature","geometry":{"type":"Point","coordinates":[45.878,34.868]},"properties":{"id":"bml2017000s","t":1510510697000,"year":2017,"m":7.4,"mt":"Mw","d":20.1,"src":"ISC","era":"modern"}},{"type":"Feature","geometry":{"type":"Point","coordinates":[40.2,39.5]},"properties":{"id":"bml17840001","t":-5852390400000,"year":1784,"m":7.5,"mt":"Mw","d":0.0,"src":"EMME","era":"historical"}},{"type":"Feature","geometry":{"type":"Point","coordinates":[43.9,39.5]},"properties":{"id":"bml18400001","t":-4086565200000,"year":1840,"m":7.5,"mt":"Mw","d":0.0,"src":"EMME","era":"historical"}},{"type":"Feature","geometry":{"type":"Point","coordinates":[46.3,38.1]},"properties":{"id":"bml10420001","t":-29258323200000,"year":1042,"m":7.6,"mt":"Mw","d":0.0,"src":"EMME","era":"historical"}},{"type":"Feature","geometry":{"type":"Point","coordinates":[50.5,36.4]},"properties":{"id":"bml16080001","t":-11414131200000,"year":1608,"m":7.6,"mt":"Mw","d":0.0,"src":"EMME","era":"historical"}},{"type":"Feature","geometry":{"type":"Point","coordinates":[46.0,38.2]},"properties":{"id":"bml17800001","t":-5995209600000,"year":1780,"m":7.6,"mt":"Mw","d":0.0,"src":"EMME","era":"historical"}},{"type":"Feature","geometry":{"type":"Point","coordinates":[46.7,37.9]},"properties":{"id":"bml17210001","t":-7847712000000,"year":1721,"m":7.7,"mt":"Mw","d":0.0,"src":"EMME","era":"historical"}}]}